customerID,gender,SeniorCitizen,Partner,Dependents,tenure,PhoneService,MultipleLines,InternetService,OnlineSecurity,OnlineBackup,DeviceProtection,TechSupport,StreamingTV,StreamingMovies,Contract,PaperlessBilling,PaymentMethod,MonthlyCharges,TotalCharges,Churn
GTOK-7469,Male,0,Yes,No,3,No,No phone service,DSL,No,Yes,No,No,No,Yes,Two year,Yes,Electronic check,27.26,85.52,No
SWKK-7437,Male,0,No,No,48,Yes,No,DSL,No,Yes,Yes,Yes,Yes,No,One year,Yes,Mailed check,32.15,1530.78,No
XCVU-1751,Female,1,No,No,43,Yes,No,Fiber optic,Yes,Yes,Yes,Yes,No,Yes,Month-to-month,No,Electronic check,90.64,3897.84,No
UALZ-5809,Male,0,Yes,No,28,Yes,Yes,DSL,Yes,No,Yes,Yes,Yes,Yes,One year,Yes,Bank transfer (automatic),73.68,2064.17,No
POOS-6382,Female,0,No,Yes,25,Yes,Yes,DSL,No,Yes,No,No,No,No,Month-to-month,No,Bank transfer (automatic),35.13,886.95,No
ESGU-8613,Male,0,No,Yes,60,No,No phone service,Fiber optic,No,No,No,No,No,Yes,Month-to-month,Yes,Electronic check,101.54,6087.35,No
YNRZ-8941,Male,0,Yes,No,39,Yes,Yes,Fiber optic,No,No,Yes,Yes,Yes,No,Month-to-month,Yes,Mailed check,98.64,3841.98,No
TOGL-7203,Female,0,Yes,No,18,Yes,No,DSL,Yes,No,Yes,No,Yes,No,Two year,Yes,Mailed check,46.63,840.42,No
RHDB-5593,Female,0,No,Yes,13,Yes,Yes,Fiber optic,No,No,No,Yes,No,No,Month-to-month,No,Mailed check,98.48,1278.75,No
VRZL-1937,Female,0,Yes,No,34,Yes,No,Fiber optic,Yes,No,Yes,No,No,No,Month-to-month,Yes,Electronic check,100.92,3431.12,Yes
NWYH-4147,Female,0,Yes,No,18,Yes,Yes,Fiber optic,Yes,No,Yes,No,Yes,Yes,Month-to-month,No,Electronic check,93.16,1684.7,Yes
ZYMI-0868,Female,0,No,No,2,Yes,Yes,No,No internet service,No internet service,No internet service,No internet service,No internet service,No internet service,Month-to-month,No,Electronic check,23.45,47.88,No
XALH-7207,Female,0,Yes,No,49,Yes,Yes,No,No internet service,No internet service,No internet service,No internet service,No internet service,No internet service,Month-to-month,Yes,Electronic check,19.92,971.41,No
CCAE-9698,Male,0,Yes,No,11,Yes,No,DSL,No,No,No,Yes,No,No,Month-to-month,No,Electronic check,73.4,805.0,No
GIHL-1066,Male,0,Yes,Yes,53,Yes,No,Fiber optic,Yes,Yes,Yes,Yes,Yes,No,One year,Yes,Credit card (automatic),93.41,4942.95,No
XECL-7520,Female,1,Yes,No,64,Yes,Yes,Fiber optic,No,Yes,No,No,No,Yes,Month-to-month,Yes,Electronic check,107.57,6876.2,No
CEON-2049,Male,0,Yes,Yes,9,Yes,No,Fiber optic,No,No,No,Yes,No,No,Two year,Yes,Electronic check,63.63,566.97,No
WNGI-9926,Male,1,Yes,No,26,No,No phone service,DSL,Yes,Yes,No,No,Yes,Yes,Month-to-month,No,Mailed check,67.42,1749.1,Yes
QTDE-6636,Female,0,No,No,67,Yes,No,DSL,Yes,Yes,No,No,Yes,No,Month-to-month,No,Bank transfer (automatic),32.95,2217.56,No
SVBJ-8453,Male,0,No,No,20,No,No phone service,DSL,Yes,No,No,No,No,No,Two year,Yes,Credit card (automatic),44.62,889.23,No
KZWY-6008,Female,0,Yes,No,19,Yes,No,Fiber optic,Yes,Yes,Yes,No,Yes,No,One year,Yes,Mailed check,91.08,1732.83,No
YTMI-2657,Female,0,Yes,Yes,16,Yes,No,DSL,No,No,No,No,No,No,Month-to-month,Yes,Electronic check,40.48,650.07,No
IEAS-9757,Female,0,Yes,No,45,No,No phone service,Fiber optic,Yes,No,No,No,Yes,No,Two year,Yes,Mailed check,67.72,3047.53,No
ITQQ-9361,Female,0,Yes,No,33,Yes,No,DSL,Yes,No,No,Yes,No,Yes,Month-to-month,Yes,Bank transfer (automatic),72.31,2384.0,No
CQEQ-7001,Female,0,No,No,9,Yes,No,No,No internet service,No internet service,No internet service,No internet service,No internet service,No internet service,One year,Yes,Credit card (automatic),29.3,264.49,No
BVWE-0021,Female,0,No,No,19,Yes,No,Fiber optic,No,No,No,No,No,Yes,Month-to-month,No,Credit card (automatic),89.28,1694.16,Yes
ULZF-6367,Female,0,Yes,No,63,Yes,No,DSL,Yes,Yes,Yes,Yes,Yes,No,One year,Yes,Mailed check,53.14,3351.79,No
QFXE-3155,Female,0,Yes,Yes,61,No,No phone service,DSL,Yes,No,Yes,Yes,No,No,One year,No,Mailed check,51.19,3116.96,No
KPPA-8523,Male,1,No,No,38,Yes,No,Fiber optic,No,Yes,No,No,Yes,Yes,Month-to-month,Yes,Electronic check,100.08,3804.66,No
DSZC-2363,Female,0,No,No,61,No,No phone service,DSL,No,No,No,Yes,Yes,No,Month-to-month,No,Mailed check,61.5,3756.41,No
IAHG-1708,Male,0,Yes,No,11,No,No phone service,DSL,Yes,No,Yes,No,No,Yes,One year,No,Mailed check,73.34,811.5,No
YRWJ-2698,Female,1,No,Yes,23,Yes,No,DSL,No,Yes,No,No,Yes,No,Month-to-month,No,Mailed check,31.05,716.82,Yes
TQBA-4468,Male,0,Yes,Yes,52,Yes,No,No,No internet service,No internet service,No internet service,No internet service,No internet service,No internet service,Month-to-month,Yes,Credit card (automatic),24.84,1291.11,No
ICSP-2375,Female,0,Yes,No,32,Yes,No,Fiber optic,No,Yes,No,Yes,No,No,Two year,No,Electronic check,65.93,2122.65,No
XAXT-0735,Female,0,Yes,No,68,Yes,Yes,DSL,No,No,No,Yes,No,Yes,Two year,No,Credit card (automatic),47.91,3255.61,No
HTCP-8281,Male,0,Yes,No,72,Yes,No,DSL,No,No,Yes,Yes,No,No,Two year,No,Credit card (automatic),68.0,4895.72,No
NRBV-2830,Male,0,Yes,Yes,45,Yes,Yes,Fiber optic,No,Yes,No,No,Yes,Yes,Month-to-month,No,Mailed check,46.09,2082.92,No
DANU-3776,Female,0,No,No,6,Yes,No,DSL,No,Yes,No,No,No,No,Month-to-month,No,Bank transfer (automatic),72.05,431.59,No
CQAP-2565,Female,0,Yes,Yes,42,Yes,No,DSL,No,Yes,Yes,Yes,Yes,No,Two year,Yes,Credit card (automatic),43.1,1800.92,No
NFFM-2571,Male,0,Yes,No,6,Yes,No,DSL,No,Yes,Yes,No,No,Yes,Month-to-month,No,Credit card (automatic),46.44,,No
UAOA-4232,Female,1,Yes,Yes,60,Yes,Yes,DSL,Yes,No,No,No,No,No,Two year,Yes,Bank transfer (automatic),42.41,2549.85,No
QQLN-4528,Male,1,Yes,No,31,Yes,No,No,No internet service,No internet service,No internet service,No internet service,No internet service,No internet service,Month-to-month,No,Credit card (automatic),20.28,624.25,No
EXQN-4203,Female,0,No,Yes,58,Yes,No,DSL,No,No,No,No,Yes,No,Two year,Yes,Credit card (automatic),49.07,2844.32,No
UWAC-1895,Female,0,Yes,No,29,Yes,Yes,DSL,Yes,No,No,Yes,Yes,No,Month-to-month,Yes,Electronic check,54.74,1593.8,Yes
ZCHN-7156,Male,0,No,No,3,Yes,Yes,Fiber optic,No,No,Yes,No,No,Yes,Month-to-month,Yes,Mailed check,48.83,148.53,Yes
BJBZ-0708,Female,0,No,Yes,33,No,No phone service,DSL,No,No,No,Yes,Yes,No,Two year,Yes,Electronic check,66.32,2189.8,No
KVPG-9692,Female,0,Yes,No,8,Yes,No,No,No internet service,No internet service,No internet service,No internet service,No internet service,No internet service,One year,No,Mailed check,19.85,155.44,No
RYXM-9683,Female,0,No,Yes,59,Yes,Yes,No,No internet service,No internet service,No internet service,No internet service,No internet service,No internet service,Two year,No,Electronic check,22.91,1356.18,No
MTAH-2611,Male,0,Yes,No,23,Yes,No,Fiber optic,Yes,No,Yes,No,Yes,No,Month-to-month,No,Mailed check,81.48,1878.08,Yes
WVSY-9599,Female,0,Yes,No,54,Yes,No,No,No internet service,No internet service,No internet service,No internet service,No internet service,No internet service,Two year,Yes,Electronic check,27.28,1479.38,No
VQTJ-5540,Male,0,Yes,No,28,Yes,No,DSL,No,No,Yes,Yes,No,Yes,Month-to-month,Yes,Credit card (automatic),47.88,1340.58,No
HULL-4635,Male,0,Yes,No,53,Yes,No,DSL,Yes,No,Yes,Yes,Yes,No,Month-to-month,No,Credit card (automatic),50.45,2669.32,No
MTOC-6731,Male,0,Yes,No,50,Yes,No,No,No internet service,No internet service,No internet service,No internet service,No internet service,No internet service,Two year,Yes,Electronic check,28.59,1428.02,No
JSQX-2969,Male,0,No,No,21,Yes,Yes,Fiber optic,Yes,No,Yes,No,No,No,One year,No,Bank transfer (automatic),87.47,1839.86,No
EZUW-8409,Female,0,No,Yes,19,Yes,Yes,Fiber optic,Yes,No,No,No,Yes,No,Two year,Yes,Electronic check,90.16,1710.85,No
ZAOB-5874,Male,0,Yes,Yes,36,Yes,Yes,DSL,Yes,No,No,No,No,No,Month-to-month,No,Electronic check,30.61,1101.03,No
APGE-5629,Male,0,No,No,50,Yes,Yes,Fiber optic,No,No,No,No,No,No,Two year,Yes,Electronic check,98.59,4932.31,No
PSEV-8403,Female,0,Yes,No,72,Yes,No,DSL,No,Yes,Yes,No,No,No,Month-to-month,No,Credit card (automatic),25.93,1871.69,No
ELPZ-9463,Female,0,No,No,49,Yes,Yes,DSL,No,Yes,Yes,No,Yes,No,One year,Yes,Electronic check,27.84,1372.57,No
AEWZ-9543,Male,0,No,No,65,Yes,Yes,Fiber optic,No,No,Yes,No,Yes,No,Month-to-month,No,Electronic check,106.31,6912.88,No
BTJZ-2907,Male,0,Yes,No,61,No,No phone service,DSL,No,Yes,No,Yes,Yes,No,Month-to-month,Yes,Electronic check,25.17,1528.91,No
EMDP-7610,Female,0,No,No,43,No,No phone service,Fiber optic,Yes,No,Yes,Yes,Yes,No,Month-to-month,No,Mailed check,56.12,2419.3,No
TXLR-2002,Female,0,No,Yes,22,Yes,No,DSL,No,No,No,Yes,No,No,Month-to-month,No,Electronic check,68.2,1502.85,No
KELC-0079,Female,0,Yes,No,10,Yes,No,No,No internet service,No internet service,No internet service,No internet service,No internet service,No internet service,Month-to-month,Yes,Mailed check,27.68,283.0,Yes
KLML-1212,Male,1,Yes,No,53,Yes,No,No,No internet service,No internet service,No internet service,No internet service,No internet service,No internet service,Month-to-month,Yes,Electronic check,29.09,1547.29,No
WQZH-9991,Male,0,Yes,No,54,No,No phone service,Fiber optic,Yes,No,No,No,No,No,Two year,Yes,Electronic check,91.46,4950.13,No
SIGD-9417,Male,1,Yes,No,60,Yes,No,DSL,Yes,Yes,Yes,Yes,No,Yes,Month-to-month,No,Electronic check,42.39,2546.99,No
DYUY-3948,Female,0,No,No,51,Yes,No,Fiber optic,No,No,Yes,No,Yes,No,Month-to-month,Yes,Bank transfer (automatic),69.18,3526.54,No
XCQC-3106,Male,0,No,No,21,Yes,No,No,No internet service,No internet service,No internet service,No internet service,No internet service,No internet service,One year,Yes,Credit card (automatic),21.34,445.94,No
XWEL-0668,Male,0,No,No,2,Yes,No,Fiber optic,No,No,No,No,Yes,Yes,Month-to-month,Yes,Electronic check,56.04,105.5,Yes
CIQQ-3852,Female,0,Yes,No,64,Yes,Yes,Fiber optic,Yes,No,No,Yes,No,Yes,Two year,Yes,Electronic check,47.61,3046.69,No
QDLI-2863,Male,0,Yes,No,57,Yes,No,DSL,No,No,No,Yes,No,Yes,One year,Yes,Credit card (automatic),67.97,3883.36,No
SZOP-4428,Female,1,Yes,No,42,No,No phone service,Fiber optic,Yes,No,Yes,No,No,No,Month-to-month,Yes,Bank transfer (automatic),58.37,2446.95,No
TUDU-6864,Female,0,No,Yes,60,Yes,Yes,DSL,No,No,No,No,No,Yes,Two year,Yes,Bank transfer (automatic),54.84,3305.41,No
JZGN-9426,Female,0,No,No,52,Yes,No,Fiber optic,No,No,Yes,Yes,No,No,Two year,Yes,Electronic check,77.85,4051.55,No
KKRO-8990,Female,0,No,No,32,Yes,No,DSL,Yes,Yes,No,No,Yes,No,Month-to-month,No,Mailed check,70.17,2246.67,No
FGNM-7981,Male,0,No,Yes,24,Yes,Yes,DSL,Yes,No,Yes,Yes,Yes,No,Month-to-month,No,Bank transfer (automatic),73.92,1780.75,No
ZBEE-5270,Male,0,Yes,No,49,No,No phone service,No,No internet service,No internet service,No internet service,No internet service,No internet service,No internet service,Month-to-month,No,Electronic check,20.59,1004.55,No
VTQG-8335,Female,0,Yes,Yes,46,Yes,No,Fiber optic,No,No,No,No,No,No,One year,Yes,Electronic check,77.27,3548.84,No
SLVG-9926,Male,0,Yes,No,57,No,No phone service,Fiber optic,No,No,Yes,Yes,Yes,No,Month-to-month,Yes,Credit card (automatic),103.98,5932.14,No
CMMR-9378,Male,0,No,No,65,Yes,No,Fiber optic,No,Yes,No,No,No,Yes,Month-to-month,Yes,Electronic check,75.57,4913.97,Yes
GACM-8087,Female,0,No,No,12,Yes,Yes,Fiber optic,Yes,Yes,Yes,No,Yes,Yes,Month-to-month,Yes,Bank transfer (automatic),53.56,650.99,No
AFUF-9454,Male,0,Yes,No,41,Yes,No,Fiber optic,No,Yes,No,No,No,No,Month-to-month,Yes,Mailed check,73.63,3024.96,No
KEDC-2381,Female,0,No,No,14,Yes,No,Fiber optic,No,No,Yes,Yes,No,Yes,Two year,Yes,Bank transfer (automatic),52.87,739.19,No
OIQN-0455,Male,0,No,No,5,Yes,No,DSL,No,No,No,Yes,No,Yes,Two year,Yes,Electronic check,73.38,372.24,No
CPWY-9757,Male,0,Yes,No,41,Yes,No,DSL,Yes,Yes,Yes,No,Yes,No,Two year,Yes,Electronic check,37.43,1535.81,No
UHZD-9791,Female,0,No,No,34,Yes,No,DSL,No,Yes,No,No,Yes,No,One year,No,Electronic check,68.37,2325.99,No
EIDV-0804,Female,0,No,No,5,Yes,No,Fiber optic,Yes,Yes,Yes,No,No,Yes,Two year,No,Credit card (automatic),61.25,310.54,No
TMPM-2512,Female,0,Yes,No,17,Yes,No,No,No internet service,No internet service,No internet service,No internet service,No internet service,No internet service,Two year,No,Credit card (automatic),26.66,464.27,No
EOYB-9714,Male,0,No,No,42,Yes,Yes,No,No internet service,No internet service,No internet service,No internet service,No internet service,No internet service,Month-to-month,No,Bank transfer (automatic),21.13,884.98,No
WXAV-0104,Male,0,No,No,19,Yes,No,Fiber optic,No,Yes,Yes,Yes,Yes,Yes,Month-to-month,No,Electronic check,59.06,1119.59,Yes
ZYVQ-0182,Male,0,Yes,No,52,No,No phone service,DSL,No,Yes,No,No,No,No,Month-to-month,Yes,Mailed check,73.69,3834.75,No
AUPW-5044,Female,0,Yes,No,47,Yes,Yes,DSL,No,No,No,No,Yes,No,Month-to-month,No,Electronic check,72.44,3407.18,No
FCUW-4449,Male,0,Yes,No,26,Yes,No,Fiber optic,No,No,Yes,No,Yes,Yes,Two year,No,Electronic check,59.53,1548.12,No
JSQU-8023,Female,0,Yes,Yes,0,Yes,Yes,DSL,No,No,Yes,No,Yes,No,Month-to-month,Yes,Electronic check,25.89,0.0,No
AQHB-7699,Female,0,Yes,No,13,Yes,No,DSL,No,No,No,Yes,Yes,No,Month-to-month,No,Electronic check,44.79,590.53,Yes
BVVC-1054,Female,0,Yes,No,31,Yes,No,Fiber optic,Yes,No,No,Yes,Yes,No,Two year,Yes,Bank transfer (automatic),50.99,1585.17,No
YQPO-6441,Male,0,Yes,No,66,Yes,No,No,No internet service,No internet service,No internet service,No internet service,No internet service,No internet service,Two year,Yes,Mailed check,26.3,1741.63,No
KSGF-1511,Female,0,Yes,Yes,9,Yes,Yes,DSL,No,No,Yes,Yes,Yes,No,Month-to-month,Yes,Electronic check,45.6,407.84,No
ROSB-3850,Male,0,No,No,25,No,No phone service,Fiber optic,No,Yes,No,No,Yes,No,Two year,No,Bank transfer (automatic),108.94,2717.1,Yes
XOWJ-2043,Female,0,No,Yes,64,Yes,No,DSL,No,Yes,No,Yes,Yes,Yes,Month-to-month,Yes,Electronic check,63.63,4079.15,No
JXQJ-0374,Female,0,Yes,No,49,No,No phone service,Fiber optic,Yes,Yes,No,Yes,No,Yes,One year,Yes,Mailed check,54.08,2649.41,No
BFUB-2866,Male,1,Yes,Yes,48,Yes,Yes,Fiber optic,Yes,No,No,Yes,No,No,Two year,No,Electronic check,107.76,5170.49,No
PKVP-7373,Female,0,Yes,No,31,Yes,No,Fiber optic,Yes,No,No,Yes,Yes,No,Month-to-month,No,Electronic check,80.23,2486.3,Yes
XYCC-1922,Male,0,Yes,No,64,Yes,No,Fiber optic,No,Yes,No,Yes,Yes,Yes,One year,Yes,Credit card (automatic),86.61,5539.55,No
UERJ-5450,Female,0,No,No,25,Yes,Yes,Fiber optic,Yes,No,No,No,No,Yes,Two year,Yes,Mailed check,63.81,1593.31,No
EILZ-1098,Male,1,Yes,No,68,Yes,Yes,DSL,No,No,Yes,Yes,Yes,No,Two year,No,Credit card (automatic),35.3,2398.18,No
ZYOY-5709,Female,0,Yes,Yes,25,Yes,Yes,DSL,No,Yes,Yes,No,Yes,Yes,Month-to-month,No,Electronic check,59.46,1486.4,No
DAHQ-2375,Female,0,Yes,Yes,64,Yes,Yes,Fiber optic,Yes,No,No,No,Yes,Yes,Two year,No,Electronic check,84.54,5407.05,No
NZWN-7197,Female,0,Yes,No,11,Yes,Yes,DSL,Yes,No,Yes,No,No,No,One year,Yes,Bank transfer (automatic),62.42,699.6,No
SGCO-6195,Male,0,Yes,No,35,Yes,Yes,Fiber optic,No,No,No,No,No,Yes,Month-to-month,Yes,Electronic check,95.56,3344.81,No
CSOY-6496,Female,0,No,No,23,No,No phone service,DSL,No,No,No,No,No,No,Month-to-month,Yes,Mailed check,55.51,1283.3,No
YQGV-9803,Female,0,Yes,Yes,41,Yes,No,No,No internet service,No internet service,No internet service,No internet service,No internet service,No internet service,Month-to-month,No,Bank transfer (automatic),19.49,795.0,Yes
YDJC-8135,Male,1,Yes,No,54,No,No phone service,DSL,Yes,No,Yes,No,No,No,One year,Yes,Electronic check,65.92,3557.71,No
BOHH-0298,Male,0,No,No,54,Yes,No,Fiber optic,No,Yes,Yes,Yes,No,No,Two year,Yes,Electronic check,108.68,5867.98,No
EFTZ-1754,Male,1,No,No,7,Yes,No,DSL,No,Yes,No,Yes,No,No,Month-to-month,Yes,Credit card (automatic),51.56,359.08,No
YAUV-4556,Male,0,Yes,Yes,60,No,No phone service,DSL,No,Yes,No,No,No,Yes,Month-to-month,No,Electronic check,65.08,3908.06,No
PDKX-6862,Female,0,Yes,No,26,Yes,Yes,No,No internet service,No internet service,No internet service,No internet service,No internet service,No internet service,One year,Yes,Bank transfer (automatic),21.76,568.29,No
SHED-7513,Female,0,No,No,62,Yes,Yes,DSL,No,Yes,No,No,No,Yes,Month-to-month,No,Bank transfer (automatic),60.12,3722.9,No
KDOF-5075,Female,0,Yes,No,31,Yes,Yes,Fiber optic,No,Yes,Yes,No,Yes,No,Two year,No,Credit card (automatic),78.5,2439.22,No
SYBO-7924,Female,0,Yes,Yes,59,Yes,Yes,DSL,No,Yes,No,Yes,Yes,No,Month-to-month,No,Mailed check,68.88,4062.84,No
FZVD-2303,Female,0,Yes,No,34,Yes,Yes,DSL,No,Yes,Yes,No,Yes,Yes,Two year,Yes,Mailed check,69.38,2361.77,No
QLOA-9543,Male,1,Yes,No,15,Yes,Yes,DSL,No,No,Yes,No,Yes,No,Month-to-month,Yes,Credit card (automatic),55.39,837.29,Yes
MKCA-5179,Female,0,Yes,No,35,Yes,Yes,Fiber optic,Yes,No,No,Yes,Yes,Yes,Month-to-month,No,Electronic check,96.9,3401.61,Yes
EWJL-1713,Male,0,No,Yes,55,Yes,No,DSL,Yes,No,Yes,No,Yes,Yes,Month-to-month,Yes,Bank transfer (automatic),46.36,2553.06,Yes
AEIQ-8756,Female,0,No,No,29,Yes,Yes,DSL,Yes,No,Yes,No,No,Yes,Month-to-month,No,Bank transfer (automatic),73.43,2124.52,No
CQEL-1478,Female,0,No,No,31,No,No phone service,Fiber optic,Yes,No,Yes,No,Yes,Yes,Two year,No,Electronic check,86.36,2676.01,No
BLCC-0757,Male,0,Yes,No,20,Yes,Yes,DSL,No,No,Yes,No,No,Yes,Two year,Yes,Electronic check,43.39,864.64,No
KIEN-2444,Male,0,No,No,55,Yes,No,Fiber optic,Yes,Yes,No,No,No,Yes,Two year,Yes,Electronic check,48.49,2668.1,No
SNZD-8981,Female,1,No,No,39,Yes,Yes,No,No internet service,No internet service,No internet service,No internet service,No internet service,No internet service,Month-to-month,Yes,Mailed check,21.24,828.94,No
HHGH-2506,Female,0,No,No,53,Yes,Yes,No,No internet service,No internet service,No internet service,No internet service,No internet service,No internet service,Month-to-month,Yes,Credit card (automatic),20.25,1080.37,No
OAYQ-0614,Female,0,Yes,No,29,Yes,No,No,No internet service,No internet service,No internet service,No internet service,No internet service,No internet service,Month-to-month,No,Mailed check,26.56,757.72,Yes
HHSG-2552,Male,0,No,No,19,Yes,No,Fiber optic,No,No,Yes,Yes,Yes,Yes,One year,Yes,Bank transfer (automatic),61.23,1164.19,No
GSHJ-3036,Female,0,Yes,No,0,Yes,No,DSL,No,No,No,No,No,Yes,One year,Yes,Bank transfer (automatic),64.48,0.0,No
DFYA-4603,Male,0,No,No,17,Yes,No,Fiber optic,Yes,Yes,No,No,Yes,No,Two year,No,Electronic check,60.46,1026.45,No
VBJE-9055,Male,0,Yes,No,56,Yes,No,DSL,No,Yes,No,Yes,No,Yes,Two year,No,Credit card (automatic),36.06,2018.46,No
MODM-7377,Male,0,No,No,58,Yes,No,Fiber optic,No,No,No,No,No,No,Two year,Yes,Credit card (automatic),59.64,3467.24,No
EODL-1223,Male,0,Yes,No,12,Yes,Yes,No,No internet service,No internet service,No internet service,No internet service,No internet service,No internet service,Two year,Yes,Mailed check,18.53,228.17,No
DZKE-3975,Male,1,Yes,No,31,Yes,No,No,No internet service,No internet service,No internet service,No internet service,No internet service,No internet service,Month-to-month,No,Bank transfer (automatic),28.06,869.88,Yes
FHWO-9971,Male,0,No,No,69,Yes,No,DSL,Yes,No,No,Yes,No,No,Month-to-month,Yes,Electronic check,54.08,3728.78,No
YAOH-3347,Male,0,Yes,No,32,Yes,No,DSL,No,Yes,No,No,No,No,Month-to-month,No,Electronic check,71.8,2303.03,No
EHJQ-9852,Female,0,No,Yes,64,Yes,No,Fiber optic,No,No,No,No,No,Yes,One year,Yes,Bank transfer (automatic),105.59,6750.85,No
NHIV-6044,Male,0,No,No,2,Yes,No,DSL,No,No,No,No,No,No,Month-to-month,Yes,Electronic check,54.09,110.26,Yes
ZNDV-6805,Male,1,Yes,Yes,4,Yes,No,No,No internet service,No internet service,No internet service,No internet service,No internet service,No internet service,Month-to-month,No,Mailed check,25.6,104.07,No
WSHO-4848,Female,0,No,No,11,Yes,No,DSL,No,Yes,Yes,No,No,No,Month-to-month,No,Mailed check,28.9,320.83,Yes
JTYU-9823,Female,0,No,No,32,No,No phone service,Fiber optic,No,No,No,No,No,No,One year,Yes,Electronic check,82.84,2654.32,No
YZKF-1611,Male,0,Yes,No,26,Yes,Yes,Fiber optic,Yes,Yes,Yes,No,No,No,One year,Yes,Mailed check,73.23,1904.11,No
QKLS-5786,Female,0,No,No,12,Yes,Yes,DSL,Yes,Yes,No,Yes,Yes,No,Month-to-month,Yes,Mailed check,30.18,360.93,No
TFUX-0059,Female,0,Yes,Yes,35,Yes,No,Fiber optic,No,No,Yes,No,Yes,Yes,One year,Yes,Electronic check,62.39,2189.79,Yes
RUQG-0380,Male,0,No,Yes,57,Yes,No,No,No internet service,No internet service,No internet service,No internet service,No internet service,No internet service,Month-to-month,No,Electronic check,18.9,1072.9,Yes
TVVH-0606,Female,0,Yes,Yes,63,Yes,No,DSL,No,No,No,Yes,No,No,Two year,No,Electronic check,61.82,3897.83,No
SXSQ-7210,Male,0,No,No,49,Yes,Yes,DSL,No,Yes,Yes,No,No,Yes,Month-to-month,Yes,Credit card (automatic),47.3,2311.55,No
NSOR-1501,Female,0,Yes,Yes,50,Yes,Yes,DSL,Yes,No,No,No,No,Yes,Two year,No,Electronic check,46.27,2320.3,No
FSDA-7662,Male,0,No,No,3,Yes,Yes,Fiber optic,Yes,No,Yes,Yes,Yes,No,Month-to-month,No,Bank transfer (automatic),81.64,256.91,Yes
JJSN-1066,Female,0,Yes,No,43,Yes,No,DSL,No,Yes,No,Yes,No,Yes,Month-to-month,Yes,Electronic check,53.97,2317.17,No
RGHA-8627,Male,0,Yes,No,17,Yes,No,Fiber optic,No,No,No,No,No,Yes,Two year,Yes,Mailed check,52.69,897.73,No
WHVY-4220,Male,0,No,No,17,Yes,No,Fiber optic,Yes,No,Yes,Yes,No,Yes,Month-to-month,No,Bank transfer (automatic),81.21,1391.19,No
OHBC-7733,Male,0,No,Yes,5,Yes,Yes,No,No internet service,No internet service,No internet service,No internet service,No internet service,No internet service,Month-to-month,Yes,Bank transfer (automatic),19.55,99.75,Yes
EVUN-6169,Male,0,No,No,58,Yes,Yes,Fiber optic,Yes,No,Yes,No,No,No,Month-to-month,No,Electronic check,106.12,6158.27,No
GAWU-2231,Female,0,Yes,No,62,Yes,No,DSL,No,No,No,No,Yes,No,One year,Yes,Bank transfer (automatic),31.78,1977.41,No
BAOE-3912,Male,0,No,No,42,Yes,No,No,No internet service,No internet service,No internet service,No internet service,No internet service,No internet service,Month-to-month,Yes,Bank transfer (automatic),24.29,1022.21,No
WWLT-4458,Female,0,No,No,68,Yes,Yes,DSL,No,No,No,No,No,No,Month-to-month,Yes,Credit card (automatic),47.95,3252.79,No
BULC-3957,Female,0,Yes,No,68,Yes,No,No,No internet service,No internet service,No internet service,No internet service,No internet service,No internet service,Month-to-month,No,Mailed check,20.64,1409.18,No
QJXN-6012,Male,0,Yes,No,8,Yes,Yes,DSL,No,Yes,No,No,No,No,Two year,Yes,Bank transfer (automatic),56.4,460.83,No
QNIH-1868,Male,0,No,No,22,Yes,No,DSL,Yes,Yes,Yes,No,No,Yes,One year,No,Bank transfer (automatic),42.83,943.53,No
VVKN-3991,Female,0,No,No,10,Yes,Yes,Fiber optic,Yes,No,Yes,No,Yes,Yes,Two year,Yes,Credit card (automatic),48.17,474.97,No
WEKF-1493,Female,0,No,No,60,Yes,Yes,Fiber optic,Yes,No,Yes,No,No,Yes,One year,Yes,Electronic check,80.16,4806.95,No
IFBQ-4859,Male,0,No,No,16,Yes,No,DSL,Yes,Yes,Yes,No,Yes,No,One year,No,Electronic check,45.26,731.42,No
LWUJ-5485,Male,0,No,No,49,Yes,Yes,No,No internet service,No internet service,No internet service,No internet service,No internet service,No internet service,Month-to-month,No,Bank transfer (automatic),27.39,1337.61,No
HBLM-8469,Male,0,No,Yes,52,Yes,Yes,Fiber optic,Yes,Yes,Yes,Yes,Yes,No,Month-to-month,No,Bank transfer (automatic),101.93,5292.07,No
MQZU-9150,Male,0,No,No,13,No,No phone service,DSL,Yes,No,No,No,No,Yes,Month-to-month,Yes,Electronic check,54.9,727.61,Yes
SUDS-9473,Female,0,No,Yes,38,Yes,No,Fiber optic,No,Yes,Yes,Yes,No,No,Month-to-month,Yes,Electronic check,101.51,3859.23,Yes
QGHC-5167,Male,0,No,Yes,54,Yes,No,No,No internet service,No internet service,No internet service,No internet service,No internet service,No internet service,Month-to-month,No,Bank transfer (automatic),26.04,1411.97,No
VVEX-0933,Male,0,Yes,Yes,8,Yes,Yes,DSL,Yes,Yes,Yes,No,Yes,Yes,Month-to-month,Yes,Mailed check,33.0,269.88,No
SCTK-0189,Female,0,No,No,62,Yes,No,No,No internet service,No internet service,No internet service,No internet service,No internet service,No internet service,Month-to-month,No,Bank transfer (automatic),25.19,1569.29,No
BUII-7008,Male,0,Yes,Yes,26,Yes,No,DSL,No,No,Yes,Yes,No,No,Two year,Yes,Credit card (automatic),43.49,1129.04,No
KHJY-6221,Female,0,Yes,Yes,34,Yes,Yes,DSL,Yes,No,No,Yes,Yes,No,Month-to-month,Yes,Credit card (automatic),67.99,2310.19,No
ELLS-5124,Male,0,No,Yes,59,Yes,No,DSL,Yes,Yes,Yes,No,No,Yes,Month-to-month,Yes,Electronic check,36.6,2157.53,Yes
LQQJ-8607,Male,0,No,Yes,29,Yes,Yes,DSL,No,Yes,No,Yes,Yes,Yes,Month-to-month,Yes,Electronic check,59.27,1715.99,No
SHUQ-6455,Male,0,Yes,No,38,No,No phone service,DSL,No,No,Yes,No,No,No,One year,No,Bank transfer (automatic),54.42,2067.96,No
HYRY-9899,Female,0,Yes,No,51,No,No phone service,DSL,Yes,Yes,No,Yes,No,No,Two year,No,Electronic check,26.14,1334.27,No
PGQW-9459,Male,1,Yes,No,57,Yes,No,Fiber optic,Yes,No,No,Yes,Yes,No,One year,No,Mailed check,52.18,2974.7,No
GNOU-6827,Female,0,No,Yes,64,Yes,No,DSL,No,Yes,No,No,Yes,No,Month-to-month,Yes,Electronic check,33.19,2121.38,No
RWRT-6219,Male,0,Yes,No,28,Yes,Yes,Fiber optic,No,No,No,No,Yes,Yes,Month-to-month,No,Electronic check,55.63,1557.24,No
GQNX-2124,Male,0,Yes,No,57,Yes,No,No,No internet service,No internet service,No internet service,No internet service,No internet service,No internet service,Month-to-month,No,Credit card (automatic),19.21,1092.96,No
KHZW-6670,Male,0,Yes,Yes,41,Yes,No,DSL,No,Yes,No,Yes,Yes,Yes,Month-to-month,No,Credit card (automatic),62.8,2583.73,No
DVYM-1091,Female,0,Yes,No,27,No,No phone service,Fiber optic,No,No,No,No,No,Yes,One year,No,Electronic check,98.6,2670.15,No
WCJB-6126,Male,0,No,Yes,9,No,No phone service,DSL,Yes,Yes,Yes,No,Yes,No,Two year,No,Mailed check,36.71,328.09,No
NTQU-8789,Male,1,Yes,Yes,10,Yes,No,Fiber optic,Yes,No,Yes,Yes,Yes,No,Two year,No,Bank transfer (automatic),86.93,865.64,No
YGTE-0027,Male,0,No,No,59,Yes,No,Fiber optic,Yes,No,Yes,Yes,Yes,No,Month-to-month,Yes,Mailed check,91.33,5386.35,No
RDRE-8048,Female,0,Yes,Yes,29,Yes,No,No,No internet service,No internet service,No internet service,No internet service,No internet service,No internet service,Month-to-month,Yes,Credit card (automatic),20.36,583.01,No
OQYX-3944,Female,0,Yes,Yes,48,Yes,No,No,No internet service,No internet service,No internet service,No internet service,No internet service,No internet service,Month-to-month,No,Bank transfer (automatic),28.73,1380.33,No
KFGX-7186,Male,0,No,No,70,Yes,No,DSL,No,Yes,No,Yes,Yes,No,Month-to-month,Yes,Mailed check,36.37,2546.12,No
TDHT-5429,Female,0,Yes,No,68,Yes,Yes,Fiber optic,No,No,Yes,Yes,No,No,Month-to-month,No,Credit card (automatic),60.58,4114.94,No
KBYZ-8092,Female,0,No,No,59,Yes,Yes,DSL,Yes,Yes,Yes,No,Yes,No,Two year,Yes,Electronic check,40.52,2383.13,No
XFEE-5608,Male,0,No,No,27,No,No phone service,Fiber optic,No,Yes,No,Yes,Yes,No,Two year,No,Electronic check,62.79,1684.3,No
CTZQ-9211,Female,0,No,Yes,19,Yes,Yes,No,No internet service,No internet service,No internet service,No internet service,No internet service,No internet service,Two year,Yes,Credit card (automatic),29.22,559.9,No
QXCC-5788,Female,1,No,Yes,58,Yes,No,DSL,Yes,No,Yes,No,Yes,No,Month-to-month,Yes,Bank transfer (automatic),39.93,2323.1,No
DNEB-8728,Female,0,Yes,No,11,No,No phone service,Fiber optic,No,No,No,Yes,No,Yes,Month-to-month,No,Credit card (automatic),51.52,568.52,No
CYBL-9878,Female,0,No,No,4,Yes,No,Fiber optic,No,Yes,No,No,Yes,Yes,Two year,Yes,Credit card (automatic),97.32,389.98,No
EKBX-5749,Male,0,Yes,No,29,Yes,Yes,No,No internet service,No internet service,No internet service,No internet service,No internet service,No internet service,One year,Yes,Bank transfer (automatic),25.66,741.96,Yes
RFEP-4017,Female,0,No,No,32,Yes,Yes,DSL,Yes,Yes,No,Yes,Yes,No,Month-to-month,Yes,Mailed check,45.2,1458.7,No
MSZC-7717,Male,0,No,No,9,Yes,No,DSL,No,No,No,Yes,No,No,One year,No,Credit card (automatic),47.08,423.6,No
MMAF-7270,Male,0,Yes,No,38,Yes,No,DSL,No,Yes,No,No,Yes,Yes,Month-to-month,No,Bank transfer (automatic),73.74,2802.93,Yes
PIMK-8493,Male,0,No,No,65,Yes,Yes,Fiber optic,No,No,No,Yes,No,Yes,One year,No,Credit card (automatic),82.13,5341.69,No
FGEK-9826,Male,0,No,No,59,No,No phone service,Fiber optic,Yes,No,No,Yes,Yes,Yes,Month-to-month,No,Electronic check,101.28,5988.24,No
JJKU-6131,Female,1,Yes,No,40,Yes,No,DSL,Yes,No,No,No,Yes,No,One year,No,Credit card (automatic),40.07,1616.82,No
NMLG-1080,Female,0,No,Yes,68,Yes,Yes,Fiber optic,Yes,Yes,Yes,Yes,Yes,Yes,Month-to-month,Yes,Mailed check,104.63,7113.16,No
HBXM-2526,Male,0,No,No,36,Yes,No,Fiber optic,No,Yes,Yes,Yes,No,Yes,Month-to-month,Yes,Electronic check,85.02,3066.47,No
JIBO-4533,Female,0,Yes,No,7,Yes,No,DSL,No,No,Yes,Yes,No,No,Month-to-month,Yes,Bank transfer (automatic),28.36,198.51,No
DRDQ-5095,Female,0,Yes,No,56,Yes,Yes,Fiber optic,Yes,No,Yes,Yes,Yes,Yes,Month-to-month,No,Electronic check,77.84,4362.48,No
AVZX-1132,Male,0,Yes,Yes,66,No,No phone service,No,No internet service,No internet service,No internet service,No internet service,No internet service,No internet service,Month-to-month,Yes,Credit card (automatic),24.52,1615.24,No
TLGK-0529,Male,0,Yes,No,27,Yes,No,DSL,Yes,No,No,No,No,No,Month-to-month,No,Credit card (automatic),39.71,1072.71,No
WZBN-1302,Male,0,No,No,13,Yes,No,DSL,Yes,Yes,No,Yes,Yes,No,Month-to-month,Yes,Credit card (automatic),37.41,482.17,No
MIGO-6313,Female,0,No,Yes,10,Yes,No,DSL,Yes,Yes,Yes,No,Yes,No,Month-to-month,No,Electronic check,32.55,325.23,Yes
VKCQ-7443,Male,0,Yes,No,28,Yes,No,DSL,Yes,No,Yes,Yes,No,No,Month-to-month,Yes,Mailed check,47.27,1322.87,No
FSYE-2095,Male,0,Yes,Yes,53,Yes,No,Fiber optic,Yes,Yes,No,No,Yes,Yes,Month-to-month,Yes,Bank transfer (automatic),70.29,3729.72,No
OBCQ-8717,Female,0,Yes,No,8,Yes,Yes,DSL,No,No,No,No,No,No,Month-to-month,Yes,Bank transfer (automatic),25.57,210.39,No
NYQU-7136,Male,1,No,No,35,No,No phone service,DSL,Yes,Yes,No,Yes,No,No,Month-to-month,Yes,Electronic check,67.98,2384.29,Yes
CLUX-9238,Female,0,No,No,18,Yes,Yes,Fiber optic,No,No,No,No,No,Yes,Month-to-month,Yes,Credit card (automatic),92.07,1656.87,Yes
NGQL-3385,Female,0,Yes,Yes,6,No,No phone service,No,No internet service,No internet service,No internet service,No internet service,No internet service,No internet service,Month-to-month,Yes,Credit card (automatic),27.89,162.41,Yes
PYVV-4417,Male,1,No,No,16,Yes,Yes,Fiber optic,No,Yes,No,Yes,Yes,No,Month-to-month,No,Electronic check,68.65,1098.12,Yes
HKMQ-7411,Male,0,Yes,Yes,47,No,No phone service,Fiber optic,No,No,Yes,No,No,No,One year,No,Mailed check,56.88,2665.75,No
NOFK-8058,Male,0,No,No,50,Yes,No,Fiber optic,Yes,Yes,No,No,No,Yes,Month-to-month,No,Electronic check,71.11,3557.25,No
HKVS-7808,Male,1,No,Yes,70,Yes,Yes,Fiber optic,No,Yes,Yes,Yes,No,No,Month-to-month,No,Credit card (automatic),58.06,4063.62,No
NOPV-5309,Female,0,No,Yes,57,No,No phone service,Fiber optic,No,No,No,No,No,Yes,Two year,Yes,Credit card (automatic),91.79,5235.06,No
HRAB-0080,Male,0,No,No,6,Yes,Yes,Fiber optic,No,Yes,No,Yes,No,Yes,Month-to-month,No,Electronic check,109.13,657.94,No
MTZV-6156,Male,1,No,No,61,Yes,Yes,No,No internet service,No internet service,No internet service,No internet service,No internet service,No internet service,Two year,Yes,Credit card (automatic),21.18,1294.59,No
ZNZR-1960,Female,0,Yes,No,66,Yes,Yes,DSL,Yes,Yes,No,No,Yes,No,Month-to-month,Yes,Credit card (automatic),36.09,2378.44,No
HKCF-8586,Male,0,No,No,14,Yes,Yes,DSL,No,No,Yes,Yes,Yes,No,One year,No,Mailed check,44.48,617.04,No
IRLH-7136,Male,0,No,No,66,Yes,Yes,Fiber optic,No,Yes,Yes,No,Yes,No,One year,No,Electronic check,58.35,3851.29,No
KTPD-5959,Female,0,Yes,No,52,Yes,Yes,No,No internet service,No internet service,No internet service,No internet service,No internet service,No internet service,Month-to-month,Yes,Credit card (automatic),18.75,975.21,No
CIJN-1568,Male,1,Yes,Yes,40,Yes,No,No,No internet service,No internet service,No internet service,No internet service,No internet service,No internet service,One year,No,Mailed check,24.22,970.15,No
MSZS-6376,Female,0,No,No,16,Yes,No,DSL,Yes,Yes,Yes,Yes,No,No,Month-to-month,No,Electronic check,67.63,1079.76,No
UWSL-1512,Male,0,Yes,No,56,Yes,No,DSL,No,No,Yes,No,Yes,Yes,Month-to-month,No,Credit card (automatic),61.8,3461.43,No
VEXI-2922,Male,0,Yes,No,43,Yes,No,Fiber optic,Yes,No,No,No,No,Yes,One year,No,Credit card (automatic),107.38,4608.48,No
VOAG-0497,Female,0,Yes,No,70,Yes,Yes,No,No internet service,No internet service,No internet service,No internet service,No internet service,No internet service,Month-to-month,No,Electronic check,25.49,1784.63,No
TEDL-3710,Female,1,Yes,No,63,Yes,No,DSL,Yes,No,No,Yes,Yes,No,Month-to-month,No,Bank transfer (automatic),27.46,1735.31,No
SIDZ-4131,Male,0,No,No,19,Yes,No,Fiber optic,Yes,No,No,Yes,No,Yes,Month-to-month,No,Credit card (automatic),71.41,1366.65,No
OBDF-6922,Male,1,Yes,No,0,Yes,No,Fiber optic,No,No,No,No,No,No,Month-to-month,No,Bank transfer (automatic),52.11,0.0,Yes
ZVLC-1740,Female,0,No,No,30,Yes,Yes,DSL,Yes,Yes,Yes,No,No,Yes,One year,Yes,Electronic check,60.17,1804.32,No
CZHD-6916,Male,0,No,No,16,Yes,Yes,No,No internet service,No internet service,No internet service,No internet service,No internet service,No internet service,Two year,Yes,Electronic check,18.59,300.47,No
EEFM-8576,Male,0,No,No,40,Yes,No,DSL,Yes,No,No,Yes,No,No,Two year,Yes,Bank transfer (automatic),59.88,2398.19,No
YTBG-5088,Male,1,No,No,27,Yes,No,No,No internet service,No internet service,No internet service,No internet service,No internet service,No internet service,Month-to-month,Yes,Electronic check,27.21,733.05,No
BCEE-0773,Male,0,Yes,No,48,Yes,Yes,DSL,No,No,No,No,Yes,No,Two year,Yes,Electronic check,34.32,1650.2,No
MWOK-9259,Male,0,Yes,No,54,Yes,No,No,No internet service,No internet service,No internet service,No internet service,No internet service,No internet service,Month-to-month,Yes,Credit card (automatic),18.28,980.72,Yes
JLIA-4370,Male,0,No,No,7,Yes,No,Fiber optic,Yes,Yes,Yes,Yes,Yes,Yes,One year,No,Electronic check,101.97,706.35,No
YVTY-4440,Female,1,Yes,Yes,31,Yes,No,DSL,No,No,No,Yes,No,No,One year,Yes,Mailed check,48.76,1511.18,No
QXLX-5311,Male,0,No,No,50,Yes,No,Fiber optic,No,Yes,No,Yes,No,No,Month-to-month,Yes,Mailed check,104.92,5237.88,No
IETZ-0625,Male,0,No,No,68,Yes,No,DSL,No,No,No,No,No,Yes,Month-to-month,No,Electronic check,48.42,,No
EUEA-0293,Male,0,No,No,37,Yes,No,DSL,No,Yes,No,Yes,Yes,Yes,One year,No,Bank transfer (automatic),36.37,1345.52,No
URXK-1818,Male,1,No,No,18,Yes,No,DSL,Yes,No,Yes,No,Yes,No,Two year,Yes,Mailed check,59.32,1071.78,No
GXOK-1653,Female,0,Yes,No,5,No,No phone service,No,No internet service,No internet service,No internet service,No internet service,No internet service,No internet service,Two year,No,Electronic check,26.42,133.39,No
WMTP-1967,Male,0,Yes,No,44,Yes,Yes,DSL,No,Yes,Yes,Yes,No,No,Month-to-month,Yes,Bank transfer (automatic),60.43,2667.47,No
RUAW-7545,Male,0,Yes,Yes,69,Yes,Yes,Fiber optic,No,No,No,Yes,No,No,One year,Yes,Credit card (automatic),65.96,4548.63,No
OBAW-6991,Male,0,No,No,15,Yes,No,Fiber optic,No,Yes,Yes,No,No,Yes,Two year,Yes,Mailed check,93.01,1384.38,No
RQZH-7078,Female,0,Yes,No,53,No,No phone service,No,No internet service,No internet service,No internet service,No internet service,No internet service,No internet service,Two year,Yes,Credit card (automatic),18.11,964.96,No
NDAA-2448,Male,0,No,No,31,Yes,Yes,DSL,Yes,Yes,No,No,No,Yes,Month-to-month,Yes,Credit card (automatic),49.31,1529.87,No
ZBRF-8088,Male,0,Yes,Yes,28,Yes,No,No,No internet service,No internet service,No internet service,No internet service,No internet service,No internet service,Month-to-month,No,Mailed check,23.78,666.21,No
PMIU-8315,Female,0,No,No,51,Yes,No,Fiber optic,No,No,No,Yes,No,Yes,One year,Yes,Electronic check,100.02,5112.53,No
NDFS-5118,Female,0,Yes,Yes,68,Yes,No,Fiber optic,No,No,Yes,Yes,No,Yes,Month-to-month,Yes,Bank transfer (automatic),106.78,7255.5,No
WSMK-0756,Female,0,Yes,No,28,No,No phone service,No,No internet service,No internet service,No internet service,No internet service,No internet service,No internet service,One year,Yes,Bank transfer (automatic),19.49,548.74,No
YUOA-9642,Female,0,No,Yes,2,Yes,No,DSL,Yes,Yes,No,No,Yes,No,One year,Yes,Bank transfer (automatic),51.61,108.66,No
YAQQ-2592,Female,0,No,Yes,50,No,No phone service,Fiber optic,Yes,No,Yes,Yes,No,No,Month-to-month,Yes,Electronic check,74.14,3711.08,No
HNNJ-1824,Male,0,Yes,No,67,Yes,Yes,Fiber optic,Yes,No,Yes,Yes,No,Yes,One year,No,Bank transfer (automatic),76.52,5123.94,No
ZHPB-5498,Male,0,No,Yes,43,Yes,Yes,No,No internet service,No internet service,No internet service,No internet service,No internet service,No internet service,Two year,No,Electronic check,20.57,891.24,No
LEBP-4365,Male,0,Yes,No,24,Yes,No,No,No internet service,No internet service,No internet service,No internet service,No internet service,No internet service,Month-to-month,Yes,Credit card (automatic),28.51,684.67,Yes
NRLK-4664,Female,0,No,Yes,21,Yes,Yes,Fiber optic,Yes,Yes,No,No,Yes,No,One year,No,Electronic check,88.99,1870.07,No
OYDK-2345,Female,0,No,No,41,Yes,No,DSL,Yes,No,No,Yes,No,Yes,One year,No,Bank transfer (automatic),44.86,1836.09,No
SBND-4327,Male,1,No,Yes,7,Yes,No,Fiber optic,Yes,Yes,No,No,No,No,Two year,Yes,Credit card (automatic),94.87,661.16,No
PJDR-1039,Female,0,Yes,No,43,Yes,No,DSL,No,No,No,No,No,Yes,Month-to-month,Yes,Electronic check,26.69,1147.94,No
YKGL-9667,Female,0,No,No,52,Yes,No,Fiber optic,Yes,No,Yes,No,No,Yes,One year,No,Credit card (automatic),106.53,5541.01,No
QJJX-3335,Female,1,Yes,Yes,66,Yes,Yes,DSL,Yes,No,No,No,No,No,Month-to-month,Yes,Mailed check,57.69,3807.17,No
GVAL-7965,Male,0,No,Yes,26,Yes,Yes,No,No internet service,No internet service,No internet service,No internet service,No internet service,No internet service,Month-to-month,Yes,Credit card (automatic),21.36,551.07,No
VUVI-9897,Female,0,Yes,No,10,Yes,No,Fiber optic,Yes,No,Yes,No,No,No,Two year,Yes,Credit card (automatic),99.72,994.29,No
ZYJH-7094,Male,0,Yes,No,26,Yes,No,DSL,No,No,Yes,No,No,No,Two year,No,Electronic check,74.87,1945.49,No
DRXS-3698,Male,0,Yes,No,6,Yes,Yes,DSL,Yes,No,No,No,No,Yes,Month-to-month,No,Credit card (automatic),70.6,420.49,Yes
RSDJ-0614,Female,0,No,No,56,Yes,Yes,DSL,No,No,No,No,No,Yes,Two year,Yes,Electronic check,30.97,1722.51,No
OQCL-1064,Male,0,Yes,No,38,Yes,No,DSL,No,No,No,No,Yes,No,Month-to-month,No,Mailed check,72.93,2768.95,No
QVPE-2698,Female,1,No,No,50,No,No phone service,Fiber optic,No,No,No,Yes,Yes,No,Two year,No,Bank transfer (automatic),109.97,5500.91,No
NMYY-1264,Female,0,Yes,No,20,Yes,No,DSL,Yes,No,No,No,No,No,Month-to-month,No,Electronic check,49.15,991.86,No
RCJV-6806,Male,0,No,No,56,Yes,Yes,No,No internet service,No internet service,No internet service,No internet service,No internet service,No internet service,Month-to-month,Yes,Mailed check,24.29,1364.23,No
XNSD-9596,Female,0,Yes,No,50,Yes,No,Fiber optic,Yes,Yes,Yes,No,No,No,Month-to-month,No,Electronic check,75.13,3755.57,No
MNDH-4032,Male,0,No,Yes,16,Yes,No,No,No internet service,No internet service,No internet service,No internet service,No internet service,No internet service,One year,Yes,Mailed check,28.63,458.19,No
IHAF-8630,Female,0,No,Yes,30,Yes,Yes,Fiber optic,No,No,No,No,No,Yes,One year,No,Bank transfer (automatic),106.52,3192.34,No
BELU-7571,Male,0,No,No,13,Yes,Yes,Fiber optic,No,Yes,No,No,No,Yes,One year,Yes,Bank transfer (automatic),79.88,1035.61,Yes
CVLZ-2551,Male,0,No,No,1,Yes,No,Fiber optic,No,No,Yes,Yes,Yes,No,Two year,Yes,Bank transfer (automatic),90.41,91.92,No
WLBF-0216,Female,1,Yes,Yes,25,Yes,Yes,Fiber optic,No,No,No,Yes,Yes,Yes,Two year,Yes,Bank transfer (automatic),71.07,1772.07,Yes
THVL-9348,Male,0,Yes,No,21,Yes,No,Fiber optic,Yes,No,Yes,No,No,No,Month-to-month,Yes,Electronic check,47.74,1009.49,No
WPJY-6073,Male,0,Yes,No,27,Yes,Yes,Fiber optic,No,No,No,Yes,Yes,Yes,Month-to-month,No,Electronic check,101.67,2739.83,No
CPMW-2754,Male,1,Yes,Yes,5,Yes,No,DSL,No,No,Yes,Yes,Yes,No,Two year,No,Electronic check,40.21,202.95,No
THXL-0843,Female,0,No,No,18,Yes,Yes,Fiber optic,No,No,No,Yes,Yes,No,One year,Yes,Credit card (automatic),91.77,1654.26,No
FVRH-6045,Male,0,Yes,No,55,Yes,No,Fiber optic,No,Yes,No,Yes,No,No,Month-to-month,No,Mailed check,106.59,5863.95,No
TBND-0611,Female,0,Yes,No,20,Yes,Yes,No,No internet service,No internet service,No internet service,No internet service,No internet service,No internet service,Two year,Yes,Credit card (automatic),22.49,450.93,No
IUBY-8023,Female,0,No,No,41,Yes,No,Fiber optic,No,Yes,Yes,Yes,No,Yes,Month-to-month,Yes,Electronic check,56.0,2287.7,No
WZDR-6525,Male,0,Yes,No,19,Yes,No,No,No internet service,No internet service,No internet service,No internet service,No internet service,No internet service,Month-to-month,Yes,Credit card (automatic),28.07,537.26,Yes
KOVE-3909,Female,0,No,No,43,Yes,No,DSL,Yes,Yes,Yes,Yes,No,No,Month-to-month,No,Mailed check,43.19,1865.65,No
FRMC-7952,Female,0,No,No,30,Yes,Yes,DSL,No,No,Yes,Yes,No,No,Month-to-month,No,Credit card (automatic),33.41,998.82,Yes
PGTN-8421,Male,0,Yes,No,8,No,No phone service,DSL,No,Yes,No,Yes,Yes,No,One year,Yes,Credit card (automatic),71.21,570.23,No
BCRN-3198,Female,0,No,Yes,49,Yes,Yes,Fiber optic,No,Yes,Yes,Yes,No,No,Month-to-month,No,Credit card (automatic),105.35,5170.71,Yes
BYVA-3053,Female,0,Yes,No,31,Yes,Yes,Fiber optic,No,No,No,Yes,Yes,No,One year,Yes,Mailed check,101.16,3137.02,No
CCIF-8417,Female,0,Yes,No,39,Yes,No,Fiber optic,No,No,No,No,Yes,No,Month-to-month,Yes,Credit card (automatic),81.09,3168.79,No
UBDY-3315,Male,0,No,No,51,Yes,Yes,Fiber optic,Yes,No,Yes,Yes,No,No,One year,Yes,Electronic check,78.58,4005.5,No
KBWS-2421,Female,0,Yes,No,68,Yes,No,Fiber optic,No,No,Yes,No,Yes,No,Month-to-month,Yes,Bank transfer (automatic),99.24,6754.26,No
JYBK-1786,Male,0,Yes,No,26,Yes,Yes,Fiber optic,Yes,Yes,No,Yes,No,Yes,Two year,No,Electronic check,77.55,2016.44,No
SICU-8260,Male,0,No,No,1,Yes,No,DSL,No,No,No,No,Yes,No,Month-to-month,Yes,Electronic check,70.64,76.53,No
DDGH-0463,Male,0,Yes,Yes,0,Yes,No,DSL,No,No,No,Yes,No,No,Two year,Yes,Credit card (automatic),35.86,0.0,No
TDFG-1432,Male,0,Yes,Yes,7,Yes,Yes,DSL,Yes,No,No,No,Yes,No,Two year,No,Bank transfer (automatic),25.83,186.88,No
GVNG-4546,Female,0,No,Yes,9,Yes,Yes,No,No internet service,No internet service,No internet service,No internet service,No internet service,No internet service,Two year,Yes,Credit card (automatic),18.78,170.02,No
BUVF-4969,Male,0,No,No,68,No,No phone service,Fiber optic,No,Yes,Yes,No,Yes,Yes,Month-to-month,Yes,Bank transfer (automatic),105.06,7141.32,No
XGEA-4914,Female,0,No,Yes,65,Yes,No,DSL,No,Yes,No,No,No,No,Two year,No,Electronic check,29.02,1887.37,No
UREM-3020,Female,0,No,Yes,40,Yes,No,Fiber optic,No,No,No,Yes,Yes,No,Month-to-month,No,Electronic check,77.7,3110.4,No
KUTW-4931,Male,0,Yes,Yes,47,Yes,No,DSL,No,Yes,No,Yes,No,Yes,Month-to-month,Yes,Mailed check,50.55,2373.96,No
TPRH-2835,Male,0,Yes,No,47,Yes,No,Fiber optic,Yes,Yes,No,Yes,Yes,No,Two year,No,Electronic check,79.44,3727.35,No
JUJM-0807,Female,0,No,No,32,Yes,Yes,No,No internet service,No internet service,No internet service,No internet service,No internet service,No internet service,Two year,Yes,Mailed check,19.91,633.88,No
IIAB-0919,Male,0,No,No,68,No,No phone service,Fiber optic,No,Yes,No,No,Yes,Yes,Month-to-month,No,Electronic check,68.63,4664.56,Yes
HUKW-1757,Male,0,Yes,Yes,50,Yes,No,Fiber optic,No,No,No,Yes,Yes,No,One year,Yes,Credit card (automatic),53.11,2660.06,No
QOQW-7240,Male,0,No,No,63,Yes,Yes,No,No internet service,No internet service,No internet service,No internet service,No internet service,No internet service,Month-to-month,Yes,Bank transfer (automatic),28.6,1802.29,No
WEHM-7860,Female,0,Yes,No,22,Yes,Yes,Fiber optic,No,No,No,Yes,Yes,Yes,Month-to-month,Yes,Credit card (automatic),92.84,2041.01,No
MSXC-7043,Female,0,Yes,No,51,Yes,Yes,Fiber optic,No,No,No,Yes,Yes,Yes,One year,Yes,Mailed check,108.65,5552.32,No
UHZN-3326,Female,1,No,No,42,Yes,No,No,No internet service,No internet service,No internet service,No internet service,No internet service,No internet service,Month-to-month,Yes,Credit card (automatic),29.5,1239.55,No
SSKZ-4457,Female,0,No,No,9,Yes,Yes,Fiber optic,No,Yes,Yes,Yes,No,No,One year,No,Bank transfer (automatic),90.77,816.96,No
JFOP-0778,Male,1,Yes,No,72,Yes,Yes,Fiber optic,No,Yes,No,Yes,No,No,Two year,Yes,Electronic check,109.18,7856.97,No
IBOR-2033,Female,0,No,Yes,0,Yes,Yes,Fiber optic,Yes,Yes,No,Yes,Yes,Yes,Month-to-month,No,Mailed check,68.21,0.0,No
NIIY-9619,Female,0,Yes,No,15,Yes,No,Fiber optic,No,Yes,Yes,Yes,No,Yes,Month-to-month,No,Bank transfer (automatic),78.58,1177.17,No
UDLH-1541,Female,0,Yes,Yes,18,Yes,No,DSL,Yes,No,No,No,No,Yes,Month-to-month,No,Mailed check,49.32,884.6,No
KJOQ-7168,Female,0,Yes,No,4,Yes,Yes,DSL,No,No,No,No,No,Yes,One year,Yes,Credit card (automatic),66.22,263.03,No
YHNZ-8153,Female,0,Yes,No,54,Yes,Yes,DSL,No,Yes,No,No,No,Yes,Month-to-month,No,Electronic check,35.3,1902.94,No
TULS-0742,Male,1,Yes,Yes,61,Yes,No,No,No internet service,No internet service,No internet service,No internet service,No internet service,No internet service,Month-to-month,Yes,Mailed check,29.64,1809.2,No
ZWGQ-8144,Female,0,No,No,4,Yes,Yes,No,No internet service,No internet service,No internet service,No internet service,No internet service,No internet service,One year,Yes,Mailed check,29.61,123.07,No
HNHN-6655,Male,0,Yes,No,6,Yes,No,Fiber optic,No,No,Yes,Yes,No,No,Month-to-month,Yes,Bank transfer (automatic),54.64,325.34,No
KYVM-1143,Female,0,Yes,No,32,Yes,Yes,DSL,No,No,No,No,No,Yes,Two year,No,Electronic check,64.85,2069.3,No
ROSW-7540,Female,0,Yes,No,5,Yes,No,DSL,Yes,No,No,Yes,No,No,One year,No,Credit card (automatic),47.68,234.46,No
XCVS-6684,Male,0,Yes,Yes,5,No,No phone service,DSL,Yes,Yes,No,Yes,No,Yes,Month-to-month,Yes,Electronic check,64.68,322.59,Yes
OHJZ-7042,Female,0,No,No,50,Yes,No,Fiber optic,No,No,Yes,No,Yes,No,One year,No,Credit card (automatic),79.11,3953.32,No
ADHC-9189,Male,0,No,Yes,11,Yes,Yes,DSL,Yes,No,No,No,No,No,One year,No,Electronic check,54.79,603.48,No
UNGB-8833,Female,1,No,No,3,Yes,Yes,No,No internet service,No internet service,No internet service,No internet service,No internet service,No internet service,Two year,Yes,Mailed check,23.83,76.14,Yes
VJZZ-5081,Male,0,Yes,No,0,Yes,No,No,No internet service,No internet service,No internet service,No internet service,No internet service,No internet service,Month-to-month,No,Electronic check,27.65,0.0,Yes
UYTK-2657,Female,0,No,No,51,Yes,No,Fiber optic,Yes,No,No,No,No,No,One year,No,Mailed check,54.29,2766.71,No
SEZD-3397,Male,0,No,No,52,No,No phone service,DSL,No,No,No,Yes,Yes,No,Month-to-month,Yes,Electronic check,57.31,2985.66,No
VCZE-5457,Female,0,Yes,Yes,13,Yes,Yes,Fiber optic,Yes,Yes,No,Yes,Yes,Yes,Month-to-month,No,Electronic check,81.74,1062.69,No
GUJF-3830,Male,0,No,No,20,Yes,No,DSL,Yes,No,Yes,No,No,No,Month-to-month,No,Electronic check,46.53,930.33,Yes
WGDN-2749,Female,0,No,No,30,Yes,No,Fiber optic,Yes,Yes,No,Yes,No,Yes,Month-to-month,Yes,Electronic check,46.15,1395.38,No
WTDX-7112,Female,0,Yes,Yes,40,Yes,No,No,No internet service,No internet service,No internet service,No internet service,No internet service,No internet service,One year,No,Credit card (automatic),23.29,928.93,No
SQNS-5795,Male,0,Yes,No,56,Yes,No,Fiber optic,Yes,Yes,Yes,Yes,Yes,No,One year,No,Electronic check,67.88,3802.12,No
UDSP-3606,Male,0,Yes,No,6,Yes,Yes,Fiber optic,Yes,Yes,No,Yes,No,No,Month-to-month,No,Electronic check,69.37,416.65,Yes
ARTQ-8500,Male,0,Yes,No,60,Yes,No,No,No internet service,No internet service,No internet service,No internet service,No internet service,No internet service,One year,No,Mailed check,21.59,1294.83,No
FDTP-5689,Male,1,Yes,No,14,Yes,Yes,DSL,No,Yes,No,No,No,Yes,Two year,Yes,Credit card (automatic),55.88,779.3,No
PEYT-9120,Female,1,No,Yes,8,Yes,Yes,DSL,Yes,No,No,Yes,Yes,No,One year,Yes,Bank transfer (automatic),70.85,568.25,No
VMFQ-2429,Male,0,Yes,No,59,Yes,No,DSL,Yes,No,No,Yes,No,No,Month-to-month,No,Mailed check,74.23,4381.94,No
CNZS-4430,Male,0,Yes,No,55,Yes,Yes,Fiber optic,No,Yes,No,No,Yes,No,Two year,Yes,Credit card (automatic),88.06,4855.61,No
UJED-5936,Female,0,Yes,Yes,14,Yes,Yes,DSL,Yes,Yes,Yes,No,Yes,No,Month-to-month,Yes,Mailed check,33.22,465.35,No
GRCA-7835,Male,0,No,Yes,6,Yes,No,No,No internet service,No internet service,No internet service,No internet service,No internet service,No internet service,Two year,Yes,Credit card (automatic),19.55,113.63,No
IVNL-8378,Male,0,No,Yes,23,Yes,No,No,No internet service,No internet service,No internet service,No internet service,No internet service,No internet service,Month-to-month,No,Mailed check,26.57,621.34,Yes
DUXL-9562,Male,0,No,Yes,56,Yes,No,No,No internet service,No internet service,No internet service,No internet service,No internet service,No internet service,Month-to-month,No,Credit card (automatic),21.02,1173.76,No
WNXJ-5985,Female,1,No,Yes,63,Yes,No,Fiber optic,Yes,Yes,Yes,Yes,Yes,No,Month-to-month,No,Bank transfer (automatic),45.66,2880.88,No
LIMD-7319,Male,0,Yes,No,24,Yes,No,Fiber optic,Yes,No,Yes,No,No,Yes,Two year,Yes,Bank transfer (automatic),100.69,2415.78,No
KYUD-1065,Female,1,No,No,71,No,No phone service,No,No internet service,No internet service,No internet service,No internet service,No internet service,No internet service,Month-to-month,No,Credit card (automatic),27.03,1924.83,No
ORXK-3764,Female,1,Yes,No,33,Yes,No,DSL,Yes,Yes,No,No,No,Yes,Two year,No,Credit card (automatic),40.97,1349.73,No
JZLX-8494,Female,0,No,Yes,53,No,No phone service,Fiber optic,No,No,Yes,No,No,Yes,Month-to-month,No,Credit card (automatic),77.64,4118.18,Yes
RECW-9470,Female,0,No,Yes,33,Yes,Yes,Fiber optic,No,Yes,No,Yes,Yes,No,Two year,Yes,Electronic check,58.93,1940.59,No
SSYU-8801,Female,0,No,No,27,Yes,No,Fiber optic,No,No,Yes,Yes,No,Yes,One year,No,Electronic check,54.13,1448.77,No
UDJY-6560,Female,0,Yes,No,0,Yes,No,No,No internet service,No internet service,No internet service,No internet service,No internet service,No internet service,Month-to-month,No,Credit card (automatic),25.97,0.0,No
QXBZ-8650,Male,1,No,No,36,Yes,No,Fiber optic,No,No,Yes,No,No,No,One year,Yes,Mailed check,104.25,3749.82,Yes
QBFN-5109,Male,0,Yes,Yes,29,Yes,No,No,No internet service,No internet service,No internet service,No internet service,No internet service,No internet service,Month-to-month,No,Electronic check,19.27,553.19,Yes
UEBV-8191,Male,0,No,No,24,Yes,Yes,DSL,Yes,Yes,No,Yes,No,No,Two year,Yes,Electronic check,49.8,1192.87,No
PPSG-5775,Female,1,No,Yes,59,Yes,No,No,No internet service,No internet service,No internet service,No internet service,No internet service,No internet service,Month-to-month,No,Electronic check,29.85,1767.38,Yes
JCSQ-6439,Male,0,No,No,1,No,No phone service,DSL,No,No,No,Yes,No,Yes,One year,Yes,Mailed check,37.54,38.6,No
DNTV-7745,Female,0,No,No,27,No,No phone service,Fiber optic,No,No,No,No,Yes,Yes,Month-to-month,Yes,Electronic check,66.34,1798.59,Yes
TNIH-9901,Female,0,Yes,Yes,47,Yes,Yes,Fiber optic,No,No,No,No,No,No,One year,Yes,Electronic check,65.19,3058.8,No
YXCH-0932,Male,0,No,No,27,Yes,No,DSL,No,Yes,Yes,Yes,Yes,Yes,One year,Yes,Bank transfer (automatic),64.4,1741.51,No
FGTW-8124,Male,0,No,No,23,No,No phone service,Fiber optic,Yes,Yes,Yes,Yes,Yes,No,Month-to-month,Yes,Electronic check,77.13,1772.33,Yes
SKXL-9778,Male,0,Yes,No,71,No,No phone service,Fiber optic,Yes,No,No,Yes,No,Yes,Two year,Yes,Electronic check,82.4,5839.57,No
DEUH-6871,Male,0,No,No,17,Yes,Yes,DSL,Yes,Yes,Yes,Yes,No,No,Two year,No,Credit card (automatic),57.39,962.06,No
JTFL-1622,Male,1,No,No,19,Yes,No,Fiber optic,No,No,No,No,No,No,Month-to-month,Yes,Electronic check,69.75,1328.5,Yes
RKHF-0067,Female,1,No,No,67,Yes,Yes,No,No internet service,No internet service,No internet service,No internet service,No internet service,No internet service,Two year,No,Mailed check,24.04,1614.38,No
EPKE-3552,Female,0,Yes,Yes,7,Yes,No,Fiber optic,No,Yes,Yes,Yes,No,Yes,Month-to-month,No,Electronic check,100.19,699.2,Yes
ILKN-6064,Female,0,No,No,55,Yes,No,Fiber optic,No,No,No,No,No,Yes,Two year,Yes,Bank transfer (automatic),64.87,3554.34,No
UMBD-5964,Male,0,Yes,Yes,60,Yes,Yes,DSL,No,Yes,Yes,Yes,No,Yes,Two year,Yes,Mailed check,70.02,4205.79,No
YCAD-8319,Female,0,No,No,38,Yes,Yes,DSL,No,No,Yes,No,Yes,No,One year,Yes,Bank transfer (automatic),28.57,1086.78,No
ECIT-5152,Male,0,Yes,Yes,17,Yes,No,No,No internet service,No internet service,No internet service,No internet service,No internet service,No internet service,Two year,Yes,Electronic check,29.83,510.02,No
LYKB-8471,Female,0,No,No,58,Yes,No,No,No internet service,No internet service,No internet service,No internet service,No internet service,No internet service,Month-to-month,No,Electronic check,26.82,1559.61,No
VCLZ-4790,Male,0,No,Yes,17,Yes,No,No,No internet service,No internet service,No internet service,No internet service,No internet service,No internet service,Two year,Yes,Bank transfer (automatic),26.12,446.35,No
UCTB-8219,Female,0,No,Yes,41,Yes,No,Fiber optic,No,No,Yes,No,No,Yes,Month-to-month,No,Mailed check,92.81,3811.97,Yes
KYWP-5042,Female,0,Yes,No,52,Yes,Yes,DSL,Yes,No,No,No,Yes,No,Two year,No,Credit card (automatic),33.9,1764.88,No
ATPB-1277,Female,0,No,No,32,Yes,Yes,No,No internet service,No internet service,No internet service,No internet service,No internet service,No internet service,Month-to-month,No,Bank transfer (automatic),26.32,848.48,Yes
OGFI-3076,Female,0,No,No,20,Yes,Yes,Fiber optic,Yes,Yes,Yes,No,No,Yes,Month-to-month,No,Bank transfer (automatic),49.46,987.55,No
WCDZ-8542,Male,0,Yes,No,70,Yes,Yes,No,No internet service,No internet service,No internet service,No internet service,No internet service,No internet service,Two year,Yes,Electronic check,20.39,1429.25,No
YUUN-3306,Female,0,No,No,59,Yes,No,Fiber optic,Yes,Yes,Yes,No,Yes,Yes,Two year,Yes,Electronic check,77.5,4578.16,No
ICMO-1205,Female,0,Yes,Yes,13,Yes,No,No,No internet service,No internet service,No internet service,No internet service,No internet service,No internet service,Two year,No,Bank transfer (automatic),22.24,289.51,No
WBXN-5347,Female,0,No,No,32,Yes,Yes,DSL,No,Yes,No,Yes,No,Yes,One year,Yes,Mailed check,26.08,843.01,No
CSNT-0877,Female,1,Yes,No,3,Yes,No,No,No internet service,No internet service,No internet service,No internet service,No internet service,No internet service,Month-to-month,Yes,Bank transfer (automatic),26.54,82.19,No
NZFW-5822,Female,0,No,No,42,Yes,No,No,No internet service,No internet service,No internet service,No internet service,No internet service,No internet service,Month-to-month,Yes,Bank transfer (automatic),19.2,807.24,No
CJSI-3686,Male,0,Yes,Yes,1,No,No phone service,DSL,No,Yes,No,No,No,No,One year,Yes,Mailed check,67.99,64.97,No
YSOT-7543,Female,0,No,No,39,Yes,No,Fiber optic,Yes,Yes,No,No,No,No,Month-to-month,Yes,Electronic check,70.54,2757.07,No
HQIA-7384,Female,0,Yes,No,49,Yes,No,DSL,No,Yes,No,Yes,Yes,Yes,Month-to-month,Yes,Bank transfer (automatic),36.48,1788.0,No
CINI-3371,Female,0,No,No,62,Yes,No,DSL,No,Yes,No,Yes,No,No,One year,No,Mailed check,54.01,3352.11,No
INVI-7602,Male,0,Yes,No,48,Yes,No,Fiber optic,Yes,No,Yes,Yes,Yes,Yes,One year,Yes,Electronic check,56.74,2723.15,No
KNRU-4434,Female,0,Yes,Yes,63,No,No phone service,DSL,No,Yes,Yes,Yes,No,No,Two year,Yes,Mailed check,40.43,2542.07,No
CLAU-8832,Male,0,No,No,49,No,No phone service,Fiber optic,No,No,Yes,No,No,Yes,Two year,Yes,Bank transfer (automatic),50.96,2496.13,No
QBXA-7675,Female,0,Yes,No,9,Yes,Yes,Fiber optic,Yes,Yes,No,No,No,Yes,Month-to-month,No,Bank transfer (automatic),46.42,416.76,Yes
LNOO-8293,Male,0,Yes,No,22,Yes,Yes,Fiber optic,No,No,No,No,Yes,Yes,Two year,Yes,Electronic check,57.32,1266.4,No
VHUS-5382,Male,0,No,Yes,36,Yes,Yes,Fiber optic,No,Yes,No,No,No,No,One year,No,Credit card (automatic),52.21,1874.87,Yes
DWGD-5251,Male,0,Yes,Yes,71,Yes,No,DSL,Yes,Yes,No,No,No,No,Month-to-month,No,Bank transfer (automatic),35.21,2494.47,No
XBWI-0765,Male,1,Yes,No,9,Yes,No,DSL,No,No,No,No,No,No,Month-to-month,Yes,Electronic check,56.38,507.16,Yes
FVYR-0597,Male,0,No,No,24,Yes,No,No,No internet service,No internet service,No internet service,No internet service,No internet service,No internet service,One year,No,Mailed check,19.08,459.87,Yes
SJAY-0272,Male,1,Yes,No,32,Yes,Yes,Fiber optic,No,No,Yes,No,No,Yes,Month-to-month,Yes,Electronic check,94.51,3031.08,No
PMTX-0500,Female,0,No,No,16,Yes,No,Fiber optic,No,Yes,No,Yes,No,No,Month-to-month,Yes,Mailed check,75.01,1197.24,No
HKTA-9644,Female,0,Yes,Yes,23,Yes,No,DSL,No,No,No,No,No,Yes,Two year,Yes,Electronic check,69.34,1603.71,No
QJKV-8874,Male,0,No,No,48,Yes,Yes,Fiber optic,Yes,Yes,Yes,Yes,Yes,No,Two year,No,Mailed check,96.24,4619.24,No
QIQX-4266,Male,0,Yes,Yes,29,Yes,No,No,No internet service,No internet service,No internet service,No internet service,No internet service,No internet service,Month-to-month,Yes,Electronic check,24.51,713.38,No
IGMK-2072,Female,0,No,No,64,Yes,No,Fiber optic,No,No,No,No,Yes,Yes,One year,No,Credit card (automatic),69.12,4424.43,No
LHHU-0969,Male,0,No,No,27,Yes,No,Fiber optic,No,Yes,No,No,No,Yes,Month-to-month,No,Mailed check,78.87,2130.09,No
EHYN-6603,Female,0,No,Yes,12,Yes,Yes,Fiber optic,Yes,Yes,No,No,No,No,Month-to-month,Yes,Credit card (automatic),66.23,797.15,No
RRBD-0314,Male,0,Yes,Yes,56,Yes,No,Fiber optic,No,No,Yes,Yes,No,No,Two year,Yes,Mailed check,80.5,4512.04,No
SOHT-0092,Female,0,Yes,No,59,Yes,No,Fiber optic,No,No,No,No,Yes,No,Month-to-month,Yes,Electronic check,98.56,5813.1,Yes
OIGB-8912,Male,1,No,Yes,9,Yes,No,DSL,Yes,Yes,Yes,Yes,No,Yes,Month-to-month,Yes,Electronic check,32.16,286.21,Yes
KMJN-1258,Male,0,No,Yes,64,Yes,No,DSL,No,No,Yes,Yes,No,Yes,One year,Yes,Mailed check,27.16,1740.83,No
YGCT-5415,Female,0,No,Yes,6,No,No phone service,DSL,No,Yes,Yes,No,Yes,No,Month-to-month,Yes,Electronic check,64.03,379.03,No
CPHB-0820,Female,0,Yes,No,59,Yes,Yes,DSL,No,Yes,Yes,No,Yes,No,Month-to-month,Yes,Electronic check,27.11,1604.84,No
WMOZ-4408,Male,0,No,No,62,Yes,No,Fiber optic,No,No,No,Yes,No,No,Month-to-month,No,Credit card (automatic),94.76,5880.61,Yes
WXYF-4513,Female,0,Yes,No,25,Yes,No,No,No internet service,No internet service,No internet service,No internet service,No internet service,No internet service,Month-to-month,Yes,Electronic check,22.44,552.06,No
CMWI-4591,Male,0,No,No,70,Yes,Yes,Fiber optic,No,No,No,Yes,No,No,Month-to-month,Yes,Mailed check,71.97,5047.71,No
CCLO-8679,Male,0,Yes,No,37,Yes,Yes,Fiber optic,No,No,No,Yes,Yes,Yes,Month-to-month,No,Mailed check,88.41,3275.04,No
YVDA-7617,Male,1,No,No,53,Yes,Yes,No,No internet service,No internet service,No internet service,No internet service,No internet service,No internet service,Two year,Yes,Electronic check,27.89,1472.44,No
EGDE-7003,Male,1,No,No,44,Yes,No,No,No internet service,No internet service,No internet service,No internet service,No internet service,No internet service,One year,Yes,Bank transfer (automatic),18.3,808.15,No
SJRC-0054,Female,1,No,No,57,Yes,Yes,DSL,Yes,No,No,Yes,Yes,Yes,Month-to-month,Yes,Bank transfer (automatic),36.01,2046.76,No
HBPT-7503,Male,1,Yes,No,40,Yes,Yes,DSL,Yes,Yes,Yes,Yes,No,Yes,Month-to-month,No,Electronic check,72.26,2893.5,Yes
QMRE-7723,Male,0,Yes,No,44,Yes,No,Fiber optic,No,Yes,No,Yes,Yes,Yes,Month-to-month,Yes,Mailed check,81.11,3569.8,No
ZNVK-9215,Female,0,Yes,No,33,Yes,Yes,Fiber optic,No,Yes,No,No,Yes,Yes,Month-to-month,No,Credit card (automatic),104.71,3452.83,No
OUJE-9494,Female,0,Yes,No,57,Yes,No,No,No internet service,No internet service,No internet service,No internet service,No internet service,No internet service,Month-to-month,No,Credit card (automatic),24.57,1398.49,No
CWFD-1803,Male,0,No,Yes,9,Yes,Yes,No,No internet service,No internet service,No internet service,No internet service,No internet service,No internet service,Month-to-month,Yes,Credit card (automatic),22.93,210.15,No
QMPV-3448,Male,0,No,Yes,16,Yes,No,No,No internet service,No internet service,No internet service,No internet service,No internet service,No internet service,Month-to-month,Yes,Electronic check,23.31,374.36,No
QMBM-5462,Male,0,Yes,No,60,Yes,Yes,Fiber optic,No,Yes,No,No,Yes,No,Month-to-month,No,Credit card (automatic),49.31,2965.21,No
CJBM-2904,Male,0,Yes,No,10,Yes,No,Fiber optic,Yes,Yes,No,Yes,Yes,Yes,One year,Yes,Credit card (automatic),79.06,793.47,No
NLUL-6320,Female,0,No,Yes,16,Yes,No,Fiber optic,No,Yes,Yes,Yes,No,Yes,Month-to-month,Yes,Electronic check,81.37,1292.53,No
XCMO-1320,Male,0,No,No,14,Yes,No,DSL,Yes,Yes,Yes,Yes,No,No,Month-to-month,Yes,Mailed check,29.11,395.58,No
CRHV-8792,Female,0,Yes,Yes,3,Yes,Yes,DSL,No,No,No,No,Yes,No,Month-to-month,Yes,Mailed check,26.55,76.37,Yes
EGUH-4043,Male,0,Yes,No,52,Yes,No,Fiber optic,Yes,Yes,No,Yes,Yes,Yes,Month-to-month,No,Credit card (automatic),50.05,2598.91,No
VSUB-5545,Female,0,No,Yes,46,Yes,No,Fiber optic,Yes,Yes,Yes,Yes,No,No,Two year,No,Credit card (automatic),90.98,4178.67,No
KGEQ-7389,Female,1,Yes,No,45,Yes,Yes,No,No internet service,No internet service,No internet service,No internet service,No internet service,No internet service,Two year,Yes,Electronic check,19.04,861.95,No
LFQS-2935,Male,0,No,No,28,Yes,No,DSL,No,Yes,Yes,No,No,No,One year,Yes,Credit card (automatic),65.43,1837.59,No
WZDF-0768,Female,0,Yes,No,30,Yes,Yes,DSL,Yes,No,No,Yes,No,No,One year,No,Credit card (automatic),44.14,1330.43,No
SRQS-4123,Female,0,Yes,No,72,Yes,No,No,No internet service,No internet service,No internet service,No internet service,No internet service,No internet service,Month-to-month,Yes,Mailed check,27.12,1942.94,No
GMCP-8730,Female,0,No,No,47,Yes,No,DSL,No,No,No,Yes,Yes,No,One year,Yes,Credit card (automatic),62.15,2923.52,No
QQAH-2524,Female,0,Yes,No,55,Yes,Yes,Fiber optic,No,No,No,Yes,Yes,No,Two year,Yes,Mailed check,99.61,5475.3,No
MONW-1552,Male,0,Yes,No,64,Yes,No,DSL,No,Yes,No,No,Yes,Yes,One year,Yes,Bank transfer (automatic),69.11,4428.7,No
VJJU-1872,Female,1,No,No,2,No,No phone service,No,No internet service,No internet service,No internet service,No internet service,No internet service,No internet service,Two year,Yes,Mailed check,29.2,61.58,No
XYOC-2179,Male,0,No,No,3,Yes,No,Fiber optic,No,Yes,No,Yes,No,No,Two year,Yes,Bank transfer (automatic),102.59,302.14,Yes
QHGG-2038,Female,1,Yes,No,18,Yes,Yes,DSL,No,Yes,No,No,No,Yes,Two year,Yes,Electronic check,56.38,1019.62,Yes
EAOE-7748,Male,1,Yes,No,40,Yes,No,DSL,No,No,No,No,No,No,Month-to-month,No,Electronic check,49.04,1957.97,Yes
ADCB-7681,Male,0,Yes,No,21,Yes,Yes,No,No internet service,No internet service,No internet service,No internet service,No internet service,No internet service,Month-to-month,No,Electronic check,24.24,505.8,No
NNDF-2721,Female,1,No,Yes,71,Yes,No,No,No internet service,No internet service,No internet service,No internet service,No internet service,No internet service,One year,Yes,Credit card (automatic),25.0,1773.03,No
MSFP-1706,Male,0,Yes,No,24,Yes,No,DSL,No,No,No,Yes,No,No,Month-to-month,Yes,Bank transfer (automatic),45.9,1103.95,No
BJPF-1197,Female,0,Yes,Yes,3,Yes,No,DSL,Yes,Yes,Yes,No,Yes,No,Month-to-month,Yes,Mailed check,50.32,152.5,No
OBGC-7676,Male,0,No,No,52,Yes,Yes,DSL,No,Yes,No,No,No,No,One year,Yes,Electronic check,56.59,2945.04,No
VGUG-0084,Female,1,Yes,Yes,50,Yes,No,Fiber optic,Yes,Yes,No,Yes,Yes,No,Month-to-month,No,Mailed check,99.1,4961.18,Yes
MUSU-2885,Female,0,No,No,4,Yes,No,DSL,No,Yes,Yes,Yes,Yes,Yes,Month-to-month,Yes,Electronic check,48.13,184.43,Yes
QWWJ-9375,Male,1,Yes,Yes,49,Yes,No,No,No internet service,No internet service,No internet service,No internet service,No internet service,No internet service,One year,Yes,Electronic check,25.38,1250.61,No
TTRN-1347,Male,0,Yes,Yes,49,Yes,No,Fiber optic,No,No,No,Yes,No,No,Month-to-month,Yes,Credit card (automatic),85.16,4166.17,No
OVDM-6716,Female,0,No,No,58,Yes,Yes,DSL,Yes,No,Yes,No,No,Yes,Two year,No,Bank transfer (automatic),62.12,3591.96,No
NBRX-1808,Female,0,No,No,20,Yes,Yes,Fiber optic,No,No,No,Yes,No,Yes,One year,Yes,Electronic check,103.89,2083.36,No
QZZR-5506,Female,0,Yes,No,22,Yes,No,Fiber optic,No,No,No,No,No,Yes,One year,No,Bank transfer (automatic),54.28,1196.72,No
XRHI-5488,Female,0,No,No,2,Yes,Yes,Fiber optic,Yes,Yes,No,No,Yes,Yes,Month-to-month,No,Bank transfer (automatic),88.52,185.03,Yes
AKSI-1331,Male,0,No,No,49,Yes,No,DSL,No,No,No,Yes,No,Yes,Month-to-month,No,Electronic check,73.9,3628.51,No
OSMS-0572,Male,1,No,No,53,Yes,Yes,Fiber optic,Yes,No,No,No,Yes,Yes,Month-to-month,No,Mailed check,86.75,4593.7,Yes
EQZW-9087,Male,1,No,No,15,Yes,No,Fiber optic,No,Yes,Yes,No,No,Yes,Month-to-month,Yes,Electronic check,63.87,964.89,Yes
WJOW-4440,Male,0,No,Yes,5,Yes,No,DSL,Yes,Yes,No,No,No,No,Two year,Yes,Bank transfer (automatic),72.23,362.71,No
XLKQ-3884,Female,0,No,No,40,Yes,No,DSL,No,Yes,No,Yes,Yes,Yes,Month-to-month,Yes,Mailed check,38.55,1536.13,No
TSSL-4904,Female,0,Yes,No,53,Yes,No,No,No internet service,No internet service,No internet service,No internet service,No internet service,No internet service,Month-to-month,No,Mailed check,26.24,1384.8,No
VPGI-2128,Male,0,No,Yes,9,No,No phone service,Fiber optic,Yes,Yes,No,Yes,Yes,Yes,Month-to-month,Yes,Credit card (automatic),99.11,896.57,No
GIMR-4318,Female,1,No,Yes,28,Yes,No,Fiber optic,No,Yes,No,Yes,No,Yes,Two year,No,Electronic check,95.07,2661.55,No
IFKV-7503,Female,0,Yes,No,58,No,No phone service,DSL,No,No,Yes,Yes,No,No,Two year,Yes,Mailed check,39.82,2317.24,No
MWMM-1877,Male,0,No,No,45,Yes,No,No,No internet service,No internet service,No internet service,No internet service,No internet service,No internet service,Two year,No,Electronic check,25.39,1145.22,No
GDRC-5475,Male,1,No,No,11,Yes,No,No,No internet service,No internet service,No internet service,No internet service,No internet service,No internet service,Two year,Yes,Electronic check,24.88,266.64,No
VADU-2805,Male,0,Yes,No,28,Yes,Yes,No,No internet service,No internet service,No internet service,No internet service,No internet service,No internet service,Month-to-month,Yes,Electronic check,23.09,647.71,No
VJUL-4945,Male,0,Yes,No,71,Yes,No,Fiber optic,No,No,No,No,Yes,No,One year,No,Mailed check,102.8,7303.76,No
XBVQ-3928,Male,0,Yes,No,48,Yes,Yes,Fiber optic,No,No,Yes,Yes,Yes,Yes,Month-to-month,Yes,Bank transfer (automatic),104.32,5009.19,Yes
COFQ-5378,Male,1,No,No,39,Yes,No,No,No internet service,No internet service,No internet service,No internet service,No internet service,No internet service,One year,Yes,Credit card (automatic),29.74,1154.22,No
DZZF-0360,Male,0,No,Yes,42,Yes,Yes,No,No internet service,No internet service,No internet service,No internet service,No internet service,No internet service,Month-to-month,Yes,Credit card (automatic),22.56,950.16,No
HZLV-4981,Female,0,Yes,Yes,6,Yes,No,No,No internet service,No internet service,No internet service,No internet service,No internet service,No internet service,Two year,Yes,Bank transfer (automatic),28.87,166.61,No
EFGU-8069,Female,0,Yes,No,11,Yes,No,DSL,No,Yes,No,Yes,No,Yes,Two year,Yes,Mailed check,58.6,649.38,No
GTYL-4363,Female,0,Yes,No,12,No,No phone service,Fiber optic,Yes,Yes,Yes,No,No,No,One year,Yes,Mailed check,64.92,784.79,No
OSIK-7068,Male,0,No,No,60,Yes,No,Fiber optic,No,No,Yes,Yes,Yes,Yes,One year,No,Credit card (automatic),91.55,5505.33,No
XHMV-3728,Male,0,No,Yes,46,Yes,Yes,Fiber optic,Yes,No,Yes,No,Yes,No,Month-to-month,No,Credit card (automatic),88.98,4094.66,No
BBMO-6939,Male,0,No,No,18,Yes,Yes,DSL,No,Yes,Yes,Yes,No,Yes,Month-to-month,No,Electronic check,39.04,691.49,Yes
HIWE-7315,Female,1,No,No,2,No,No phone service,DSL,Yes,No,Yes,No,Yes,No,Month-to-month,No,Mailed check,39.47,77.75,No
IQZL-6989,Male,1,Yes,Yes,71,Yes,Yes,No,No internet service,No internet service,No internet service,No internet service,No internet service,No internet service,One year,Yes,Credit card (automatic),29.22,2075.54,No
YJMS-4773,Female,0,No,Yes,39,Yes,Yes,Fiber optic,No,Yes,Yes,No,No,Yes,Month-to-month,Yes,Bank transfer (automatic),107.07,4180.81,No
OKKA-0357,Male,0,No,Yes,11,Yes,Yes,No,No internet service,No internet service,No internet service,No internet service,No internet service,No internet service,Two year,Yes,Mailed check,19.78,211.64,No
VYOI-1901,Female,0,No,No,30,Yes,Yes,DSL,No,No,No,Yes,No,No,Month-to-month,Yes,Mailed check,67.16,2006.64,No
ETTI-7501,Female,0,Yes,No,34,Yes,Yes,DSL,No,No,Yes,No,Yes,No,Month-to-month,No,Credit card (automatic),51.64,1760.01,No
FBOZ-4455,Male,1,Yes,Yes,65,Yes,Yes,Fiber optic,No,No,No,No,No,No,One year,Yes,Bank transfer (automatic),95.16,6184.29,No
VRNJ-2570,Male,0,No,No,26,No,No phone service,Fiber optic,Yes,Yes,Yes,No,Yes,Yes,Month-to-month,No,Bank transfer (automatic),88.99,2312.23,No
QPKM-1583,Female,0,No,No,2,Yes,No,Fiber optic,Yes,Yes,Yes,No,Yes,No,Two year,Yes,Credit card (automatic),75.56,145.47,No
CPXZ-8481,Female,0,Yes,No,47,No,No phone service,DSL,Yes,Yes,No,No,Yes,Yes,Month-to-month,Yes,Bank transfer (automatic),33.5,1585.1,No
SWWF-5195,Male,0,Yes,No,20,Yes,No,No,No internet service,No internet service,No internet service,No internet service,No internet service,No internet service,Month-to-month,No,Electronic check,19.29,389.47,No
DLSB-0411,Male,0,No,No,51,Yes,No,No,No internet service,No internet service,No internet service,No internet service,No internet service,No internet service,Two year,Yes,Electronic check,21.6,1099.88,No
WHMJ-7306,Male,0,No,No,6,Yes,Yes,DSL,No,No,Yes,No,No,No,Month-to-month,Yes,Bank transfer (automatic),47.33,288.99,No
QTXR-5584,Male,0,Yes,Yes,50,Yes,No,Fiber optic,Yes,Yes,No,Yes,No,No,One year,Yes,Electronic check,83.13,4152.24,No
JDEJ-4797,Female,0,No,Yes,44,Yes,Yes,DSL,No,Yes,Yes,Yes,Yes,No,Two year,No,Credit card (automatic),68.09,2995.53,No
BWHP-5482,Male,1,No,No,45,Yes,Yes,No,No internet service,No internet service,No internet service,No internet service,No internet service,No internet service,One year,No,Bank transfer (automatic),28.61,1281.99,No
LMMJ-3857,Female,1,No,No,32,Yes,No,Fiber optic,Yes,No,Yes,Yes,Yes,No,Month-to-month,Yes,Electronic check,65.64,2112.67,No
WBSA-8602,Male,0,Yes,No,35,Yes,No,No,No internet service,No internet service,No internet service,No internet service,No internet service,No internet service,Month-to-month,Yes,Credit card (automatic),24.95,866.05,No
TTUC-2069,Female,0,Yes,Yes,16,Yes,No,Fiber optic,Yes,No,No,No,No,Yes,Month-to-month,Yes,Credit card (automatic),100.4,1603.23,Yes
NQRM-3341,Male,0,Yes,Yes,5,Yes,Yes,Fiber optic,Yes,No,No,No,No,No,Month-to-month,Yes,Electronic check,78.12,386.99,Yes
DARA-9933,Female,0,No,No,20,Yes,No,No,No internet service,No internet service,No internet service,No internet service,No internet service,No internet service,One year,No,Mailed check,21.37,429.63,No
WJKI-8490,Male,0,No,Yes,37,Yes,No,Fiber optic,No,Yes,No,Yes,No,Yes,Month-to-month,Yes,Electronic check,52.1,1931.35,No
QVBX-8347,Male,0,No,No,33,Yes,No,DSL,Yes,No,Yes,Yes,Yes,No,Month-to-month,Yes,Electronic check,35.89,1192.5,Yes
SUCL-9226,Male,0,Yes,No,48,Yes,Yes,No,No internet service,No internet service,No internet service,No internet service,No internet service,No internet service,Month-to-month,Yes,Bank transfer (automatic),25.04,1205.2,No
OWGZ-7443,Male,0,Yes,Yes,60,Yes,No,No,No internet service,No internet service,No internet service,No internet service,No internet service,No internet service,Month-to-month,Yes,Electronic check,24.0,1435.63,No
WJTO-1378,Female,1,No,No,57,Yes,No,DSL,No,No,Yes,Yes,Yes,No,Month-to-month,No,Electronic check,47.2,2689.64,No
PSPG-8392,Male,0,Yes,Yes,11,Yes,No,Fiber optic,No,No,No,No,No,No,One year,Yes,Electronic check,105.51,1152.92,No
EACO-7731,Male,0,No,No,17,Yes,Yes,No,No internet service,No internet service,No internet service,No internet service,No internet service,No internet service,One year,No,Mailed check,18.62,317.73,No
XXJD-2180,Male,0,No,No,61,Yes,Yes,Fiber optic,Yes,No,No,Yes,No,Yes,Month-to-month,Yes,Mailed check,65.19,3970.75,No
WUXT-6448,Male,0,Yes,Yes,5,Yes,No,DSL,Yes,No,No,Yes,No,No,One year,Yes,Credit card (automatic),33.29,168.87,No
YYVF-4897,Female,0,No,No,47,Yes,Yes,No,No internet service,No internet service,No internet service,No internet service,No internet service,No internet service,Month-to-month,Yes,Credit card (automatic),22.16,1046.26,No
GGFU-3225,Male,0,No,No,10,Yes,Yes,Fiber optic,No,No,No,No,Yes,No,Month-to-month,Yes,Electronic check,89.74,896.36,Yes
ODLF-2384,Female,0,Yes,Yes,32,No,No phone service,No,No internet service,No internet service,No internet service,No internet service,No internet service,No internet service,Month-to-month,No,Bank transfer (automatic),18.08,580.52,No
MWZR-4828,Male,0,Yes,Yes,20,Yes,Yes,Fiber optic,No,No,Yes,Yes,Yes,No,Two year,No,Electronic check,96.13,1923.94,No
POVD-6754,Male,1,No,No,23,Yes,No,Fiber optic,No,No,No,No,Yes,No,Month-to-month,Yes,Bank transfer (automatic),102.12,2349.3,No
VUHQ-6991,Female,0,Yes,No,54,Yes,No,DSL,Yes,No,No,Yes,Yes,Yes,Two year,No,Electronic check,32.25,1736.96,No
IQKJ-5803,Male,1,Yes,No,48,Yes,No,Fiber optic,No,No,Yes,Yes,Yes,Yes,Month-to-month,Yes,Bank transfer (automatic),52.66,2519.65,Yes
PTOY-4450,Male,0,No,No,8,Yes,No,No,No internet service,No internet service,No internet service,No internet service,No internet service,No internet service,Month-to-month,No,Credit card (automatic),18.06,147.41,Yes
AYSD-0871,Male,0,Yes,No,37,Yes,Yes,No,No internet service,No internet service,No internet service,No internet service,No internet service,No internet service,One year,No,Bank transfer (automatic),18.64,684.34,No
HOGF-0696,Male,0,No,No,4,No,No phone service,DSL,Yes,No,Yes,No,Yes,No,One year,No,Electronic check,36.9,140.81,No
YQBI-8553,Male,0,Yes,Yes,40,Yes,No,Fiber optic,No,No,Yes,No,No,No,One year,Yes,Electronic check,75.93,3034.27,No
TUCQ-0600,Female,0,Yes,Yes,33,Yes,Yes,Fiber optic,No,Yes,No,Yes,Yes,No,Two year,No,Mailed check,104.25,3431.05,No
CZOD-3102,Male,0,Yes,No,62,Yes,No,Fiber optic,No,Yes,No,Yes,Yes,Yes,One year,Yes,Electronic check,69.18,4293.17,No
KTCH-9016,Male,0,No,Yes,16,Yes,No,Fiber optic,Yes,Yes,Yes,No,No,Yes,Month-to-month,No,Mailed check,75.35,1211.04,No
DXSF-8007,Male,0,Yes,No,52,Yes,Yes,DSL,Yes,No,Yes,No,Yes,Yes,Month-to-month,Yes,Mailed check,40.05,2089.8,No
SUAE-5722,Female,0,No,No,35,No,No phone service,No,No internet service,No internet service,No internet service,No internet service,No internet service,No internet service,Two year,Yes,Electronic check,19.99,702.74,No
LPKJ-8336,Female,0,Yes,No,35,Yes,No,No,No internet service,No internet service,No internet service,No internet service,No internet service,No internet service,Month-to-month,No,Electronic check,23.08,808.88,No
BXVS-8476,Female,0,No,Yes,12,Yes,Yes,Fiber optic,No,No,Yes,No,Yes,No,Month-to-month,Yes,Mailed check,47.2,571.5,No
NXWC-1622,Male,0,Yes,No,19,Yes,Yes,No,No internet service,No internet service,No internet service,No internet service,No internet service,No internet service,Two year,Yes,Credit card (automatic),22.01,419.24,No
RTPH-0044,Male,1,No,Yes,50,Yes,No,Fiber optic,Yes,No,Yes,Yes,No,No,Two year,Yes,Credit card (automatic),96.9,4850.24,No
LQFA-4845,Male,1,No,Yes,15,No,No phone service,DSL,Yes,No,No,Yes,Yes,No,Two year,Yes,Credit card (automatic),43.76,663.08,No
XARP-8254,Male,0,No,No,5,Yes,Yes,Fiber optic,No,Yes,No,Yes,No,Yes,Month-to-month,Yes,Bank transfer (automatic),100.83,503.18,No
BOGD-0356,Male,1,No,Yes,9,Yes,Yes,DSL,Yes,No,No,No,No,No,Two year,Yes,Bank transfer (automatic),54.49,487.59,No
OWNW-2573,Female,0,No,No,30,Yes,Yes,No,No internet service,No internet service,No internet service,No internet service,No internet service,No internet service,Month-to-month,Yes,Bank transfer (automatic),23.54,708.89,No
XRJI-8799,Male,0,Yes,No,17,Yes,No,DSL,Yes,Yes,Yes,No,Yes,No,Month-to-month,No,Mailed check,73.43,1243.37,Yes
QBFZ-4841,Female,1,Yes,Yes,40,Yes,Yes,DSL,Yes,No,Yes,No,No,Yes,Month-to-month,No,Electronic check,50.55,2023.28,No
ZTIQ-0629,Female,0,No,No,46,Yes,No,Fiber optic,No,Yes,No,No,No,No,One year,No,Electronic check,66.42,3057.02,No
BYCP-1795,Female,0,No,Yes,23,Yes,No,DSL,No,Yes,No,Yes,Yes,Yes,Month-to-month,Yes,Bank transfer (automatic),46.29,1066.16,No
VZKW-6538,Male,1,No,No,39,Yes,No,DSL,Yes,Yes,Yes,No,No,No,Two year,No,Credit card (automatic),27.06,1062.48,No
VTLS-3214,Male,1,Yes,Yes,44,Yes,Yes,Fiber optic,Yes,Yes,No,No,No,No,Month-to-month,Yes,Electronic check,81.35,3586.26,No
BVCF-9805,Female,0,No,No,0,Yes,No,No,No internet service,No internet service,No internet service,No internet service,No internet service,No internet service,Month-to-month,Yes,Bank transfer (automatic),29.37,0.0,No
IDBD-0298,Female,1,No,No,26,Yes,No,Fiber optic,Yes,No,Yes,No,Yes,Yes,Month-to-month,Yes,Credit card (automatic),53.84,1398.55,No
JUOV-2475,Female,0,Yes,No,21,Yes,Yes,Fiber optic,Yes,No,Yes,Yes,No,No,One year,No,Credit card (automatic),77.51,1618.73,No
DBYM-0036,Female,0,Yes,Yes,27,Yes,Yes,DSL,No,No,No,Yes,No,Yes,One year,Yes,Electronic check,74.52,2014.46,No
QIDS-0938,Female,0,Yes,No,47,Yes,Yes,No,No internet service,No internet service,No internet service,No internet service,No internet service,No internet service,Month-to-month,Yes,Electronic check,27.18,1280.15,No
MNJF-5091,Male,1,Yes,No,34,Yes,No,Fiber optic,Yes,No,No,No,No,Yes,Two year,Yes,Mailed check,51.26,1745.41,No
VRCT-4838,Female,0,No,No,2,Yes,Yes,Fiber optic,No,No,No,Yes,No,Yes,Month-to-month,No,Electronic check,100.07,206.71,No
ZSXQ-8891,Female,1,Yes,No,37,Yes,No,Fiber optic,No,No,No,Yes,Yes,Yes,Month-to-month,Yes,Electronic check,76.16,2816.75,No
TMHG-0463,Male,1,Yes,No,43,Yes,No,Fiber optic,Yes,No,No,No,Yes,No,Month-to-month,Yes,Electronic check,66.5,2856.7,Yes
OAYN-4171,Female,1,Yes,Yes,4,Yes,Yes,DSL,Yes,Yes,No,No,Yes,Yes,Two year,Yes,Bank transfer (automatic),49.14,192.89,No
CZAK-1691,Female,0,Yes,No,6,Yes,Yes,Fiber optic,Yes,Yes,Yes,Yes,Yes,No,Month-to-month,Yes,Mailed check,103.59,616.83,No
FSDM-7295,Female,1,No,No,41,Yes,No,DSL,Yes,No,Yes,No,Yes,No,Two year,No,Bank transfer (automatic),35.54,1449.58,No
AWXN-7290,Female,0,Yes,No,56,Yes,Yes,Fiber optic,No,No,Yes,No,No,No,Two year,No,Bank transfer (automatic),55.02,3076.1,No
IFKY-6005,Male,0,Yes,No,28,Yes,No,Fiber optic,No,No,No,Yes,Yes,No,Month-to-month,No,Electronic check,60.29,1696.37,No
EIRX-4195,Male,1,No,No,62,Yes,No,Fiber optic,No,No,Yes,Yes,No,Yes,One year,Yes,Electronic check,70.07,4345.52,No
ZHDR-4115,Female,0,No,No,35,Yes,No,Fiber optic,No,Yes,Yes,Yes,No,No,Month-to-month,Yes,Electronic check,80.46,2820.43,Yes
KZYM-3565,Female,0,No,Yes,39,Yes,No,DSL,Yes,Yes,Yes,Yes,No,No,Month-to-month,Yes,Electronic check,70.4,2745.62,No
XDOA-6251,Female,0,Yes,No,20,Yes,No,Fiber optic,No,No,No,No,No,Yes,One year,No,Mailed check,94.91,1894.58,No
YAFF-4409,Female,0,Yes,Yes,52,No,No phone service,No,No internet service,No internet service,No internet service,No internet service,No internet service,No internet service,Month-to-month,No,Electronic check,24.82,1285.12,No
URGC-3223,Male,0,No,Yes,15,Yes,Yes,Fiber optic,Yes,No,Yes,No,No,Yes,Month-to-month,Yes,Bank transfer (automatic),71.86,1080.37,Yes
EADL-7968,Male,1,No,No,45,Yes,No,DSL,No,Yes,No,Yes,Yes,Yes,Month-to-month,No,Mailed check,64.27,2895.24,No
UZTX-8664,Male,1,Yes,No,8,Yes,No,DSL,No,Yes,Yes,No,Yes,No,Month-to-month,Yes,Credit card (automatic),73.45,588.28,Yes
DNJQ-9960,Female,0,Yes,No,2,No,No phone service,Fiber optic,Yes,No,No,No,No,No,Two year,No,Mailed check,99.84,203.86,No
QUIF-2265,Male,0,No,No,22,Yes,No,DSL,No,No,No,No,Yes,Yes,Month-to-month,Yes,Credit card (automatic),31.35,690.01,No
IVEJ-6062,Female,0,No,Yes,12,Yes,No,Fiber optic,No,Yes,No,Yes,No,No,Month-to-month,Yes,Credit card (automatic),73.83,886.49,No
YVIO-4636,Female,0,No,No,37,Yes,No,Fiber optic,Yes,Yes,No,No,No,Yes,Month-to-month,No,Bank transfer (automatic),66.86,2471.01,No
MQWH-4145,Male,1,No,Yes,33,Yes,Yes,Fiber optic,No,Yes,Yes,No,Yes,Yes,Month-to-month,No,Bank transfer (automatic),106.65,3517.48,Yes
LRVV-0092,Female,0,No,No,25,Yes,Yes,Fiber optic,Yes,No,Yes,No,Yes,No,One year,No,Electronic check,90.78,2266.82,No
NZJO-2318,Male,0,No,Yes,31,Yes,No,Fiber optic,No,No,No,Yes,No,No,Month-to-month,No,Mailed check,68.74,2132.34,No
JKNG-6525,Male,1,No,Yes,19,Yes,Yes,No,No internet service,No internet service,No internet service,No internet service,No internet service,No internet service,Month-to-month,No,Electronic check,27.16,512.46,Yes
OXHK-8002,Female,0,Yes,No,45,Yes,No,DSL,No,Yes,No,Yes,Yes,No,Month-to-month,Yes,Electronic check,47.21,2130.15,No
CJHO-9011,Male,0,Yes,No,54,Yes,No,Fiber optic,No,No,Yes,No,No,No,Two year,No,Electronic check,49.89,2692.71,No
SMVA-1046,Female,0,No,Yes,8,Yes,Yes,DSL,No,No,Yes,No,No,Yes,Two year,No,Electronic check,62.59,499.52,No
XZQG-4902,Female,0,No,Yes,50,Yes,No,DSL,No,No,Yes,No,No,Yes,Month-to-month,Yes,Bank transfer (automatic),47.29,2365.93,No
GZQG-4000,Male,1,No,Yes,56,Yes,No,DSL,Yes,No,No,Yes,Yes,No,Month-to-month,Yes,Credit card (automatic),28.65,1614.94,No
KYCO-4985,Male,0,Yes,No,44,Yes,Yes,Fiber optic,Yes,No,Yes,Yes,Yes,No,Month-to-month,Yes,Electronic check,53.19,2335.99,No
IXXA-8582,Male,0,No,No,37,No,No phone service,DSL,No,No,No,No,No,Yes,Month-to-month,Yes,Mailed check,63.18,2336.72,Yes
LSVI-6221,Male,0,No,Yes,67,Yes,No,No,No internet service,No internet service,No internet service,No internet service,No internet service,No internet service,Month-to-month,No,Credit card (automatic),25.33,1706.27,No
IMOC-4871,Male,0,Yes,No,11,Yes,No,Fiber optic,Yes,No,No,No,No,No,Month-to-month,Yes,Mailed check,67.18,751.16,No
SPBH-5587,Female,0,No,No,9,No,No phone service,DSL,Yes,Yes,No,Yes,No,No,Two year,No,Credit card (automatic),54.52,488.82,No
DOTY-0115,Female,0,Yes,No,64,Yes,Yes,Fiber optic,Yes,Yes,No,Yes,No,Yes,Month-to-month,Yes,Mailed check,48.03,3072.51,No
OTJC-2257,Male,0,Yes,Yes,11,Yes,Yes,DSL,No,No,Yes,No,Yes,No,Month-to-month,Yes,Bank transfer (automatic),38.8,421.07,No
WDTK-9108,Male,0,Yes,No,51,Yes,No,DSL,Yes,Yes,Yes,No,Yes,Yes,Month-to-month,No,Credit card (automatic),28.92,1475.91,No
BXOP-8378,Male,0,No,No,50,Yes,No,Fiber optic,Yes,Yes,No,No,Yes,Yes,Month-to-month,No,Credit card (automatic),80.88,4038.21,No
ZZEP-6930,Female,0,Yes,No,63,Yes,Yes,DSL,No,No,Yes,No,No,No,Month-to-month,No,Mailed check,49.08,3092.46,No
CESL-6859,Female,0,No,No,56,Yes,No,DSL,Yes,Yes,No,No,Yes,No,Two year,Yes,Electronic check,54.5,3053.5,No
QPWC-4939,Female,0,Yes,Yes,18,Yes,Yes,Fiber optic,No,Yes,Yes,No,No,No,Month-to-month,Yes,Mailed check,70.92,1275.72,No
EUVJ-9577,Male,0,No,No,29,Yes,Yes,Fiber optic,No,No,Yes,Yes,Yes,No,Month-to-month,Yes,Mailed check,75.84,2198.89,Yes
YHMB-9091,Female,1,No,No,23,Yes,No,Fiber optic,No,No,Yes,Yes,No,No,One year,Yes,Bank transfer (automatic),84.68,1940.87,No
RLSZ-6105,Male,0,Yes,Yes,25,No,No phone service,Fiber optic,No,No,No,No,No,Yes,Month-to-month,No,Mailed check,90.41,2260.83,Yes
YOCF-2049,Male,0,Yes,No,35,Yes,No,Fiber optic,Yes,Yes,No,Yes,No,No,Month-to-month,No,Credit card (automatic),74.76,2616.87,No
NMDG-5964,Male,0,No,No,55,Yes,No,No,No internet service,No internet service,No internet service,No internet service,No internet service,No internet service,Month-to-month,No,Mailed check,25.14,1383.41,No
OODW-6573,Female,0,Yes,No,57,Yes,Yes,DSL,No,No,No,No,No,No,Month-to-month,No,Electronic check,29.95,1707.59,No
ZETL-0704,Female,0,No,Yes,31,Yes,No,DSL,No,No,Yes,No,No,No,Month-to-month,No,Credit card (automatic),56.08,1739.2,No
VFUC-4715,Male,1,Yes,No,1,Yes,No,Fiber optic,Yes,No,Yes,No,No,Yes,Two year,Yes,Credit card (automatic),48.62,49.54,No
YXNX-7675,Male,0,No,Yes,72,Yes,No,No,No internet service,No internet service,No internet service,No internet service,No internet service,No internet service,One year,No,Mailed check,25.08,1815.3,No
RBHK-0553,Male,0,Yes,No,48,Yes,Yes,Fiber optic,No,Yes,Yes,No,Yes,No,Month-to-month,No,Electronic check,93.77,4503.04,No
LKJC-2023,Female,0,No,No,45,Yes,No,Fiber optic,No,No,No,No,Yes,Yes,One year,Yes,Electronic check,53.02,2378.41,Yes
KUSV-4255,Female,0,No,No,54,Yes,No,Fiber optic,No,No,No,Yes,No,No,Month-to-month,Yes,Credit card (automatic),72.35,3903.38,Yes
NXRQ-3692,Male,0,No,No,11,Yes,No,Fiber optic,No,Yes,Yes,No,No,No,Month-to-month,No,Electronic check,76.27,843.94,No
CPEU-9283,Male,0,No,No,62,Yes,Yes,Fiber optic,Yes,No,No,Yes,Yes,No,Month-to-month,No,Electronic check,45.23,2802.83,No
SKBJ-8326,Male,0,No,No,34,Yes,Yes,Fiber optic,Yes,No,No,No,Yes,No,One year,No,Credit card (automatic),94.21,3202.15,No
XKNB-6442,Male,0,No,No,21,Yes,Yes,DSL,Yes,Yes,Yes,No,No,Yes,Month-to-month,Yes,Mailed check,32.88,700.14,Yes
ULRD-5093,Female,0,No,Yes,9,Yes,Yes,Fiber optic,No,No,No,No,No,Yes,Month-to-month,No,Bank transfer (automatic),48.33,432.55,Yes
FYNK-1651,Female,0,No,Yes,49,Yes,No,Fiber optic,Yes,Yes,Yes,Yes,No,No,Month-to-month,Yes,Electronic check,73.99,3620.16,No
XWKU-4688,Female,1,Yes,No,34,Yes,Yes,DSL,No,No,No,No,Yes,Yes,Two year,No,Electronic check,47.05,1600.0,Yes
IVJV-2063,Male,0,Yes,No,15,Yes,No,Fiber optic,Yes,No,Yes,No,No,No,One year,No,Electronic check,95.74,1428.29,No
AOHL-5510,Female,0,No,No,35,Yes,Yes,Fiber optic,No,No,No,Yes,No,No,Month-to-month,No,Bank transfer (automatic),100.94,3542.62,No
NNRT-1067,Female,0,Yes,No,60,No,No phone service,DSL,Yes,Yes,No,No,Yes,Yes,Month-to-month,No,Credit card (automatic),58.93,3544.83,No
VTFC-7914,Female,0,Yes,Yes,16,Yes,No,Fiber optic,No,Yes,Yes,No,No,No,Month-to-month,Yes,Credit card (automatic),105.08,1689.72,No
QFBD-5977,Male,0,Yes,No,0,Yes,Yes,No,No internet service,No internet service,No internet service,No internet service,No internet service,No internet service,Month-to-month,No,Credit card (automatic),26.46,0.0,Yes
KVTH-7903,Female,0,Yes,Yes,11,Yes,Yes,DSL,Yes,No,No,No,No,No,Two year,Yes,Mailed check,46.2,508.07,No
TWPN-6746,Female,0,No,No,2,Yes,No,Fiber optic,Yes,Yes,No,Yes,No,No,Two year,Yes,Mailed check,69.91,140.26,No
XICS-3490,Male,1,No,No,72,Yes,No,No,No internet service,No internet service,No internet service,No internet service,No internet service,No internet service,One year,No,Credit card (automatic),23.62,1695.33,No
OWYH-4364,Male,0,No,Yes,18,Yes,Yes,No,No internet service,No internet service,No internet service,No internet service,No internet service,No internet service,Two year,No,Bank transfer (automatic),18.29,328.5,No
WLQQ-9211,Male,0,No,No,21,Yes,No,DSL,No,Yes,Yes,Yes,Yes,No,One year,Yes,Electronic check,57.63,1211.37,No
GLZB-3157,Male,0,No,Yes,0,Yes,Yes,Fiber optic,No,Yes,No,Yes,No,Yes,Two year,Yes,Electronic check,51.45,0.0,No
JTOE-3248,Female,0,Yes,No,52,Yes,Yes,DSL,No,No,No,Yes,Yes,Yes,Month-to-month,Yes,Bank transfer (automatic),26.63,1389.76,No
HHHL-7677,Male,1,Yes,Yes,43,Yes,No,DSL,Yes,No,No,No,Yes,No,Two year,Yes,Credit card (automatic),53.25,2288.99,No
XJGQ-3349,Female,0,No,No,9,Yes,Yes,Fiber optic,Yes,No,Yes,Yes,No,Yes,Month-to-month,Yes,Credit card (automatic),84.77,767.38,Yes
VDRF-7765,Male,0,No,Yes,7,Yes,Yes,Fiber optic,Yes,No,Yes,No,No,No,Two year,No,Bank transfer (automatic),103.91,724.63,No
BWKN-4597,Male,0,Yes,No,16,Yes,No,DSL,No,Yes,Yes,Yes,Yes,Yes,One year,Yes,Electronic check,45.16,721.34,No
NXCL-6006,Female,1,No,No,69,Yes,Yes,Fiber optic,Yes,Yes,Yes,Yes,Yes,No,Month-to-month,Yes,Electronic check,47.19,3257.12,Yes
JYWJ-4718,Male,0,No,No,6,Yes,No,DSL,No,No,No,No,Yes,No,Month-to-month,No,Credit card (automatic),40.56,242.7,Yes
VMYP-1270,Male,0,No,Yes,62,Yes,Yes,Fiber optic,No,No,No,Yes,Yes,No,Month-to-month,Yes,Credit card (automatic),108.12,6702.56,Yes
OJOO-6608,Female,0,Yes,No,36,Yes,No,DSL,No,Yes,No,No,Yes,No,Month-to-month,No,Electronic check,73.5,2645.9,No
HTZU-1852,Female,0,Yes,No,67,No,No phone service,DSL,No,No,No,Yes,No,No,Two year,Yes,Credit card (automatic),61.62,4125.12,No
GYCP-1663,Male,0,Yes,No,63,Yes,No,DSL,No,Yes,No,Yes,No,Yes,Month-to-month,No,Bank transfer (automatic),40.09,2518.22,No
YHMM-0045,Male,0,Yes,No,6,Yes,No,DSL,Yes,Yes,No,No,No,No,Month-to-month,No,Credit card (automatic),27.39,161.99,No
SMYZ-5367,Male,0,Yes,Yes,15,Yes,No,No,No internet service,No internet service,No internet service,No internet service,No internet service,No internet service,Month-to-month,Yes,Bank transfer (automatic),19.89,305.49,No
YMFF-7422,Female,0,No,Yes,13,Yes,Yes,Fiber optic,Yes,Yes,No,Yes,No,No,One year,No,Credit card (automatic),51.37,660.69,No
MVBP-5576,Female,1,Yes,Yes,35,Yes,No,No,No internet service,No internet service,No internet service,No internet service,No internet service,No internet service,One year,No,Credit card (automatic),23.25,802.9,No
HYFN-2920,Male,1,No,No,72,Yes,No,Fiber optic,Yes,Yes,No,Yes,No,Yes,Month-to-month,Yes,Electronic check,92.31,6642.85,No
ETYI-4936,Female,0,Yes,Yes,10,Yes,Yes,Fiber optic,No,Yes,No,Yes,No,Yes,Month-to-month,Yes,Electronic check,76.0,755.89,No
VDMM-9103,Female,0,Yes,Yes,0,Yes,No,Fiber optic,No,No,No,No,No,Yes,Two year,No,Mailed check,106.09,0.0,No
TMQV-3000,Male,0,Yes,Yes,8,No,No phone service,DSL,Yes,No,No,No,Yes,Yes,Two year,No,Electronic check,74.6,605.39,No
XZHR-6779,Male,0,No,No,24,Yes,No,DSL,Yes,No,Yes,No,No,Yes,Month-to-month,No,Electronic check,38.56,920.77,No
OMGE-0861,Male,0,Yes,No,14,Yes,Yes,Fiber optic,Yes,Yes,No,No,Yes,No,One year,Yes,Bank transfer (automatic),47.17,660.34,No
VRQG-1144,Male,0,Yes,No,57,Yes,Yes,Fiber optic,Yes,No,No,No,No,Yes,One year,Yes,Electronic check,75.71,4307.13,No
PWQH-2383,Female,0,Yes,Yes,23,Yes,No,No,No internet service,No internet service,No internet service,No internet service,No internet service,No internet service,Month-to-month,Yes,Bank transfer (automatic),26.39,604.48,Yes
JLUW-3083,Male,1,Yes,Yes,71,Yes,No,Fiber optic,No,No,No,Yes,Yes,No,Month-to-month,No,Mailed check,100.28,7125.47,No
IVOA-2180,Male,0,No,No,70,Yes,No,No,No internet service,No internet service,No internet service,No internet service,No internet service,No internet service,Month-to-month,No,Electronic check,29.33,2053.75,No
MNYY-7707,Female,1,No,Yes,45,Yes,No,Fiber optic,Yes,No,No,No,Yes,No,Month-to-month,Yes,Credit card (automatic),102.03,4595.71,No
JSKG-0094,Female,0,No,Yes,17,Yes,No,No,No internet service,No internet service,No internet service,No internet service,No internet service,No internet service,Month-to-month,Yes,Mailed check,20.6,353.51,No
UHWX-5515,Female,0,No,No,66,Yes,No,DSL,Yes,No,Yes,No,Yes,No,Month-to-month,No,Electronic check,62.13,4095.18,Yes
EMSV-7802,Female,0,No,Yes,62,Yes,Yes,DSL,No,No,No,No,No,Yes,Month-to-month,No,Electronic check,39.43,2429.04,Yes
SKXQ-4217,Female,1,Yes,Yes,23,Yes,Yes,DSL,No,No,Yes,No,No,No,Two year,Yes,Credit card (automatic),60.33,1393.61,No
SGQF-2751,Female,1,No,No,30,Yes,No,DSL,No,Yes,No,Yes,No,No,Month-to-month,Yes,Electronic check,74.5,2233.75,No
FWES-3359,Female,0,Yes,Yes,37,Yes,No,Fiber optic,Yes,No,Yes,No,No,No,Two year,No,Mailed check,109.76,4062.59,No
QKDZ-3908,Male,0,Yes,No,42,Yes,Yes,No,No internet service,No internet service,No internet service,No internet service,No internet service,No internet service,Month-to-month,Yes,Credit card (automatic),29.27,1232.19,No
DWNS-9277,Male,0,No,No,7,Yes,No,DSL,Yes,Yes,Yes,No,Yes,No,Month-to-month,Yes,Bank transfer (automatic),71.18,504.56,No
AJRP-7077,Female,0,No,Yes,71,Yes,Yes,Fiber optic,Yes,Yes,Yes,No,No,Yes,Month-to-month,No,Bank transfer (automatic),60.47,4299.64,No
PRDF-8776,Male,1,Yes,Yes,4,Yes,No,No,No internet service,No internet service,No internet service,No internet service,No internet service,No internet service,Month-to-month,Yes,Mailed check,23.64,96.48,No
NMYB-2975,Female,1,No,No,26,Yes,Yes,No,No internet service,No internet service,No internet service,No internet service,No internet service,No internet service,Month-to-month,Yes,Electronic check,28.59,747.57,Yes
JIZT-7922,Male,1,No,No,62,No,No phone service,DSL,No,No,Yes,No,No,No,Month-to-month,Yes,Credit card (automatic),48.39,3001.43,No
XECZ-0284,Female,0,Yes,No,64,Yes,Yes,Fiber optic,No,No,No,No,No,No,One year,No,Electronic check,106.15,6789.59,Yes
LZOB-6136,Female,0,No,No,62,Yes,Yes,DSL,No,No,No,No,Yes,No,Month-to-month,Yes,Electronic check,55.19,3433.9,No
DWPW-0581,Female,0,No,Yes,4,Yes,No,Fiber optic,Yes,No,No,Yes,Yes,No,One year,Yes,Credit card (automatic),69.69,277.13,No
CZUY-3035,Female,0,Yes,No,66,Yes,Yes,Fiber optic,No,No,No,No,No,Yes,Month-to-month,No,Electronic check,65.8,4347.15,No
UATF-9938,Female,0,Yes,Yes,51,No,No phone service,DSL,Yes,Yes,No,Yes,No,No,One year,Yes,Credit card (automatic),53.41,2726.43,No
UXYZ-4506,Female,0,No,No,3,No,No phone service,DSL,No,Yes,Yes,Yes,No,No,Two year,No,Bank transfer (automatic),56.19,169.73,No
DRUC-5762,Male,0,Yes,No,50,Yes,No,Fiber optic,No,No,Yes,No,Yes,Yes,Month-to-month,Yes,Mailed check,45.74,2292.32,Yes
HRJY-3076,Male,0,No,Yes,42,Yes,No,DSL,Yes,No,No,Yes,Yes,No,Month-to-month,Yes,Electronic check,47.34,1991.69,No
KEZM-4647,Male,0,No,No,54,Yes,Yes,DSL,Yes,Yes,No,Yes,No,Yes,One year,Yes,Electronic check,62.34,3365.31,No
MFEI-1072,Male,0,No,No,40,Yes,Yes,Fiber optic,No,Yes,No,Yes,Yes,Yes,Month-to-month,No,Mailed check,98.27,3928.47,No
KLLG-9759,Male,0,Yes,No,30,Yes,No,DSL,No,No,No,No,No,No,Two year,Yes,Electronic check,63.96,1917.68,No
IGZU-7163,Male,0,Yes,No,34,No,No phone service,Fiber optic,No,No,Yes,Yes,No,Yes,Two year,Yes,Electronic check,75.95,2579.06,No
YLAW-5740,Female,1,No,No,56,Yes,No,Fiber optic,No,No,No,Yes,No,No,Two year,Yes,Electronic check,85.68,4802.03,No
AYJV-9405,Female,0,No,Yes,23,No,No phone service,No,No internet service,No internet service,No internet service,No internet service,No internet service,No internet service,Two year,Yes,Mailed check,25.23,578.1,No
FCMP-7005,Male,0,Yes,No,52,Yes,Yes,Fiber optic,Yes,No,No,No,No,No,Month-to-month,No,Bank transfer (automatic),88.01,4578.31,No
ZMQF-0527,Female,0,No,Yes,29,Yes,No,DSL,No,No,Yes,No,No,No,Two year,Yes,Bank transfer (automatic),31.49,912.11,No
OVMQ-4725,Male,0,No,Yes,6,No,No phone service,No,No internet service,No internet service,No internet service,No internet service,No internet service,No internet service,One year,No,Electronic check,27.02,160.54,No
EVZQ-6819,Male,0,Yes,Yes,8,Yes,Yes,DSL,Yes,No,Yes,No,No,No,Month-to-month,No,Electronic check,72.86,583.14,No
OEZT-5511,Female,0,No,No,20,Yes,Yes,DSL,Yes,No,Yes,Yes,Yes,Yes,Month-to-month,Yes,Bank transfer (automatic),60.6,1212.55,No
DQYN-6622,Female,0,No,Yes,29,Yes,Yes,Fiber optic,Yes,Yes,Yes,No,Yes,No,Two year,Yes,Mailed check,69.2,2001.9,Yes
QCST-3297,Male,1,No,No,21,Yes,No,Fiber optic,Yes,Yes,No,No,No,Yes,Two year,Yes,Bank transfer (automatic),84.44,1768.47,No
XQGK-1023,Female,0,Yes,Yes,46,Yes,No,Fiber optic,No,Yes,Yes,No,Yes,Yes,Two year,Yes,Electronic check,45.01,2068.65,No
MFZN-4373,Female,0,Yes,No,61,Yes,Yes,DSL,No,No,Yes,No,No,Yes,Month-to-month,No,Credit card (automatic),27.02,1653.28,No
MZMB-2577,Male,0,No,Yes,30,Yes,Yes,Fiber optic,Yes,Yes,No,No,No,No,One year,No,Credit card (automatic),68.16,2043.02,No
OKIG-1767,Male,0,Yes,No,3,Yes,No,Fiber optic,Yes,No,Yes,Yes,Yes,No,Month-to-month,Yes,Electronic check,55.81,175.63,No
LSGJ-8295,Male,0,No,Yes,9,Yes,Yes,Fiber optic,No,No,Yes,Yes,No,No,Month-to-month,No,Mailed check,96.27,859.61,Yes
RREU-6164,Male,0,Yes,No,29,No,No phone service,No,No internet service,No internet service,No internet service,No internet service,No internet service,No internet service,Month-to-month,No,Electronic check,22.25,645.38,Yes
FXZN-3659,Female,0,Yes,No,6,Yes,No,Fiber optic,Yes,Yes,No,No,Yes,No,Month-to-month,No,Electronic check,100.59,603.4,Yes
ROHZ-8493,Male,0,No,Yes,14,Yes,Yes,Fiber optic,Yes,No,No,Yes,No,Yes,Month-to-month,Yes,Mailed check,109.2,1526.87,Yes
FPXC-9033,Female,0,Yes,Yes,18,Yes,No,Fiber optic,No,Yes,No,Yes,Yes,Yes,Month-to-month,Yes,Electronic check,101.53,1820.97,No
QISE-5752,Female,0,Yes,Yes,38,Yes,No,Fiber optic,Yes,No,No,Yes,Yes,Yes,Month-to-month,Yes,Mailed check,70.04,2656.15,No
VATV-6928,Male,0,Yes,No,2,No,No phone service,Fiber optic,No,No,Yes,No,Yes,No,Month-to-month,Yes,Electronic check,102.88,196.92,Yes
LWNA-1088,Female,0,Yes,Yes,51,Yes,No,DSL,No,No,No,No,Yes,No,Month-to-month,No,Electronic check,57.31,2924.04,Yes
WJSO-4368,Male,0,Yes,No,12,Yes,No,DSL,Yes,Yes,Yes,No,Yes,No,Two year,No,Electronic check,38.45,453.04,No
BMXP-8998,Female,0,No,No,43,Yes,Yes,Fiber optic,Yes,No,No,No,No,No,Month-to-month,Yes,Mailed check,106.75,4590.58,No
NZWI-8231,Female,0,No,Yes,16,Yes,No,DSL,No,Yes,Yes,Yes,No,No,Month-to-month,No,Electronic check,60.27,964.21,No
JCKK-4456,Female,1,No,Yes,16,Yes,No,DSL,Yes,Yes,No,No,Yes,Yes,Two year,Yes,Bank transfer (automatic),38.85,622.94,No
WQBL-8915,Male,0,Yes,No,51,Yes,No,DSL,No,No,Yes,No,Yes,Yes,Month-to-month,Yes,Electronic check,37.34,1909.42,No
KPQS-1249,Female,0,Yes,Yes,48,Yes,No,DSL,Yes,No,Yes,No,No,No,Two year,Yes,Electronic check,58.87,2829.63,No
PFYL-9365,Male,0,No,No,70,Yes,Yes,No,No internet service,No internet service,No internet service,No internet service,No internet service,No internet service,Month-to-month,Yes,Electronic check,21.33,1492.89,No
BZOH-6670,Female,0,No,No,18,Yes,Yes,DSL,Yes,No,Yes,Yes,No,Yes,Month-to-month,Yes,Electronic check,32.72,591.85,No
QXDU-7493,Male,0,Yes,No,33,Yes,No,DSL,Yes,No,Yes,Yes,Yes,Yes,Two year,Yes,Mailed check,74.38,2462.42,No
VOLE-6963,Female,0,No,No,29,Yes,No,Fiber optic,Yes,Yes,Yes,Yes,No,No,Month-to-month,Yes,Credit card (automatic),58.61,1702.19,Yes
ECOD-3294,Female,0,No,No,28,Yes,No,Fiber optic,No,No,No,Yes,No,No,Month-to-month,No,Electronic check,62.57,1759.24,No
EWTT-8531,Female,0,Yes,No,47,Yes,Yes,No,No internet service,No internet service,No internet service,No internet service,No internet service,No internet service,One year,Yes,Credit card (automatic),19.34,913.02,No
VPRE-5326,Male,0,No,No,7,Yes,No,Fiber optic,No,No,No,No,Yes,No,Month-to-month,No,Bank transfer (automatic),81.55,572.3,No
BMKV-3533,Female,0,No,Yes,67,Yes,No,DSL,Yes,No,Yes,No,Yes,Yes,Month-to-month,No,Mailed check,28.05,1885.02,No
ODIG-2255,Male,0,Yes,No,51,Yes,Yes,DSL,No,No,No,Yes,Yes,Yes,Month-to-month,Yes,Mailed check,70.08,3568.72,No
TOOY-3831,Female,0,Yes,No,57,Yes,No,No,No internet service,No internet service,No internet service,No internet service,No internet service,No internet service,Two year,Yes,Credit card (automatic),21.13,1204.34,No
RETW-4593,Male,0,No,Yes,60,Yes,No,DSL,Yes,No,Yes,Yes,No,Yes,Two year,Yes,Electronic check,39.75,2393.33,No
LBMJ-8963,Female,0,No,No,39,Yes,Yes,Fiber optic,Yes,Yes,Yes,No,No,Yes,One year,No,Bank transfer (automatic),77.85,3031.2,No
SJCY-4241,Female,0,No,No,16,Yes,No,Fiber optic,Yes,No,No,No,No,No,Two year,No,Bank transfer (automatic),55.34,879.8,No
TJBB-7064,Female,0,Yes,Yes,14,Yes,No,Fiber optic,Yes,Yes,No,Yes,No,No,Month-to-month,No,Electronic check,76.83,1071.21,No
KXAK-6436,Male,0,No,Yes,10,Yes,No,No,No internet service,No internet service,No internet service,No internet service,No internet service,No internet service,Two year,No,Electronic check,26.28,268.62,No
ZORL-0004,Male,1,No,No,69,No,No phone service,Fiber optic,Yes,Yes,Yes,No,Yes,No,Month-to-month,Yes,Electronic check,107.44,7422.68,No
JGBJ-7329,Female,0,No,Yes,47,Yes,No,Fiber optic,No,Yes,No,Yes,Yes,Yes,Month-to-month,Yes,Electronic check,101.98,4802.69,No
KHRK-2290,Male,0,No,No,12,Yes,Yes,No,No internet service,No internet service,No internet service,No internet service,No internet service,No internet service,Month-to-month,No,Credit card (automatic),28.79,349.31,No
VBQP-1535,Male,0,Yes,No,25,Yes,No,DSL,Yes,Yes,No,Yes,No,No,Two year,Yes,Electronic check,53.71,1341.7,No
YJJH-0785,Female,1,No,No,7,Yes,No,Fiber optic,No,Yes,No,No,No,No,One year,Yes,Mailed check,51.42,367.83,No
JOEV-5831,Female,0,No,No,25,Yes,No,No,No internet service,No internet service,No internet service,No internet service,No internet service,No internet service,Month-to-month,Yes,Bank transfer (automatic),26.22,660.03,No
KIPB-9817,Female,0,Yes,No,13,Yes,Yes,Fiber optic,No,Yes,Yes,No,No,Yes,Month-to-month,Yes,Electronic check,50.58,659.26,No
ILZI-9813,Female,0,No,Yes,40,Yes,Yes,Fiber optic,No,No,Yes,No,No,No,One year,Yes,Electronic check,72.94,2913.86,No
GBAS-3751,Male,0,No,No,5,Yes,Yes,No,No internet service,No internet service,No internet service,No internet service,No internet service,No internet service,Month-to-month,No,Credit card (automatic),27.88,140.75,No
YNBO-4367,Male,0,No,Yes,15,Yes,Yes,DSL,Yes,Yes,No,No,Yes,Yes,One year,No,Electronic check,25.94,388.61,No
UJNN-4171,Female,1,No,No,33,No,No phone service,No,No internet service,No internet service,No internet service,No internet service,No internet service,No internet service,Month-to-month,Yes,Bank transfer (automatic),21.52,709.57,Yes
ZLVX-5335,Male,0,No,No,39,Yes,No,No,No internet service,No internet service,No internet service,No internet service,No internet service,No internet service,Month-to-month,No,Bank transfer (automatic),18.32,706.74,No
NPDX-8033,Male,1,Yes,Yes,11,Yes,No,Fiber optic,No,Yes,Yes,No,Yes,No,Month-to-month,Yes,Electronic check,59.55,649.94,No
RFCW-4347,Male,0,Yes,No,0,Yes,Yes,Fiber optic,No,No,Yes,Yes,Yes,Yes,One year,Yes,Credit card (automatic),58.52,0.0,No
SNGN-5066,Female,0,No,No,28,Yes,Yes,Fiber optic,No,Yes,No,No,Yes,Yes,Month-to-month,No,Mailed check,84.76,2373.79,Yes
NOLQ-8514,Female,0,Yes,No,48,Yes,No,Fiber optic,No,No,No,No,Yes,Yes,Month-to-month,Yes,Bank transfer (automatic),50.36,2416.11,No
MTWH-0420,Female,1,No,No,15,Yes,Yes,DSL,Yes,No,No,No,Yes,Yes,One year,No,Electronic check,73.73,1111.4,No
SNVW-7324,Female,0,Yes,No,8,No,No phone service,Fiber optic,No,Yes,Yes,No,No,No,Month-to-month,Yes,Electronic check,81.28,652.04,No
IFYV-1487,Female,0,Yes,No,58,Yes,No,Fiber optic,No,Yes,Yes,Yes,Yes,No,Month-to-month,Yes,Electronic check,45.17,2622.76,No
WATL-6657,Male,0,Yes,Yes,38,Yes,Yes,Fiber optic,Yes,Yes,No,Yes,No,Yes,One year,Yes,Electronic check,107.02,4063.68,No
KVZP-2320,Female,0,No,No,37,No,No phone service,DSL,No,No,No,No,Yes,No,One year,No,Bank transfer (automatic),65.01,2408.3,No
ZUOA-0135,Female,0,Yes,Yes,5,Yes,Yes,DSL,No,Yes,No,No,No,No,Month-to-month,Yes,Mailed check,64.13,324.49,Yes
HPSA-2243,Male,1,No,No,58,Yes,Yes,No,No internet service,No internet service,No internet service,No internet service,No internet service,No internet service,Month-to-month,Yes,Mailed check,28.13,1636.94,Yes
MTIG-3252,Female,1,No,No,2,Yes,No,Fiber optic,No,Yes,No,No,Yes,No,Month-to-month,No,Bank transfer (automatic),80.23,161.45,Yes
FMKM-8534,Male,0,No,No,18,Yes,Yes,Fiber optic,Yes,Yes,No,No,Yes,No,Two year,No,Electronic check,74.8,1349.89,No
MVKS-7379,Male,1,No,No,26,Yes,No,DSL,No,Yes,Yes,No,Yes,No,One year,Yes,Electronic check,70.11,1824.14,No
ZPSZ-6837,Female,0,No,No,24,Yes,No,Fiber optic,Yes,Yes,Yes,Yes,No,No,Month-to-month,No,Credit card (automatic),95.96,2304.76,No
SPGS-6995,Male,0,Yes,Yes,65,Yes,Yes,DSL,No,Yes,No,No,No,Yes,One year,Yes,Mailed check,43.29,2812.75,No
BKSF-3509,Male,0,No,No,22,Yes,No,DSL,Yes,No,No,Yes,Yes,No,One year,Yes,Electronic check,60.94,1343.51,Yes
ACHH-3576,Male,0,No,No,62,Yes,No,Fiber optic,Yes,No,Yes,No,No,No,Month-to-month,Yes,Electronic check,94.16,5829.55,Yes
KGDY-9524,Female,1,No,No,57,Yes,No,No,No internet service,No internet service,No internet service,No internet service,No internet service,No internet service,Month-to-month,No,Electronic check,22.25,1269.74,Yes
ENUX-8855,Male,0,No,No,49,Yes,No,Fiber optic,Yes,No,Yes,Yes,No,No,One year,Yes,Mailed check,71.21,3487.51,No
YTVD-0695,Male,0,Yes,No,7,Yes,Yes,DSL,Yes,No,No,No,Yes,No,Month-to-month,No,Credit card (automatic),25.18,178.29,No
IWMW-1898,Male,0,No,No,50,Yes,Yes,Fiber optic,Yes,Yes,Yes,Yes,Yes,Yes,Month-to-month,No,Bank transfer (automatic),47.74,2396.23,No
VSAD-2023,Male,0,No,No,41,Yes,Yes,DSL,Yes,Yes,No,No,Yes,No,Month-to-month,No,Bank transfer (automatic),70.65,2899.33,No
MONX-8259,Male,0,Yes,No,62,Yes,Yes,Fiber optic,No,Yes,No,No,Yes,Yes,Month-to-month,Yes,Electronic check,102.55,6351.04,No
OUVT-9568,Female,0,Yes,No,30,Yes,Yes,Fiber optic,No,No,Yes,No,Yes,Yes,Two year,Yes,Credit card (automatic),103.42,3104.54,No
JGVQ-1089,Male,0,Yes,No,58,Yes,Yes,Fiber optic,No,Yes,No,Yes,Yes,Yes,Two year,Yes,Credit card (automatic),84.56,4901.09,No
JYGP-1530,Male,0,Yes,Yes,50,Yes,No,DSL,No,No,No,Yes,Yes,Yes,Month-to-month,No,Credit card (automatic),54.3,2716.92,No
ALUB-3035,Female,0,No,No,56,Yes,Yes,Fiber optic,No,No,No,Yes,No,No,Month-to-month,No,Mailed check,106.26,5949.75,Yes
ZDAG-1827,Male,1,Yes,No,4,Yes,Yes,Fiber optic,Yes,Yes,Yes,No,No,No,One year,No,Electronic check,99.04,391.86,No
XSDR-3812,Male,0,No,No,51,Yes,Yes,No,No internet service,No internet service,No internet service,No internet service,No internet service,No internet service,Month-to-month,No,Mailed check,20.46,1044.46,Yes
ODEQ-6968,Male,0,No,No,64,Yes,No,Fiber optic,No,Yes,Yes,No,No,No,One year,No,Mailed check,51.48,3293.44,No
DVKB-3194,Female,0,No,No,11,Yes,Yes,DSL,No,Yes,No,Yes,Yes,Yes,One year,Yes,Bank transfer (automatic),46.77,516.68,No
GAZZ-6955,Female,0,No,No,22,No,No phone service,No,No internet service,No internet service,No internet service,No internet service,No internet service,No internet service,One year,Yes,Bank transfer (automatic),22.89,502.65,No
LHXV-2414,Female,1,Yes,Yes,51,Yes,No,DSL,Yes,No,Yes,Yes,No,Yes,One year,Yes,Credit card (automatic),59.13,3013.91,No
YJAJ-4568,Male,0,Yes,No,62,Yes,No,Fiber optic,No,Yes,Yes,Yes,Yes,No,Month-to-month,Yes,Mailed check,53.56,3319.92,No
VULW-0413,Male,0,Yes,No,2,Yes,Yes,Fiber optic,No,No,No,No,Yes,No,Month-to-month,Yes,Credit card (automatic),82.81,163.54,Yes
GULV-1261,Female,0,Yes,No,23,Yes,No,DSL,Yes,Yes,No,No,Yes,No,Month-to-month,Yes,Bank transfer (automatic),45.28,1033.37,No
LFEZ-0931,Female,0,No,No,41,Yes,Yes,DSL,Yes,Yes,No,Yes,Yes,Yes,Two year,Yes,Credit card (automatic),28.41,1169.94,No
DQBX-5159,Female,1,Yes,No,20,Yes,No,Fiber optic,No,No,Yes,No,No,No,Two year,Yes,Electronic check,64.65,1291.38,Yes
YWYU-6626,Female,1,No,Yes,24,Yes,No,Fiber optic,No,No,No,Yes,No,Yes,Two year,Yes,Credit card (automatic),64.75,1552.53,No
QIZM-5464,Female,1,No,Yes,11,No,No phone service,Fiber optic,No,Yes,No,Yes,Yes,No,Month-to-month,Yes,Bank transfer (automatic),82.88,905.28,Yes
JUJG-9622,Male,0,Yes,No,47,Yes,Yes,Fiber optic,No,Yes,Yes,Yes,Yes,No,Two year,Yes,Electronic check,77.3,3639.96,No
JOCF-5227,Male,0,Yes,No,69,Yes,Yes,DSL,Yes,Yes,Yes,No,No,Yes,Month-to-month,No,Mailed check,54.77,3783.85,No
HWZT-3242,Male,1,No,No,56,Yes,Yes,No,No internet service,No internet service,No internet service,No internet service,No internet service,No internet service,Month-to-month,No,Bank transfer (automatic),18.86,1059.6,Yes
MHWP-2848,Male,0,No,No,28,No,No phone service,No,No internet service,No internet service,No internet service,No internet service,No internet service,No internet service,Month-to-month,No,Electronic check,21.63,607.05,Yes
GOGF-1857,Male,0,No,No,28,Yes,No,DSL,No,No,Yes,Yes,Yes,No,One year,No,Bank transfer (automatic),28.71,803.54,No
QELA-9770,Male,1,Yes,Yes,45,Yes,No,DSL,No,No,Yes,No,No,Yes,One year,Yes,Mailed check,72.68,3279.41,No
YRLY-0983,Male,0,Yes,Yes,8,Yes,Yes,Fiber optic,No,Yes,No,No,No,No,One year,Yes,Bank transfer (automatic),56.22,443.46,No
YWKF-4811,Male,0,Yes,No,31,Yes,Yes,DSL,Yes,No,No,No,Yes,No,Two year,Yes,Electronic check,50.43,1566.85,No
YSXO-8730,Male,0,Yes,No,12,Yes,Yes,No,No internet service,No internet service,No internet service,No internet service,No internet service,No internet service,One year,Yes,Credit card (automatic),21.99,261.77,No
DNYB-2975,Female,1,No,Yes,52,Yes,Yes,Fiber optic,No,No,Yes,Yes,Yes,Yes,One year,No,Bank transfer (automatic),56.12,2928.07,No
PXPG-4835,Male,0,No,No,53,Yes,No,Fiber optic,No,Yes,No,No,Yes,No,Month-to-month,Yes,Mailed check,64.4,3405.22,No
RORB-9611,Male,0,Yes,No,28,Yes,No,Fiber optic,No,No,No,Yes,Yes,Yes,Month-to-month,No,Mailed check,48.75,1368.15,No
OYWK-2264,Male,0,Yes,Yes,50,No,No phone service,DSL,Yes,Yes,Yes,Yes,Yes,Yes,Month-to-month,No,Electronic check,41.96,2100.56,No
ZNNV-7802,Female,1,No,No,48,Yes,No,Fiber optic,Yes,No,No,Yes,Yes,Yes,Month-to-month,Yes,Electronic check,52.4,2511.71,No
KWVW-7521,Female,0,No,Yes,40,Yes,Yes,Fiber optic,No,Yes,No,No,Yes,No,Month-to-month,Yes,Electronic check,73.63,2941.71,No
LWAS-3049,Male,0,No,No,11,Yes,Yes,Fiber optic,Yes,Yes,No,No,Yes,Yes,Month-to-month,Yes,Mailed check,70.64,775.67,No
CBCH-5655,Male,0,No,No,34,Yes,No,Fiber optic,Yes,Yes,Yes,Yes,No,No,Month-to-month,Yes,Credit card (automatic),54.82,1859.06,No
PPCM-7665,Male,0,Yes,No,3,Yes,Yes,No,No internet service,No internet service,No internet service,No internet service,No internet service,No internet service,Month-to-month,Yes,Electronic check,25.42,75.77,No
UZHU-8805,Male,0,No,No,44,Yes,Yes,DSL,No,No,Yes,Yes,Yes,Yes,Two year,Yes,Credit card (automatic),67.27,2964.62,No
WSWK-6160,Female,0,No,Yes,48,Yes,No,DSL,Yes,No,No,Yes,Yes,Yes,Month-to-month,No,Credit card (automatic),31.0,1486.3,No
UYGW-1727,Female,0,No,No,17,Yes,Yes,DSL,No,Yes,No,Yes,Yes,No,One year,No,Credit card (automatic),58.86,999.86,No
SJGR-3584,Male,1,Yes,No,45,Yes,Yes,No,No internet service,No internet service,No internet service,No internet service,No internet service,No internet service,Two year,No,Mailed check,22.45,1002.39,No
MYUZ-7063,Female,0,No,No,57,Yes,No,DSL,Yes,No,No,No,Yes,Yes,Month-to-month,No,Mailed check,30.39,1739.66,No
EVUQ-8189,Female,0,Yes,No,14,No,No phone service,DSL,No,No,No,Yes,Yes,Yes,One year,Yes,Bank transfer (automatic),26.36,369.71,No
RIFK-8551,Female,0,No,No,57,Yes,Yes,DSL,No,Yes,No,Yes,No,No,Month-to-month,Yes,Mailed check,26.28,1504.09,No
HCWU-2072,Female,0,Yes,Yes,22,Yes,No,No,No internet service,No internet service,No internet service,No internet service,No internet service,No internet service,Month-to-month,No,Electronic check,29.34,640.07,No
RQTX-2038,Male,0,No,No,22,Yes,Yes,No,No internet service,No internet service,No internet service,No internet service,No internet service,No internet service,Month-to-month,No,Mailed check,29.51,643.76,No
MQKB-8126,Female,0,Yes,No,25,Yes,No,Fiber optic,Yes,No,No,Yes,No,Yes,One year,Yes,Bank transfer (automatic),57.79,1441.81,No
SYPV-2809,Female,0,No,No,33,Yes,No,Fiber optic,Yes,Yes,Yes,Yes,Yes,Yes,Month-to-month,Yes,Mailed check,48.78,1611.83,No
SABP-7611,Male,1,No,No,40,Yes,No,DSL,No,No,No,Yes,Yes,Yes,Month-to-month,Yes,Mailed check,56.94,2281.33,No
YMFU-9586,Male,0,Yes,Yes,56,Yes,No,No,No internet service,No internet service,No internet service,No internet service,No internet service,No internet service,One year,Yes,Credit card (automatic),20.4,1139.43,No
JJYT-1738,Male,1,No,Yes,24,Yes,No,DSL,Yes,No,No,Yes,No,Yes,One year,Yes,Credit card (automatic),67.58,1615.78,No
ODHI-8930,Male,0,Yes,No,53,Yes,Yes,DSL,Yes,Yes,Yes,Yes,No,No,Month-to-month,No,Electronic check,33.59,1783.95,No
POCY-3464,Female,1,Yes,No,43,No,No phone service,Fiber optic,Yes,No,Yes,No,Yes,Yes,One year,Yes,Credit card (automatic),58.69,2530.17,No
TORO-1399,Male,0,No,No,12,Yes,No,DSL,No,No,No,Yes,Yes,Yes,Month-to-month,Yes,Electronic check,39.59,477.68,No
IHCP-8424,Female,0,No,No,53,Yes,No,No,No internet service,No internet service,No internet service,No internet service,No internet service,No internet service,Two year,No,Credit card (automatic),27.85,1477.26,No
JMDX-4978,Male,0,Yes,No,26,Yes,No,DSL,Yes,Yes,Yes,Yes,Yes,No,Month-to-month,Yes,Credit card (automatic),38.84,1006.97,No
TGBV-7667,Female,1,Yes,No,7,Yes,Yes,No,No internet service,No internet service,No internet service,No internet service,No internet service,No internet service,Two year,No,Credit card (automatic),20.6,142.37,No
GUWN-9246,Male,0,Yes,No,42,Yes,No,Fiber optic,Yes,No,No,No,Yes,Yes,One year,No,Mailed check,45.0,1885.21,No
YRTL-6018,Male,0,No,Yes,69,Yes,No,DSL,No,No,Yes,No,No,No,Two year,Yes,Mailed check,40.11,2764.96,No
MZGJ-6529,Female,0,Yes,Yes,54,Yes,Yes,No,No internet service,No internet service,No internet service,No internet service,No internet service,No internet service,Month-to-month,Yes,Electronic check,18.12,972.19,No
CRKV-3425,Male,1,Yes,No,63,Yes,No,Fiber optic,No,No,Yes,Yes,Yes,No,Two year,Yes,Electronic check,104.32,6578.75,No
SOPX-8386,Male,1,No,Yes,4,Yes,Yes,Fiber optic,No,No,No,No,Yes,Yes,Month-to-month,Yes,Bank transfer (automatic),52.75,208.58,Yes
CWNQ-2536,Male,0,No,No,58,Yes,No,DSL,No,Yes,No,No,No,Yes,Month-to-month,Yes,Electronic check,38.28,2222.2,Yes
SQYP-5727,Male,0,Yes,No,26,Yes,Yes,No,No internet service,No internet service,No internet service,No internet service,No internet service,No internet service,Month-to-month,Yes,Credit card (automatic),27.89,726.28,No
RPTS-9069,Male,0,Yes,No,18,Yes,Yes,No,No internet service,No internet service,No internet service,No internet service,No internet service,No internet service,Two year,Yes,Credit card (automatic),27.67,496.9,No
BDYF-7165,Male,1,Yes,Yes,64,Yes,Yes,Fiber optic,Yes,No,No,No,No,Yes,Month-to-month,Yes,Bank transfer (automatic),102.97,6577.56,No
YWQN-7921,Male,0,No,No,67,No,No phone service,Fiber optic,Yes,No,Yes,No,Yes,No,Month-to-month,Yes,Bank transfer (automatic),95.12,6366.89,No
CKFN-2945,Male,0,Yes,No,65,Yes,No,DSL,Yes,Yes,No,Yes,Yes,Yes,Month-to-month,Yes,Credit card (automatic),29.53,1914.62,No
XGHS-3568,Male,0,Yes,Yes,25,Yes,Yes,Fiber optic,Yes,Yes,Yes,Yes,Yes,No,Month-to-month,No,Electronic check,109.39,2737.85,No
MAHX-5322,Male,0,Yes,No,32,Yes,Yes,DSL,No,Yes,Yes,No,Yes,No,Two year,No,Electronic check,58.93,1891.6,No
VMHG-0566,Female,1,No,No,37,Yes,No,Fiber optic,No,No,No,No,Yes,No,Month-to-month,No,Electronic check,101.41,3752.4,Yes
IKJU-0134,Female,0,Yes,No,6,Yes,No,DSL,No,Yes,No,No,No,Yes,One year,Yes,Credit card (automatic),26.16,153.9,No
IQCP-4232,Female,0,No,No,4,Yes,Yes,DSL,No,No,No,Yes,No,No,Two year,Yes,Electronic check,64.15,256.44,No
TNPQ-7361,Female,1,No,No,8,Yes,No,No,No internet service,No internet service,No internet service,No internet service,No internet service,No internet service,Month-to-month,No,Bank transfer (automatic),18.17,148.14,Yes
RVNR-5136,Male,1,No,No,12,Yes,No,No,No internet service,No internet service,No internet service,No internet service,No internet service,No internet service,One year,Yes,Credit card (automatic),27.85,330.76,No
HOCO-8177,Female,0,No,No,39,Yes,Yes,Fiber optic,No,Yes,No,Yes,No,No,Month-to-month,Yes,Credit card (automatic),78.77,3074.55,No
TQMA-1811,Male,0,No,No,47,Yes,No,No,No internet service,No internet service,No internet service,No internet service,No internet service,No internet service,Two year,Yes,Electronic check,20.02,935.13,No
VGWY-5751,Male,0,Yes,Yes,45,No,No phone service,DSL,No,No,No,Yes,No,No,Month-to-month,Yes,Bank transfer (automatic),25.93,1168.43,No
QENY-7344,Female,0,No,No,63,Yes,Yes,Fiber optic,Yes,Yes,Yes,Yes,Yes,No,One year,Yes,Mailed check,49.1,3090.56,No
VCEP-1900,Male,0,No,Yes,63,Yes,No,Fiber optic,No,Yes,Yes,No,Yes,Yes,Month-to-month,Yes,Mailed check,100.85,6354.58,No
PZWB-3461,Female,0,No,No,28,Yes,No,No,No internet service,No internet service,No internet service,No internet service,No internet service,No internet service,Month-to-month,No,Bank transfer (automatic),24.68,687.69,No
FQGY-4432,Female,1,Yes,No,17,Yes,No,DSL,No,No,Yes,No,Yes,Yes,Two year,No,Bank transfer (automatic),57.6,974.62,No
IEHI-4981,Female,1,No,No,29,Yes,Yes,DSL,Yes,No,Yes,Yes,Yes,No,Month-to-month,No,Electronic check,57.78,1663.6,Yes
IKDV-5516,Female,0,Yes,No,18,Yes,No,Fiber optic,No,No,No,Yes,Yes,No,Month-to-month,Yes,Bank transfer (automatic),95.79,1727.35,No
FNAR-6000,Male,0,Yes,No,47,Yes,Yes,Fiber optic,Yes,Yes,No,No,No,No,Two year,Yes,Credit card (automatic),50.11,2356.52,No
XDDR-0986,Female,0,No,Yes,8,Yes,Yes,DSL,Yes,No,No,No,Yes,Yes,Month-to-month,No,Mailed check,50.76,405.0,No
DFPB-6197,Female,1,No,Yes,0,Yes,No,DSL,Yes,No,Yes,No,Yes,Yes,One year,No,Mailed check,30.92,0.0,No
XQMX-1504,Male,0,No,Yes,38,Yes,No,DSL,Yes,No,Yes,No,No,Yes,Month-to-month,Yes,Electronic check,42.29,1610.17,No
KGJQ-1652,Female,0,No,No,54,Yes,No,Fiber optic,Yes,No,No,No,No,No,Month-to-month,Yes,Bank transfer (automatic),85.67,4620.74,No
ZBZD-2671,Male,0,Yes,No,51,No,No phone service,No,No internet service,No internet service,No internet service,No internet service,No internet service,No internet service,Month-to-month,No,Mailed check,20.54,1050.87,No
JGHF-5903,Female,0,No,No,70,Yes,No,DSL,No,No,No,No,No,No,One year,No,Bank transfer (automatic),50.11,3509.74,No
NQTR-4989,Female,0,Yes,No,63,Yes,No,DSL,No,Yes,No,No,No,No,Month-to-month,Yes,Mailed check,28.12,1777.27,Yes
SXSF-3757,Male,0,No,No,23,Yes,No,DSL,Yes,Yes,No,No,No,No,Month-to-month,Yes,Mailed check,58.76,1352.03,No
AVQQ-7625,Male,0,No,Yes,26,Yes,Yes,DSL,Yes,No,No,No,No,No,One year,No,Bank transfer (automatic),47.23,1231.87,No
YWCV-3289,Male,0,No,Yes,65,Yes,Yes,Fiber optic,Yes,No,No,Yes,Yes,Yes,Two year,Yes,Electronic check,106.76,6938.02,No
BAPR-6905,Female,0,Yes,No,65,Yes,Yes,Fiber optic,No,Yes,No,Yes,Yes,Yes,Month-to-month,Yes,Electronic check,71.59,4654.55,No
NWYO-7527,Female,0,No,No,61,Yes,No,DSL,Yes,Yes,No,No,No,Yes,Month-to-month,Yes,Bank transfer (automatic),32.31,1962.17,No
WSYL-1210,Female,0,No,Yes,15,Yes,Yes,No,No internet service,No internet service,No internet service,No internet service,No internet service,No internet service,One year,Yes,Mailed check,29.5,445.58,No
TUFE-0204,Male,0,No,No,11,No,No phone service,Fiber optic,No,No,Yes,No,Yes,Yes,Month-to-month,Yes,Bank transfer (automatic),64.68,715.05,No
UPLV-7903,Male,0,Yes,No,39,Yes,No,No,No internet service,No internet service,No internet service,No internet service,No internet service,No internet service,One year,Yes,Credit card (automatic),19.04,742.74,No
JKQY-6646,Female,0,No,No,9,No,No phone service,DSL,No,Yes,Yes,No,Yes,Yes,Month-to-month,No,Electronic check,42.77,379.34,Yes
LOBN-3621,Male,0,No,No,63,Yes,No,Fiber optic,No,No,Yes,No,Yes,No,Month-to-month,Yes,Credit card (automatic),100.28,6315.08,No
JRQE-5583,Female,0,Yes,No,54,Yes,No,No,No internet service,No internet service,No internet service,No internet service,No internet service,No internet service,One year,Yes,Mailed check,27.4,1472.94,No
AVOU-9521,Female,0,No,No,3,Yes,No,DSL,Yes,No,Yes,No,No,No,One year,Yes,Bank transfer (automatic),63.85,190.71,No
FMAW-6969,Male,1,Yes,Yes,22,Yes,Yes,No,No internet service,No internet service,No internet service,No internet service,No internet service,No internet service,Two year,Yes,Credit card (automatic),20.2,450.69,No
AODM-6841,Male,0,No,Yes,48,Yes,No,No,No internet service,No internet service,No internet service,No internet service,No internet service,No internet service,Two year,Yes,Electronic check,25.14,1201.67,No
WZAP-6569,Female,0,No,No,3,Yes,No,Fiber optic,No,No,Yes,Yes,No,Yes,Month-to-month,Yes,Electronic check,93.58,283.37,Yes
COCW-1088,Male,1,No,Yes,0,Yes,No,No,No internet service,No internet service,No internet service,No internet service,No internet service,No internet service,Month-to-month,No,Electronic check,29.96,0.0,No
WGCZ-1680,Female,0,Yes,Yes,64,No,No phone service,Fiber optic,Yes,No,Yes,Yes,No,Yes,Month-to-month,Yes,Mailed check,66.54,4268.35,No
NTFG-9691,Male,0,Yes,Yes,38,Yes,No,Fiber optic,No,No,Yes,Yes,No,Yes,One year,No,Credit card (automatic),62.33,2375.89,No
DUQA-9292,Male,0,Yes,No,2,Yes,No,DSL,Yes,Yes,Yes,Yes,No,No,Two year,No,Mailed check,46.23,99.71,No
LXPI-0191,Male,0,No,No,56,Yes,No,No,No internet service,No internet service,No internet service,No internet service,No internet service,No internet service,Two year,No,Mailed check,21.29,1195.17,No
DRGM-8659,Female,0,Yes,No,58,Yes,No,DSL,No,No,Yes,Yes,No,Yes,Month-to-month,No,Credit card (automatic),74.05,4291.85,No
AKJY-4458,Female,0,No,No,17,Yes,Yes,DSL,No,No,No,Yes,No,Yes,One year,Yes,Credit card (automatic),55.76,952.06,No
MXHN-7007,Female,0,No,No,20,Yes,Yes,Fiber optic,Yes,No,No,No,No,No,One year,Yes,Credit card (automatic),90.37,1812.13,No
EYBY-7830,Female,1,Yes,No,55,Yes,No,Fiber optic,No,No,No,Yes,No,Yes,Two year,Yes,Bank transfer (automatic),52.51,2884.03,No
QURP-7944,Male,0,No,No,51,Yes,No,Fiber optic,No,Yes,No,Yes,Yes,No,Month-to-month,Yes,Electronic check,87.73,4468.31,Yes
RWXJ-0193,Male,0,No,No,7,Yes,No,Fiber optic,Yes,No,No,No,Yes,No,One year,No,Mailed check,61.63,423.72,No
EMRQ-8031,Female,0,No,No,24,Yes,Yes,DSL,No,Yes,No,No,Yes,No,Month-to-month,No,Mailed check,35.53,853.82,No
TXXO-8462,Female,0,No,Yes,31,Yes,No,DSL,No,No,Yes,Yes,Yes,No,Month-to-month,Yes,Electronic check,61.74,1918.66,No
ZTZY-9901,Female,0,No,No,69,Yes,No,DSL,Yes,No,No,No,No,Yes,Month-to-month,No,Mailed check,42.83,2960.81,No
UCBA-9200,Male,0,Yes,Yes,39,Yes,No,DSL,No,Yes,No,Yes,Yes,No,Two year,Yes,Electronic check,40.8,1588.24,No
LQXC-0692,Male,0,Yes,No,28,Yes,No,Fiber optic,No,No,Yes,No,No,Yes,One year,Yes,Electronic check,74.73,2089.31,No
HTDU-5637,Male,0,No,No,68,Yes,No,Fiber optic,No,Yes,No,Yes,Yes,Yes,Two year,Yes,Mailed check,104.01,7075.91,No
VAQY-9597,Female,1,Yes,No,34,Yes,Yes,DSL,Yes,Yes,No,No,No,No,Month-to-month,Yes,Bank transfer (automatic),27.34,922.41,No
GFPT-6899,Female,0,Yes,No,32,Yes,No,Fiber optic,Yes,Yes,No,No,No,Yes,Month-to-month,Yes,Mailed check,103.9,3325.26,No
NGAZ-8323,Male,0,No,No,45,No,No phone service,Fiber optic,Yes,Yes,Yes,No,No,Yes,Month-to-month,Yes,Mailed check,75.4,3388.84,Yes
DZKB-0907,Female,0,No,No,71,Yes,No,No,No internet service,No internet service,No internet service,No internet service,No internet service,No internet service,Month-to-month,Yes,Credit card (automatic),25.21,1793.42,No
BLZU-3719,Female,0,Yes,No,30,Yes,No,DSL,No,Yes,No,No,No,Yes,Month-to-month,Yes,Electronic check,29.39,886.34,No
IWOM-6013,Male,0,Yes,Yes,67,Yes,No,Fiber optic,No,Yes,No,Yes,No,Yes,Month-to-month,Yes,Mailed check,53.12,3552.98,No
TNCW-7132,Female,0,No,No,39,Yes,No,Fiber optic,No,No,No,No,Yes,No,Month-to-month,No,Electronic check,50.97,1980.81,Yes
BLNF-3513,Male,0,No,No,68,Yes,Yes,Fiber optic,No,No,Yes,No,Yes,No,One year,No,Credit card (automatic),97.19,6616.66,No
VUSH-6253,Female,0,Yes,No,41,Yes,No,DSL,No,No,Yes,Yes,Yes,No,Two year,Yes,Electronic check,57.54,2359.03,No
UKEP-6429,Female,1,No,Yes,43,Yes,No,Fiber optic,No,No,No,No,Yes,Yes,Month-to-month,Yes,Credit card (automatic),102.65,4418.7,No
EWUE-8250,Female,0,No,No,16,Yes,No,DSL,No,No,Yes,No,No,No,Month-to-month,No,Mailed check,52.13,830.31,Yes
ZUHU-8579,Male,0,No,No,19,Yes,No,DSL,No,No,No,No,Yes,No,One year,Yes,Credit card (automatic),47.72,904.21,No
XCWN-6956,Male,1,Yes,No,52,Yes,Yes,DSL,No,Yes,Yes,Yes,No,No,Month-to-month,No,Bank transfer (automatic),30.44,1586.18,Yes
NBIJ-9002,Female,0,No,No,43,Yes,No,Fiber optic,Yes,No,Yes,No,Yes,Yes,Month-to-month,Yes,Bank transfer (automatic),88.05,3793.79,Yes
SALG-3919,Female,0,Yes,Yes,16,Yes,No,Fiber optic,Yes,Yes,No,Yes,No,No,Month-to-month,Yes,Bank transfer (automatic),99.94,1600.88,No
UVYD-1421,Male,1,No,No,26,Yes,No,Fiber optic,No,No,Yes,Yes,Yes,No,Two year,No,Credit card (automatic),56.35,1463.35,No
LQJB-5728,Female,1,Yes,No,22,Yes,Yes,DSL,Yes,No,No,Yes,No,No,Month-to-month,No,Electronic check,74.88,1647.56,Yes
LIBH-9439,Female,0,No,No,57,Yes,Yes,Fiber optic,No,Yes,No,No,No,No,Month-to-month,Yes,Bank transfer (automatic),67.41,3842.98,No
UTPH-3951,Male,0,No,Yes,68,Yes,Yes,Fiber optic,No,No,Yes,No,Yes,Yes,Month-to-month,No,Electronic check,54.86,3733.89,No
UVUL-1637,Female,0,Yes,No,55,Yes,No,Fiber optic,No,Yes,Yes,No,Yes,No,Month-to-month,No,Credit card (automatic),63.15,3473.76,No
WGIA-9555,Female,0,Yes,No,44,Yes,Yes,DSL,No,No,Yes,No,Yes,No,Two year,No,Credit card (automatic),72.66,3194.63,No
LVLJ-6950,Female,0,Yes,No,28,Yes,No,No,No internet service,No internet service,No internet service,No internet service,No internet service,No internet service,Month-to-month,No,Bank transfer (automatic),29.25,830.12,No
SRFX-2977,Female,0,No,No,13,Yes,Yes,Fiber optic,Yes,Yes,Yes,Yes,Yes,No,Month-to-month,Yes,Credit card (automatic),103.91,1346.39,Yes
UXFU-8670,Male,0,No,Yes,7,Yes,No,Fiber optic,Yes,No,Yes,Yes,No,No,Two year,Yes,Credit card (automatic),78.54,555.67,No
RXYT-9983,Male,0,Yes,Yes,45,Yes,No,No,No internet service,No internet service,No internet service,No internet service,No internet service,No internet service,Month-to-month,Yes,Electronic check,28.4,1272.78,Yes
JJZY-6183,Male,0,No,No,26,Yes,No,No,No internet service,No internet service,No internet service,No internet service,No internet service,No internet service,Two year,Yes,Electronic check,29.93,776.8,No
HWGH-0411,Female,0,Yes,No,69,Yes,Yes,DSL,No,No,No,Yes,No,Yes,Month-to-month,Yes,Mailed check,48.97,3381.61,No
OAEB-3221,Male,0,Yes,No,6,Yes,No,Fiber optic,No,No,No,Yes,No,No,Month-to-month,Yes,Credit card (automatic),98.06,585.13,No
VRNX-7496,Female,0,No,Yes,25,Yes,Yes,Fiber optic,No,No,No,No,Yes,No,Month-to-month,No,Credit card (automatic),101.73,2548.81,Yes
TQKB-9930,Female,0,Yes,No,41,Yes,No,No,No internet service,No internet service,No internet service,No internet service,No internet service,No internet service,Two year,Yes,Credit card (automatic),22.83,932.37,No
OMHY-3921,Female,0,Yes,No,29,Yes,No,No,No internet service,No internet service,No internet service,No internet service,No internet service,No internet service,One year,Yes,Credit card (automatic),25.46,744.31,No
ESZW-5071,Male,0,No,No,5,Yes,Yes,DSL,No,Yes,No,No,No,No,Month-to-month,No,Credit card (automatic),73.76,366.79,No
UYHR-8495,Female,0,Yes,Yes,66,Yes,No,Fiber optic,No,Yes,Yes,No,Yes,No,Two year,Yes,Mailed check,50.07,3305.19,No
MSCZ-7991,Female,0,No,No,53,Yes,No,Fiber optic,No,No,Yes,No,No,No,Month-to-month,No,Credit card (automatic),109.41,5798.34,No
KLRM-4514,Female,0,No,No,34,Yes,Yes,DSL,No,Yes,No,No,Yes,No,One year,No,Electronic check,53.13,1807.44,No
GZZX-6784,Male,0,No,No,34,Yes,No,Fiber optic,No,No,Yes,No,No,No,Two year,No,Credit card (automatic),66.9,2271.91,No
MEKJ-3841,Female,0,No,Yes,4,Yes,No,DSL,No,Yes,No,Yes,No,Yes,One year,No,Credit card (automatic),35.44,144.57,No
OJXG-7234,Male,0,Yes,Yes,5,Yes,No,DSL,Yes,No,No,No,No,No,Month-to-month,Yes,Mailed check,49.12,246.91,Yes
FADK-9464,Male,0,Yes,No,22,Yes,No,Fiber optic,No,Yes,Yes,No,No,Yes,Two year,Yes,Electronic check,101.21,2226.18,No
PMMQ-6763,Female,0,No,Yes,58,Yes,Yes,No,No internet service,No internet service,No internet service,No internet service,No internet service,No internet service,Two year,Yes,Mailed check,20.72,1205.96,No
HPUJ-8940,Female,0,Yes,No,50,Yes,Yes,No,No internet service,No internet service,No internet service,No internet service,No internet service,No internet service,Two year,Yes,Electronic check,25.63,1277.06,No
ILEV-3572,Male,0,No,No,61,Yes,Yes,Fiber optic,Yes,No,Yes,No,No,No,Two year,No,Mailed check,84.29,5146.55,No
EBNB-6999,Male,0,No,No,31,No,No phone service,DSL,No,No,No,Yes,No,No,Month-to-month,No,Bank transfer (automatic),47.07,1453.83,No
FDUA-6787,Male,0,No,Yes,0,Yes,Yes,DSL,Yes,No,No,No,No,No,One year,No,Mailed check,74.31,0.0,No
ESJK-8542,Male,0,Yes,No,48,Yes,No,Fiber optic,No,Yes,No,Yes,No,No,One year,No,Bank transfer (automatic),47.88,2294.28,No
VSJL-5317,Female,0,No,Yes,27,Yes,No,Fiber optic,Yes,Yes,Yes,No,Yes,Yes,Month-to-month,Yes,Mailed check,88.13,2375.42,No
DYWL-1342,Female,0,No,No,70,Yes,No,Fiber optic,No,No,Yes,Yes,No,Yes,One year,Yes,Bank transfer (automatic),51.53,3608.0,No
IURK-2861,Male,1,Yes,No,36,Yes,Yes,Fiber optic,Yes,No,Yes,No,Yes,Yes,One year,No,Electronic check,47.58,1708.76,No
INDI-1934,Male,0,Yes,No,28,Yes,No,Fiber optic,No,Yes,Yes,Yes,No,No,Month-to-month,No,Bank transfer (automatic),100.56,2812.16,No
BJAG-9072,Male,0,Yes,No,18,Yes,Yes,DSL,Yes,No,Yes,Yes,No,No,Two year,No,Bank transfer (automatic),58.08,1045.36,No
NJVG-9056,Female,0,Yes,No,18,Yes,No,No,No internet service,No internet service,No internet service,No internet service,No internet service,No internet service,Month-to-month,Yes,Electronic check,26.91,480.5,No
VDQI-3661,Male,0,No,Yes,50,Yes,Yes,DSL,No,No,No,Yes,No,Yes,Month-to-month,No,Electronic check,57.44,2867.47,No
QXHW-7216,Male,1,No,Yes,14,Yes,Yes,No,No internet service,No internet service,No internet service,No internet service,No internet service,No internet service,Month-to-month,Yes,Electronic check,29.3,403.39,Yes
XQZP-8332,Male,1,Yes,No,23,Yes,No,Fiber optic,No,No,Yes,Yes,No,Yes,Two year,No,Credit card (automatic),60.76,1394.57,No
VQVR-8160,Male,0,No,No,60,Yes,No,No,No internet service,No internet service,No internet service,No internet service,No internet service,No internet service,Month-to-month,No,Bank transfer (automatic),18.68,1125.94,Yes
LWUX-3965,Male,0,No,No,52,Yes,Yes,DSL,Yes,No,No,No,No,No,Month-to-month,Yes,Electronic check,57.84,3008.92,No
UTOW-4401,Male,1,No,No,71,Yes,No,No,No internet service,No internet service,No internet service,No internet service,No internet service,No internet service,Month-to-month,Yes,Credit card (automatic),19.92,1415.01,No
EMSM-1333,Male,0,Yes,Yes,58,Yes,No,DSL,No,Yes,No,Yes,Yes,Yes,Two year,Yes,Credit card (automatic),68.44,3967.11,No
TSML-6843,Male,0,Yes,No,6,Yes,No,No,No internet service,No internet service,No internet service,No internet service,No internet service,No internet service,Two year,Yes,Electronic check,27.45,166.38,No
BBEW-9986,Female,0,No,Yes,67,Yes,No,Fiber optic,No,No,No,No,Yes,No,Month-to-month,No,Credit card (automatic),80.45,5394.97,No
EZJJ-5247,Female,0,No,Yes,33,Yes,No,No,No internet service,No internet service,No internet service,No internet service,No internet service,No internet service,One year,Yes,Credit card (automatic),20.22,677.32,No
AQGN-4408,Female,0,No,No,6,Yes,Yes,DSL,No,Yes,Yes,No,Yes,No,Two year,No,Mailed check,44.98,269.66,No
QEZY-3752,Male,0,Yes,No,53,Yes,Yes,Fiber optic,No,No,No,Yes,No,Yes,Month-to-month,Yes,Bank transfer (automatic),87.01,4619.42,No
DRAM-7003,Female,0,No,No,66,Yes,No,Fiber optic,Yes,No,Yes,Yes,No,No,Month-to-month,Yes,Mailed check,76.02,5030.93,No
ZLJF-8069,Male,0,Yes,No,11,Yes,No,Fiber optic,No,Yes,No,No,Yes,No,Month-to-month,Yes,Mailed check,102.29,1126.4,No
UPXN-6335,Female,0,No,No,57,Yes,No,No,No internet service,No internet service,No internet service,No internet service,No internet service,No internet service,Two year,No,Electronic check,25.31,1437.29,No
VYEX-4158,Male,1,No,Yes,51,Yes,No,Fiber optic,No,No,Yes,Yes,No,Yes,Month-to-month,No,Bank transfer (automatic),94.99,4845.85,Yes
SAAM-2942,Female,1,No,Yes,55,Yes,Yes,DSL,No,No,No,Yes,No,No,Month-to-month,Yes,Electronic check,60.41,3311.78,No
IHCY-5633,Female,0,No,Yes,2,Yes,No,No,No internet service,No internet service,No internet service,No internet service,No internet service,No internet service,Two year,Yes,Bank transfer (automatic),22.46,45.66,No
LMBU-7665,Male,0,No,Yes,12,Yes,No,DSL,No,Yes,Yes,No,No,No,One year,Yes,Bank transfer (automatic),26.9,318.17,No
SUMQ-6801,Female,0,No,No,62,Yes,No,Fiber optic,No,Yes,No,No,No,Yes,Two year,Yes,Credit card (automatic),73.7,4572.67,No
SSXG-5993,Female,1,Yes,No,4,Yes,No,Fiber optic,No,Yes,Yes,No,No,No,Two year,Yes,Electronic check,56.33,223.52,No
IQOB-3204,Female,0,Yes,No,24,Yes,No,DSL,No,No,Yes,Yes,No,No,One year,Yes,Bank transfer (automatic),46.51,1117.89,No
GRUV-6063,Female,0,Yes,No,71,Yes,No,Fiber optic,No,No,Yes,Yes,No,Yes,Month-to-month,Yes,Electronic check,63.92,4538.28,No
HMDF-8437,Male,0,Yes,No,51,Yes,No,Fiber optic,Yes,Yes,No,Yes,No,Yes,Month-to-month,Yes,Bank transfer (automatic),103.22,5260.85,Yes
IDSX-4198,Male,0,No,Yes,4,Yes,No,DSL,Yes,Yes,No,No,Yes,Yes,Month-to-month,Yes,Mailed check,34.57,144.8,No
SLRQ-7260,Male,0,Yes,Yes,58,Yes,Yes,DSL,No,Yes,No,Yes,No,No,Month-to-month,No,Mailed check,66.21,3837.68,No
AOIO-7252,Male,0,No,No,24,Yes,No,Fiber optic,No,No,No,No,No,Yes,Month-to-month,No,Bank transfer (automatic),96.36,2311.43,No
MLTA-4009,Male,0,No,Yes,13,Yes,No,DSL,No,No,Yes,No,Yes,No,Month-to-month,Yes,Mailed check,58.33,761.3,Yes
OGVR-1601,Female,0,No,No,51,Yes,Yes,No,No internet service,No internet service,No internet service,No internet service,No internet service,No internet service,Two year,No,Bank transfer (automatic),28.8,1473.34,No
LHVB-6315,Male,0,Yes,No,24,Yes,No,No,No internet service,No internet service,No internet service,No internet service,No internet service,No internet service,Month-to-month,Yes,Electronic check,22.04,524.49,Yes
IINH-2214,Male,1,No,Yes,71,Yes,Yes,DSL,Yes,Yes,Yes,Yes,Yes,No,Month-to-month,Yes,Credit card (automatic),43.26,3073.03,No
NDGT-8156,Male,0,No,No,55,Yes,No,Fiber optic,Yes,No,No,No,Yes,No,Two year,Yes,Credit card (automatic),57.5,3169.26,No
PTFW-3780,Male,0,Yes,No,36,Yes,No,Fiber optic,Yes,No,No,No,Yes,Yes,Two year,No,Electronic check,69.84,2511.14,No
GYLJ-4195,Male,0,No,No,69,Yes,No,DSL,No,No,Yes,No,No,No,Month-to-month,Yes,Electronic check,58.76,4048.26,No
LGRB-9903,Male,0,No,No,5,Yes,No,Fiber optic,Yes,Yes,No,No,No,Yes,Month-to-month,Yes,Mailed check,89.91,448.94,No
GISW-6615,Female,0,Yes,No,24,Yes,Yes,Fiber optic,No,No,Yes,Yes,Yes,Yes,Month-to-month,No,Bank transfer (automatic),98.08,2355.05,Yes
RFMZ-2151,Female,0,Yes,No,19,No,No phone service,Fiber optic,No,No,Yes,No,Yes,Yes,Two year,Yes,Mailed check,71.18,1355.69,No
ERCC-5592,Male,0,Yes,No,22,Yes,No,Fiber optic,No,Yes,Yes,Yes,Yes,Yes,Month-to-month,Yes,Mailed check,90.76,1995.75,Yes
CLPQ-6713,Male,0,No,No,56,No,No phone service,DSL,Yes,Yes,No,No,No,Yes,Two year,No,Credit card (automatic),35.52,1993.35,Yes
JGXQ-3524,Male,0,Yes,Yes,52,Yes,Yes,DSL,No,Yes,No,No,Yes,No,Month-to-month,No,Mailed check,65.11,3389.47,No
JIMS-4753,Female,0,No,Yes,58,Yes,No,No,No internet service,No internet service,No internet service,No internet service,No internet service,No internet service,Month-to-month,No,Bank transfer (automatic),26.4,1531.86,No
XCCD-8475,Male,1,Yes,Yes,60,Yes,Yes,Fiber optic,Yes,No,Yes,Yes,Yes,No,Month-to-month,Yes,Credit card (automatic),75.53,4528.39,No
CXLY-7350,Female,1,No,Yes,54,Yes,No,Fiber optic,No,No,No,Yes,No,No,One year,Yes,Electronic check,54.09,2917.27,No
DHQC-0818,Female,0,Yes,No,19,Yes,No,Fiber optic,Yes,Yes,No,No,No,No,Two year,Yes,Credit card (automatic),46.24,865.71,No
MTBT-9562,Male,0,No,No,2,Yes,Yes,Fiber optic,No,No,No,Yes,Yes,No,Month-to-month,Yes,Electronic check,109.35,216.46,No
CZLX-4366,Female,0,Yes,No,64,Yes,No,DSL,No,Yes,No,No,Yes,No,Two year,No,Mailed check,37.63,2409.01,No
MIYU-7908,Female,0,No,No,36,No,No phone service,Fiber optic,Yes,Yes,No,No,Yes,No,Month-to-month,Yes,Mailed check,84.68,3046.67,No
HVPM-2274,Male,0,Yes,No,34,Yes,Yes,DSL,Yes,Yes,No,No,Yes,Yes,Month-to-month,Yes,Bank transfer (automatic),72.39,2464.16,Yes
ZKGU-7993,Female,1,No,No,15,Yes,Yes,Fiber optic,Yes,No,Yes,No,Yes,Yes,Two year,Yes,Electronic check,98.9,1486.56,No
BCHK-6158,Female,0,No,No,3,Yes,No,Fiber optic,No,Yes,No,No,No,Yes,Month-to-month,No,Electronic check,87.22,265.31,No
TYBR-8660,Male,0,No,No,2,Yes,No,Fiber optic,No,No,No,No,No,No,Month-to-month,Yes,Electronic check,51.49,106.88,Yes
MKFW-5515,Male,0,Yes,No,16,Yes,No,No,No internet service,No internet service,No internet service,No internet service,No internet service,No internet service,Month-to-month,Yes,Bank transfer (automatic),27.6,444.09,No
TYOQ-7403,Female,0,Yes,No,43,Yes,Yes,DSL,No,Yes,No,No,No,Yes,Month-to-month,No,Electronic check,57.02,2452.75,No
AVRO-4615,Male,0,No,No,62,Yes,Yes,DSL,Yes,No,No,No,Yes,No,One year,No,Bank transfer (automatic),63.96,3963.62,No
VUES-9916,Male,0,No,No,41,Yes,Yes,No,No internet service,No internet service,No internet service,No internet service,No internet service,No internet service,One year,No,Electronic check,21.67,879.39,No
APVF-2118,Male,1,Yes,No,16,Yes,Yes,Fiber optic,No,No,No,No,No,Yes,Month-to-month,No,Electronic check,51.54,819.09,Yes
PEWU-6379,Male,1,Yes,Yes,23,Yes,No,Fiber optic,Yes,No,No,No,Yes,Yes,One year,No,Mailed check,45.99,1063.22,No
MZGJ-4546,Female,0,No,No,36,Yes,No,Fiber optic,No,Yes,No,No,Yes,No,Two year,No,Mailed check,46.76,1686.89,No
BUOZ-2859,Male,0,Yes,No,1,Yes,No,Fiber optic,Yes,No,No,Yes,Yes,No,Month-to-month,No,Electronic check,91.23,85.98,No
SGDC-7305,Male,0,No,Yes,13,Yes,No,DSL,Yes,No,Yes,No,Yes,No,Month-to-month,Yes,Credit card (automatic),58.68,761.61,No
ZKAU-6513,Male,0,No,No,9,Yes,No,Fiber optic,No,No,No,No,Yes,No,Month-to-month,Yes,Mailed check,60.55,539.6,Yes
KORA-2260,Male,0,Yes,No,14,Yes,Yes,DSL,No,No,No,Yes,No,Yes,Month-to-month,Yes,Mailed check,65.73,924.71,No
YKFT-2211,Female,0,No,No,36,Yes,No,Fiber optic,No,No,Yes,No,Yes,No,Month-to-month,Yes,Credit card (automatic),56.01,2014.83,No
LJEI-1159,Female,0,No,No,57,Yes,No,DSL,No,No,Yes,No,No,No,Month-to-month,No,Electronic check,35.07,1995.26,No
RLDV-4050,Female,0,No,No,45,Yes,Yes,Fiber optic,Yes,Yes,Yes,Yes,No,Yes,Month-to-month,Yes,Electronic check,85.84,3859.92,Yes
CJEN-9495,Female,0,Yes,Yes,52,Yes,Yes,No,No internet service,No internet service,No internet service,No internet service,No internet service,No internet service,Month-to-month,No,Credit card (automatic),29.12,1507.4,No
LZHE-0423,Female,0,No,No,55,Yes,Yes,DSL,No,Yes,Yes,Yes,No,No,One year,No,Bank transfer (automatic),37.38,2054.17,No
OMXP-6415,Male,0,Yes,Yes,12,No,No phone service,DSL,Yes,No,No,Yes,Yes,Yes,Two year,No,Electronic check,44.2,523.3,No
FZZF-8770,Female,0,No,No,34,Yes,Yes,Fiber optic,Yes,No,Yes,Yes,No,Yes,One year,Yes,Bank transfer (automatic),51.23,1744.91,No
UGFU-7254,Male,1,Yes,Yes,35,Yes,No,Fiber optic,No,No,No,Yes,Yes,Yes,One year,No,Mailed check,101.73,3557.43,No
XTHZ-1889,Female,0,No,Yes,33,Yes,No,No,No internet service,No internet service,No internet service,No internet service,No internet service,No internet service,Two year,Yes,Electronic check,21.0,688.02,No
JVPD-3545,Male,0,Yes,Yes,23,Yes,No,DSL,No,Yes,No,No,No,Yes,Two year,Yes,Credit card (automatic),28.43,653.88,No
GWIH-5540,Female,0,Yes,Yes,52,Yes,No,Fiber optic,No,Yes,No,No,Yes,Yes,Month-to-month,Yes,Bank transfer (automatic),83.19,4328.37,No
YIYX-9207,Male,0,No,Yes,26,Yes,Yes,No,No internet service,No internet service,No internet service,No internet service,No internet service,No internet service,One year,Yes,Bank transfer (automatic),29.13,765.17,No
WEJG-9389,Female,0,No,No,72,Yes,No,Fiber optic,No,No,Yes,No,Yes,No,Month-to-month,Yes,Credit card (automatic),60.93,4388.68,No
NBYI-4069,Male,0,No,Yes,72,Yes,Yes,DSL,Yes,No,No,Yes,No,No,One year,Yes,Bank transfer (automatic),66.1,4758.45,No
JTYV-2595,Female,0,Yes,Yes,11,Yes,Yes,DSL,No,No,Yes,No,No,No,Month-to-month,No,Mailed check,31.15,341.74,No
UBZZ-1615,Male,0,Yes,No,14,Yes,No,Fiber optic,Yes,No,No,No,No,Yes,Month-to-month,Yes,Mailed check,91.93,1286.09,No
ETGX-3000,Female,1,No,No,2,Yes,No,Fiber optic,Yes,No,No,Yes,Yes,Yes,One year,No,Mailed check,79.39,159.4,No
AUTM-8267,Male,0,No,No,27,Yes,No,DSL,No,Yes,Yes,Yes,No,Yes,One year,Yes,Credit card (automatic),41.2,1112.15,No
VLMZ-0792,Male,0,No,Yes,8,Yes,Yes,Fiber optic,Yes,Yes,No,No,No,Yes,Month-to-month,No,Credit card (automatic),103.22,820.04,No
XDPH-0258,Female,0,Yes,Yes,38,Yes,No,Fiber optic,No,Yes,Yes,No,Yes,No,Two year,Yes,Credit card (automatic),74.42,2830.25,No
BKAO-9234,Male,0,Yes,No,29,Yes,Yes,Fiber optic,No,Yes,Yes,Yes,Yes,Yes,One year,Yes,Electronic check,48.86,1413.12,No
CMJK-1168,Female,1,No,No,56,Yes,No,DSL,No,No,Yes,No,Yes,Yes,Month-to-month,No,Credit card (automatic),25.93,1458.96,Yes
JRWG-6260,Male,0,Yes,Yes,22,Yes,No,No,No internet service,No internet service,No internet service,No internet service,No internet service,No internet service,One year,Yes,Electronic check,24.99,546.44,No
ZAEP-1863,Male,0,Yes,No,29,Yes,No,DSL,No,No,Yes,Yes,No,Yes,Month-to-month,Yes,Mailed check,59.46,1722.17,No
TRUD-0725,Female,0,No,Yes,63,Yes,No,Fiber optic,No,No,No,Yes,Yes,Yes,Month-to-month,Yes,Electronic check,69.39,4367.79,Yes
DYWY-9204,Male,0,No,No,15,Yes,No,Fiber optic,Yes,Yes,No,Yes,No,Yes,Two year,No,Mailed check,59.64,903.74,No
SVXK-3443,Male,1,Yes,Yes,35,Yes,No,DSL,Yes,Yes,No,Yes,No,No,Two year,No,Electronic check,64.81,2269.98,No
DDDT-4118,Male,0,No,Yes,29,Yes,Yes,Fiber optic,No,No,Yes,No,Yes,No,Month-to-month,Yes,Credit card (automatic),67.05,1930.8,Yes
RVBU-3665,Female,0,Yes,No,45,Yes,Yes,Fiber optic,No,No,Yes,No,No,Yes,Month-to-month,No,Bank transfer (automatic),92.9,4168.43,No
ZUQP-2804,Female,0,Yes,No,19,Yes,Yes,Fiber optic,No,Yes,Yes,Yes,Yes,Yes,Two year,No,Electronic check,103.22,1958.86,No
BTPN-0296,Male,0,Yes,No,55,Yes,No,Fiber optic,Yes,No,No,Yes,No,No,One year,No,Mailed check,78.12,4304.39,No
ZOST-1282,Female,0,No,Yes,36,No,No phone service,DSL,No,Yes,Yes,Yes,No,Yes,Month-to-month,Yes,Credit card (automatic),47.28,1700.23,No
ERPD-6624,Female,0,No,No,61,Yes,Yes,No,No internet service,No internet service,No internet service,No internet service,No internet service,No internet service,Month-to-month,No,Bank transfer (automatic),25.12,1526.3,Yes
QZJJ-0498,Female,0,No,Yes,64,Yes,Yes,Fiber optic,No,No,No,Yes,Yes,No,One year,Yes,Bank transfer (automatic),102.13,6534.28,No
QADD-1881,Male,0,No,No,28,Yes,No,Fiber optic,No,No,Yes,Yes,Yes,Yes,Two year,Yes,Mailed check,72.06,2021.97,No
NYOF-7931,Female,0,No,No,42,Yes,No,No,No internet service,No internet service,No internet service,No internet service,No internet service,No internet service,Month-to-month,No,Mailed check,21.61,903.28,Yes
RYQL-6221,Male,0,Yes,No,35,Yes,No,Fiber optic,Yes,Yes,No,No,Yes,Yes,One year,No,Credit card (automatic),51.79,1808.2,No
JFMJ-1939,Female,1,Yes,No,16,Yes,No,DSL,Yes,Yes,Yes,No,No,Yes,Month-to-month,Yes,Bank transfer (automatic),32.67,515.99,No
PYYF-3603,Male,0,No,No,53,No,No phone service,No,No internet service,No internet service,No internet service,No internet service,No internet service,No internet service,One year,Yes,Credit card (automatic),20.11,1073.8,No
EHLB-4548,Male,0,No,No,16,Yes,Yes,No,No internet service,No internet service,No internet service,No internet service,No internet service,No internet service,One year,Yes,Bank transfer (automatic),28.33,448.7,No
JACR-2988,Male,0,Yes,Yes,31,Yes,No,Fiber optic,No,Yes,No,Yes,Yes,No,Two year,No,Bank transfer (automatic),97.58,3031.03,No
ZBCN-3826,Male,0,No,Yes,15,Yes,Yes,Fiber optic,No,No,No,Yes,No,Yes,Month-to-month,Yes,Credit card (automatic),54.57,820.69,Yes
LCWW-8158,Female,0,Yes,Yes,50,No,No phone service,Fiber optic,Yes,No,No,No,No,No,Month-to-month,No,Credit card (automatic),86.82,4343.05,No
LLOB-1499,Female,0,No,Yes,58,Yes,No,Fiber optic,Yes,No,No,No,No,No,One year,Yes,Electronic check,87.24,5062.99,No
LJXK-8146,Female,0,No,No,22,Yes,Yes,Fiber optic,Yes,No,No,No,No,Yes,Two year,Yes,Electronic check,89.17,1968.88,No
FVWC-2987,Female,0,No,No,15,Yes,No,DSL,Yes,No,Yes,Yes,No,Yes,One year,No,Mailed check,43.08,647.09,No
UFKZ-0903,Female,0,No,Yes,31,Yes,No,Fiber optic,Yes,Yes,No,Yes,No,No,Month-to-month,No,Mailed check,82.86,2562.1,No
BKGB-9143,Male,1,Yes,Yes,65,Yes,No,Fiber optic,No,Yes,No,Yes,No,Yes,Two year,No,Electronic check,57.28,3716.61,No
HTNL-5417,Male,0,No,Yes,69,Yes,No,Fiber optic,Yes,Yes,Yes,Yes,Yes,No,One year,No,Mailed check,57.13,3947.84,No
BYOI-2378,Female,0,No,No,61,Yes,No,DSL,No,No,No,Yes,No,No,Month-to-month,Yes,Mailed check,61.61,3760.26,No
SEKO-7267,Female,0,Yes,No,29,Yes,No,Fiber optic,Yes,Yes,Yes,Yes,No,No,Month-to-month,Yes,Credit card (automatic),47.35,1374.52,Yes
ZSRJ-6802,Female,0,No,No,35,Yes,No,DSL,No,Yes,No,Yes,Yes,Yes,One year,No,Electronic check,61.74,2154.47,No
ESAO-6697,Male,0,Yes,No,5,Yes,No,Fiber optic,No,No,Yes,Yes,No,Yes,Two year,Yes,Bank transfer (automatic),47.37,237.68,No
EJUE-0945,Male,0,No,No,44,Yes,Yes,No,No internet service,No internet service,No internet service,No internet service,No internet service,No internet service,Two year,Yes,Credit card (automatic),21.44,945.21,No
OMAK-6011,Male,0,No,Yes,32,No,No phone service,No,No internet service,No internet service,No internet service,No internet service,No internet service,No internet service,Month-to-month,Yes,Electronic check,18.72,607.9,Yes
UZPM-6090,Female,0,No,Yes,4,Yes,Yes,Fiber optic,No,Yes,Yes,No,No,Yes,Month-to-month,No,Mailed check,80.42,320.72,No
QFBQ-5159,Male,1,No,No,55,Yes,No,Fiber optic,No,Yes,Yes,No,No,Yes,Month-to-month,No,Bank transfer (automatic),106.89,5882.22,No
XRIH-9069,Female,0,Yes,No,27,Yes,No,DSL,Yes,Yes,No,No,Yes,Yes,Month-to-month,No,Mailed check,70.52,1898.33,No
FNVV-5962,Female,0,Yes,No,6,Yes,No,Fiber optic,No,No,No,No,No,Yes,Two year,Yes,Electronic check,82.89,494.25,No
NVSW-6718,Male,0,Yes,No,58,Yes,No,DSL,No,Yes,Yes,Yes,No,Yes,Month-to-month,Yes,Mailed check,58.12,,No
MUIJ-4683,Female,0,No,No,18,Yes,Yes,No,No internet service,No internet service,No internet service,No internet service,No internet service,No internet service,Month-to-month,Yes,Electronic check,21.34,381.48,Yes
BYMB-2912,Female,1,Yes,Yes,61,Yes,No,Fiber optic,Yes,Yes,Yes,No,No,Yes,Two year,Yes,Credit card (automatic),93.22,5687.76,No
FCJX-5602,Male,1,Yes,Yes,42,Yes,No,DSL,No,Yes,No,Yes,Yes,Yes,Month-to-month,Yes,Mailed check,34.93,1483.38,No
CRGI-3428,Male,1,Yes,No,49,Yes,Yes,Fiber optic,No,No,No,No,No,Yes,Month-to-month,Yes,Mailed check,65.03,3181.51,No
DEAR-8147,Female,1,Yes,No,52,Yes,Yes,Fiber optic,No,No,Yes,No,Yes,No,Month-to-month,Yes,Credit card (automatic),103.52,5384.45,Yes
CVDK-6925,Female,0,Yes,No,37,Yes,Yes,Fiber optic,No,No,No,Yes,No,No,Month-to-month,Yes,Credit card (automatic),48.69,1800.78,Yes
OJIK-9021,Female,0,No,Yes,16,Yes,Yes,DSL,No,No,No,Yes,Yes,Yes,Month-to-month,Yes,Mailed check,42.18,676.62,No
XWBF-2792,Female,0,No,No,26,No,No phone service,Fiber optic,No,No,Yes,No,No,No,Month-to-month,Yes,Electronic check,104.75,2711.27,Yes
ZNYP-0425,Female,0,Yes,No,36,Yes,No,DSL,Yes,Yes,No,Yes,No,No,Month-to-month,Yes,Bank transfer (automatic),71.23,2564.06,No
ZRIF-6480,Female,0,Yes,Yes,6,Yes,No,DSL,No,Yes,No,No,No,No,Month-to-month,Yes,Bank transfer (automatic),54.45,329.63,No
UJFW-3079,Female,1,No,No,37,Yes,No,Fiber optic,Yes,No,No,No,Yes,No,Month-to-month,Yes,Mailed check,69.47,2568.3,Yes
TCLG-1756,Female,0,No,No,28,Yes,Yes,Fiber optic,Yes,Yes,Yes,No,Yes,Yes,One year,No,Mailed check,54.23,1517.74,No
EIUK-4201,Female,1,Yes,Yes,50,Yes,No,No,No internet service,No internet service,No internet service,No internet service,No internet service,No internet service,Month-to-month,Yes,Credit card (automatic),23.63,1187.89,No
XAGN-4268,Male,0,Yes,No,14,Yes,Yes,Fiber optic,No,No,Yes,Yes,No,No,One year,No,Electronic check,91.02,1273.69,No
BHIC-1644,Female,0,No,No,15,No,No phone service,DSL,No,No,Yes,No,Yes,No,One year,Yes,Electronic check,41.24,618.23,No
ZETM-4353,Male,0,No,Yes,10,Yes,No,DSL,No,No,Yes,Yes,Yes,No,One year,No,Bank transfer (automatic),63.8,641.12,Yes
RYBY-9588,Female,0,Yes,Yes,32,No,No phone service,Fiber optic,No,No,Yes,No,No,No,Two year,Yes,Electronic check,61.46,1971.32,No
CAAS-4288,Male,0,Yes,No,19,Yes,Yes,No,No internet service,No internet service,No internet service,No internet service,No internet service,No internet service,Month-to-month,No,Bank transfer (automatic),25.1,464.73,No
SCLE-1568,Male,0,Yes,No,28,No,No phone service,No,No internet service,No internet service,No internet service,No internet service,No internet service,No internet service,Month-to-month,Yes,Electronic check,29.13,817.35,Yes
OVCU-3477,Female,0,Yes,No,15,Yes,No,Fiber optic,Yes,No,No,No,Yes,Yes,Month-to-month,Yes,Bank transfer (automatic),46.46,697.88,No
VAHX-1313,Male,0,Yes,Yes,16,Yes,No,No,No internet service,No internet service,No internet service,No internet service,No internet service,No internet service,One year,Yes,Electronic check,24.88,390.06,No
LMMJ-6878,Male,1,No,No,56,Yes,No,DSL,Yes,Yes,No,No,No,Yes,Month-to-month,Yes,Mailed check,56.71,3176.81,Yes
HRWR-1304,Male,0,No,No,36,Yes,Yes,Fiber optic,No,Yes,Yes,Yes,Yes,No,Two year,Yes,Electronic check,79.65,2868.7,No
VPIJ-7101,Male,0,Yes,No,17,Yes,Yes,DSL,No,No,Yes,Yes,No,No,Month-to-month,Yes,Electronic check,49.34,834.64,Yes
GDZE-6291,Female,0,No,No,70,No,No phone service,No,No internet service,No internet service,No internet service,No internet service,No internet service,No internet service,Two year,Yes,Bank transfer (automatic),23.97,1677.14,No
WUNO-0084,Male,1,Yes,No,48,Yes,Yes,DSL,Yes,Yes,No,Yes,No,Yes,Month-to-month,No,Electronic check,48.21,2318.71,No
QWYK-0932,Female,0,No,No,10,Yes,No,No,No internet service,No internet service,No internet service,No internet service,No internet service,No internet service,Month-to-month,Yes,Electronic check,21.42,215.12,No
UGXM-1606,Male,0,No,No,56,Yes,Yes,Fiber optic,No,Yes,No,No,No,Yes,Month-to-month,No,Electronic check,72.75,4078.92,Yes
HRIA-5025,Male,0,Yes,No,18,Yes,Yes,No,No internet service,No internet service,No internet service,No internet service,No internet service,No internet service,Month-to-month,No,Credit card (automatic),20.12,352.73,No
CXEB-3839,Female,0,Yes,No,69,Yes,No,Fiber optic,No,No,No,No,Yes,No,One year,No,Electronic check,102.95,7104.9,No
JXUK-9062,Male,0,Yes,No,52,No,No phone service,Fiber optic,No,No,Yes,No,Yes,No,One year,No,Credit card (automatic),92.92,4826.81,No
ZPHL-2041,Female,0,No,Yes,9,Yes,No,Fiber optic,Yes,No,No,No,No,No,One year,Yes,Credit card (automatic),94.86,846.56,Yes
KDPQ-8573,Female,0,No,No,0,No,No phone service,No,No internet service,No internet service,No internet service,No internet service,No internet service,No internet service,Two year,Yes,Electronic check,28.17,0.0,No
YBIU-5235,Female,0,No,No,0,Yes,Yes,Fiber optic,No,No,Yes,Yes,Yes,Yes,Month-to-month,Yes,Mailed check,93.51,0.0,Yes
GAWA-4519,Male,1,Yes,No,46,Yes,No,No,No internet service,No internet service,No internet service,No internet service,No internet service,No internet service,Month-to-month,Yes,Electronic check,23.88,1098.34,Yes
YNZV-6979,Male,0,No,Yes,26,Yes,No,No,No internet service,No internet service,No internet service,No internet service,No internet service,No internet service,Two year,No,Bank transfer (automatic),21.81,560.92,No
QNHD-9758,Female,0,No,Yes,24,Yes,No,DSL,No,Yes,No,No,No,Yes,Two year,Yes,Credit card (automatic),40.17,964.26,No
TRNR-4982,Female,0,No,Yes,9,Yes,No,No,No internet service,No internet service,No internet service,No internet service,No internet service,No internet service,One year,Yes,Mailed check,24.96,225.59,No
HTVJ-5242,Male,0,Yes,No,35,Yes,Yes,DSL,No,No,Yes,No,No,Yes,Two year,No,Mailed check,62.65,2182.67,No
KKQP-6362,Male,0,No,Yes,45,Yes,Yes,No,No internet service,No internet service,No internet service,No internet service,No internet service,No internet service,Two year,Yes,Electronic check,29.59,1333.44,Yes
LOKE-4191,Female,0,No,Yes,7,Yes,No,DSL,No,No,No,Yes,Yes,Yes,Two year,Yes,Mailed check,55.99,389.13,No
TOTD-5156,Male,0,Yes,No,61,Yes,Yes,Fiber optic,No,Yes,No,No,No,Yes,Two year,Yes,Mailed check,57.9,3541.52,No
ZSKX-1741,Female,0,Yes,Yes,28,Yes,No,No,No internet service,No internet service,No internet service,No internet service,No internet service,No internet service,One year,Yes,Bank transfer (automatic),18.2,513.78,No
WRNV-9282,Male,0,No,Yes,52,No,No phone service,DSL,Yes,Yes,No,Yes,Yes,Yes,Month-to-month,Yes,Credit card (automatic),73.41,3812.52,No
KLLC-4676,Female,0,No,No,3,Yes,Yes,DSL,No,Yes,No,No,Yes,Yes,Month-to-month,No,Credit card (automatic),61.88,174.67,Yes
YUJK-2543,Male,0,No,No,48,Yes,Yes,Fiber optic,Yes,No,No,No,No,Yes,One year,Yes,Electronic check,88.43,4235.55,No
LRWM-4378,Male,0,No,Yes,68,Yes,No,Fiber optic,Yes,No,Yes,No,No,Yes,Two year,Yes,Electronic check,71.77,4884.93,No
YSCE-4910,Male,0,Yes,Yes,41,Yes,Yes,DSL,No,No,Yes,Yes,No,Yes,Month-to-month,Yes,Credit card (automatic),69.95,2875.97,No
HSQQ-1552,Male,0,No,Yes,64,Yes,No,Fiber optic,No,No,Yes,No,No,No,One year,No,Credit card (automatic),58.31,3728.46,No
LDLM-1160,Female,0,No,No,33,No,No phone service,No,No internet service,No internet service,No internet service,No internet service,No internet service,No internet service,Month-to-month,Yes,Mailed check,27.85,916.46,No
GNLQ-5275,Male,0,No,No,13,Yes,No,No,No internet service,No internet service,No internet service,No internet service,No internet service,No internet service,Month-to-month,Yes,Credit card (automatic),29.86,383.88,Yes
RXEX-7517,Female,0,No,No,52,No,No phone service,Fiber optic,No,Yes,Yes,Yes,No,No,Month-to-month,No,Electronic check,85.6,4440.26,No
OOKV-5701,Female,0,No,No,0,Yes,No,DSL,No,No,No,Yes,Yes,Yes,Two year,Yes,Credit card (automatic),41.04,0.0,No
LLYK-7664,Female,0,Yes,No,7,No,No phone service,DSL,Yes,No,No,Yes,Yes,No,Two year,No,Electronic check,32.29,221.92,No
BKVJ-2391,Male,0,No,No,17,Yes,Yes,Fiber optic,Yes,No,No,No,Yes,Yes,Month-to-month,Yes,Credit card (automatic),99.45,1699.65,No
NRXH-9547,Female,0,Yes,Yes,4,No,No phone service,DSL,Yes,No,Yes,Yes,No,Yes,Month-to-month,No,Mailed check,29.9,120.17,No
DDEA-0176,Female,0,Yes,Yes,66,Yes,Yes,Fiber optic,No,No,No,No,No,Yes,Month-to-month,No,Mailed check,76.71,5067.05,Yes
OZYE-1676,Female,0,No,No,21,Yes,No,Fiber optic,Yes,No,No,No,Yes,Yes,Two year,Yes,Electronic check,94.65,1995.43,Yes
GNUR-5391,Female,0,No,Yes,5,No,No phone service,DSL,No,Yes,No,No,No,Yes,Month-to-month,No,Credit card (automatic),67.35,326.71,No
LPYG-5429,Female,0,No,No,26,Yes,Yes,Fiber optic,Yes,No,Yes,No,No,No,Two year,Yes,Credit card (automatic),91.53,2381.42,No
ZTSP-7266,Male,0,Yes,Yes,36,No,No phone service,DSL,Yes,Yes,Yes,No,No,Yes,One year,Yes,Bank transfer (automatic),49.04,1761.12,No
WGNB-9298,Male,0,Yes,No,34,Yes,No,DSL,Yes,Yes,No,No,No,No,Month-to-month,Yes,Electronic check,58.21,1971.13,No
PSRI-9838,Male,0,Yes,No,35,No,No phone service,DSL,Yes,No,No,No,No,Yes,Month-to-month,Yes,Bank transfer (automatic),70.04,2450.78,No
SGWO-7932,Male,0,Yes,No,60,Yes,Yes,DSL,No,Yes,No,No,Yes,No,Month-to-month,Yes,Bank transfer (automatic),58.16,3496.17,No
SUON-0925,Male,0,No,No,0,Yes,Yes,Fiber optic,Yes,Yes,Yes,Yes,Yes,Yes,Two year,Yes,Mailed check,90.94,0.0,No
CEIR-1557,Male,0,Yes,No,47,Yes,No,Fiber optic,No,No,Yes,No,Yes,Yes,Month-to-month,Yes,Electronic check,59.38,2793.03,Yes
LBIO-1091,Female,0,No,No,66,Yes,Yes,DSL,No,No,No,No,Yes,No,Month-to-month,Yes,Electronic check,67.22,4434.74,No
LWHE-5057,Female,0,Yes,No,38,Yes,No,Fiber optic,Yes,No,No,Yes,No,No,One year,Yes,Electronic check,51.0,1936.63,No
MSAK-3074,Female,0,Yes,No,2,Yes,No,Fiber optic,No,No,No,No,Yes,No,One year,No,Bank transfer (automatic),74.24,150.46,Yes
QHYJ-1876,Male,1,No,No,25,Yes,Yes,Fiber optic,Yes,Yes,Yes,No,No,Yes,One year,No,Credit card (automatic),64.27,1606.85,No
CRGO-4531,Female,1,No,No,68,Yes,No,DSL,Yes,No,Yes,Yes,No,Yes,Two year,No,Bank transfer (automatic),40.11,2725.83,No
YCWN-7157,Female,0,Yes,No,54,No,No phone service,DSL,No,No,Yes,Yes,No,Yes,Two year,No,Mailed check,31.96,1719.63,No
GKCQ-5754,Male,0,No,No,2,Yes,Yes,DSL,No,Yes,Yes,No,No,Yes,One year,Yes,Credit card (automatic),51.57,102.22,No
HBOL-0035,Male,1,No,No,55,Yes,Yes,DSL,No,Yes,Yes,Yes,Yes,Yes,Month-to-month,Yes,Mailed check,58.85,3242.23,No
PIAQ-4944,Male,0,No,Yes,27,Yes,No,Fiber optic,No,No,No,Yes,Yes,No,Month-to-month,Yes,Mailed check,90.03,2426.64,No
JFXS-8038,Male,0,No,No,42,Yes,No,Fiber optic,Yes,No,No,Yes,No,Yes,Two year,Yes,Bank transfer (automatic),54.85,2301.74,No
ONHJ-8082,Male,0,Yes,No,29,Yes,Yes,DSL,Yes,Yes,Yes,No,Yes,No,Month-to-month,Yes,Mailed check,48.47,1397.31,No
KLJY-0085,Female,0,No,Yes,17,No,No phone service,Fiber optic,Yes,No,Yes,No,Yes,No,One year,Yes,Mailed check,55.31,934.19,No
DGUZ-6770,Female,0,No,Yes,4,Yes,No,DSL,Yes,Yes,No,Yes,No,Yes,Month-to-month,Yes,Credit card (automatic),61.17,245.47,No
XVDL-7235,Male,0,No,No,60,Yes,No,Fiber optic,Yes,No,No,Yes,No,No,Month-to-month,Yes,Electronic check,93.25,5593.99,No
KWDT-6570,Male,0,No,No,0,Yes,No,DSL,No,Yes,Yes,Yes,Yes,No,Month-to-month,Yes,Bank transfer (automatic),68.13,0.0,No
ZGLG-6699,Male,0,No,No,63,Yes,No,Fiber optic,No,Yes,Yes,No,No,No,Month-to-month,Yes,Bank transfer (automatic),101.97,6423.06,Yes
HIIB-6638,Male,0,No,No,13,Yes,No,DSL,No,No,Yes,No,Yes,No,One year,Yes,Bank transfer (automatic),57.41,746.4,No
XLQB-1703,Male,0,No,No,40,Yes,Yes,Fiber optic,Yes,Yes,No,No,No,No,Month-to-month,No,Bank transfer (automatic),106.61,4263.67,No
JLEI-6786,Female,0,Yes,No,72,Yes,No,DSL,No,Yes,Yes,No,Yes,No,Two year,Yes,Electronic check,38.3,2760.84,No
UMEP-9548,Female,0,No,No,67,Yes,No,Fiber optic,No,No,Yes,Yes,No,No,Month-to-month,No,Mailed check,66.48,4448.57,No
SCOG-6526,Male,0,Yes,No,52,Yes,No,DSL,Yes,Yes,No,No,Yes,No,One year,No,Mailed check,49.22,2561.29,No
EWRV-7030,Male,0,Yes,No,30,No,No phone service,No,No internet service,No internet service,No internet service,No internet service,No internet service,No internet service,Month-to-month,No,Credit card (automatic),29.65,882.83,No
NQJL-7690,Male,0,No,Yes,58,Yes,No,Fiber optic,Yes,No,Yes,No,No,Yes,Month-to-month,Yes,Electronic check,60.56,3508.68,Yes
RTPQ-2777,Male,0,No,No,65,Yes,Yes,DSL,No,No,No,Yes,No,No,Month-to-month,No,Mailed check,43.34,2807.16,No
FFUI-3960,Female,0,Yes,No,36,Yes,No,Fiber optic,No,No,No,No,No,Yes,Month-to-month,No,Electronic check,62.93,2265.99,Yes
OIGJ-8615,Male,1,Yes,No,49,Yes,Yes,Fiber optic,Yes,No,No,No,Yes,Yes,Month-to-month,No,Mailed check,93.03,4564.93,No
ZLKT-2157,Male,0,No,No,65,Yes,No,DSL,Yes,No,Yes,Yes,No,No,One year,Yes,Electronic check,60.95,3966.08,No
VYER-7893,Male,0,No,No,13,Yes,No,DSL,Yes,Yes,No,No,No,Yes,Month-to-month,No,Mailed check,35.38,461.13,Yes
VKJX-8453,Female,0,Yes,No,14,Yes,No,Fiber optic,Yes,Yes,No,No,No,No,One year,Yes,Credit card (automatic),108.46,1516.24,No
EWIZ-5573,Female,1,No,No,24,Yes,No,No,No internet service,No internet service,No internet service,No internet service,No internet service,No internet service,Month-to-month,No,Credit card (automatic),29.26,700.15,Yes
SNGE-1157,Male,0,No,No,7,Yes,No,Fiber optic,No,No,No,No,No,No,Month-to-month,No,Credit card (automatic),46.93,330.67,No
AVLB-1690,Male,0,No,Yes,57,Yes,Yes,Fiber optic,No,No,No,No,Yes,Yes,Month-to-month,Yes,Electronic check,74.22,4227.97,No
VWNX-6582,Female,0,No,No,55,Yes,No,Fiber optic,Yes,Yes,No,No,No,Yes,One year,No,Credit card (automatic),74.76,4115.88,No
FTBQ-0923,Male,0,No,No,13,No,No phone service,Fiber optic,No,No,No,Yes,Yes,Yes,Month-to-month,No,Mailed check,76.98,993.14,Yes
RMLQ-3695,Female,0,No,No,41,Yes,No,DSL,No,Yes,No,No,Yes,No,Two year,No,Bank transfer (automatic),58.6,2401.97,No
FIOB-3407,Male,0,No,Yes,12,Yes,No,DSL,Yes,Yes,No,Yes,No,No,Month-to-month,No,Mailed check,60.96,726.13,No
HVLU-7221,Female,0,No,No,18,Yes,No,DSL,No,No,No,No,Yes,No,Month-to-month,No,Electronic check,26.47,473.17,Yes
USSO-5713,Female,0,Yes,Yes,33,Yes,Yes,DSL,No,No,No,Yes,Yes,No,One year,Yes,Electronic check,69.06,2283.33,No
PKGQ-0966,Male,0,Yes,No,45,Yes,Yes,Fiber optic,Yes,No,Yes,No,Yes,Yes,Month-to-month,No,Credit card (automatic),57.98,2610.75,No
AQDU-4376,Male,0,Yes,No,54,Yes,Yes,Fiber optic,No,Yes,No,No,No,No,Two year,No,Mailed check,62.39,3369.95,No
YGJQ-6069,Female,0,Yes,No,63,Yes,Yes,Fiber optic,No,Yes,No,No,Yes,Yes,Month-to-month,Yes,Electronic check,65.24,4105.72,No
XKIL-2338,Male,0,Yes,No,56,Yes,Yes,No,No internet service,No internet service,No internet service,No internet service,No internet service,No internet service,Two year,Yes,Credit card (automatic),28.59,1602.19,No
MWSJ-4670,Male,0,No,Yes,71,Yes,Yes,DSL,Yes,Yes,Yes,No,No,Yes,Month-to-month,No,Mailed check,34.78,2467.72,No
LBGK-1681,Male,0,No,No,63,Yes,No,Fiber optic,No,No,Yes,Yes,No,No,Month-to-month,No,Bank transfer (automatic),78.36,4938.82,Yes
GDKB-6404,Male,0,Yes,No,4,Yes,No,DSL,No,No,Yes,Yes,No,Yes,Month-to-month,No,Credit card (automatic),36.32,134.19,No
LSGF-7418,Female,0,No,Yes,42,Yes,Yes,No,No internet service,No internet service,No internet service,No internet service,No internet service,No internet service,Month-to-month,Yes,Bank transfer (automatic),20.7,871.59,No
KXFZ-6862,Female,0,No,No,16,Yes,No,Fiber optic,No,Yes,Yes,Yes,Yes,No,Month-to-month,No,Electronic check,65.16,1040.66,Yes
FKKG-1239,Female,0,No,No,45,Yes,No,No,No internet service,No internet service,No internet service,No internet service,No internet service,No internet service,Month-to-month,No,Credit card (automatic),23.23,1042.27,No
FQYE-6880,Male,0,No,No,32,No,No phone service,Fiber optic,No,Yes,No,No,Yes,No,Month-to-month,Yes,Electronic check,101.44,3253.5,Yes
ASFR-9004,Male,1,Yes,No,68,Yes,No,DSL,Yes,Yes,No,Yes,Yes,Yes,One year,No,Mailed check,30.18,2056.93,No
TATC-1806,Male,0,No,No,14,Yes,Yes,No,No internet service,No internet service,No internet service,No internet service,No internet service,No internet service,One year,No,Credit card (automatic),29.4,412.8,No
NDEZ-4058,Male,0,Yes,Yes,41,Yes,No,DSL,No,No,No,No,No,Yes,One year,No,Electronic check,56.18,2306.13,No
BWVE-3353,Female,0,No,No,14,Yes,No,Fiber optic,No,No,Yes,Yes,No,Yes,One year,Yes,Bank transfer (automatic),76.42,1065.78,No
UMVE-6896,Male,0,Yes,No,64,Yes,Yes,Fiber optic,Yes,No,No,Yes,Yes,Yes,One year,Yes,Mailed check,48.97,3131.15,No
GTAN-7304,Female,0,No,No,62,Yes,No,Fiber optic,No,Yes,Yes,No,No,No,Two year,Yes,Bank transfer (automatic),88.42,5488.11,No
NPNP-7377,Male,1,No,No,55,Yes,Yes,Fiber optic,Yes,Yes,Yes,Yes,No,No,Month-to-month,Yes,Credit card (automatic),58.17,3205.31,No
CYSA-1591,Female,0,No,No,42,Yes,No,No,No internet service,No internet service,No internet service,No internet service,No internet service,No internet service,Two year,Yes,Credit card (automatic),27.71,1167.92,No
VNQM-0498,Male,0,No,No,69,Yes,No,Fiber optic,No,Yes,Yes,Yes,Yes,No,Two year,No,Electronic check,62.79,4334.29,No
NXCO-2020,Female,0,No,No,33,Yes,Yes,DSL,Yes,No,No,Yes,No,Yes,Month-to-month,Yes,Credit card (automatic),48.8,1616.41,Yes
HQUY-6388,Male,0,Yes,No,65,Yes,No,Fiber optic,No,No,Yes,No,No,No,Month-to-month,No,Bank transfer (automatic),107.65,6996.18,No
BJJK-5376,Female,0,No,No,68,Yes,Yes,No,No internet service,No internet service,No internet service,No internet service,No internet service,No internet service,Month-to-month,No,Mailed check,24.43,1665.34,No
WZYM-4505,Male,0,Yes,Yes,19,Yes,No,No,No internet service,No internet service,No internet service,No internet service,No internet service,No internet service,One year,Yes,Mailed check,18.55,357.09,No
RVIX-8972,Male,0,No,No,13,No,No phone service,Fiber optic,No,No,No,Yes,No,Yes,Month-to-month,Yes,Bank transfer (automatic),106.0,1373.02,No
XPFF-5290,Male,0,No,No,67,No,No phone service,DSL,No,Yes,Yes,No,Yes,No,Two year,Yes,Mailed check,29.69,1979.04,No
NDZL-5916,Male,0,No,Yes,40,Yes,Yes,DSL,No,Yes,Yes,No,Yes,No,Two year,Yes,Credit card (automatic),67.46,2701.83,No
GKDT-0189,Female,0,No,Yes,58,Yes,No,Fiber optic,Yes,Yes,Yes,Yes,No,No,Month-to-month,No,Bank transfer (automatic),51.81,3004.19,No
XXIW-8915,Female,0,Yes,Yes,49,Yes,Yes,Fiber optic,No,No,Yes,Yes,Yes,No,Month-to-month,No,Credit card (automatic),100.34,4923.38,Yes
OCKF-2739,Female,0,Yes,No,38,Yes,No,Fiber optic,No,No,No,Yes,No,Yes,Month-to-month,Yes,Electronic check,83.01,3152.72,Yes
FOYR-1611,Male,0,Yes,Yes,29,Yes,No,No,No internet service,No internet service,No internet service,No internet service,No internet service,No internet service,Month-to-month,Yes,Bank transfer (automatic),29.29,845.48,No
TIXB-7319,Male,0,Yes,No,36,Yes,Yes,Fiber optic,Yes,Yes,Yes,No,No,Yes,Month-to-month,Yes,Mailed check,93.59,3369.68,No
GFJE-0170,Male,1,Yes,No,46,Yes,No,No,No internet service,No internet service,No internet service,No internet service,No internet service,No internet service,Month-to-month,No,Credit card (automatic),28.79,1325.34,No
SBUT-6473,Male,0,Yes,Yes,44,Yes,No,DSL,Yes,No,No,No,Yes,No,Month-to-month,No,Electronic check,61.07,2688.66,No
LVTR-0073,Female,0,No,No,56,Yes,No,Fiber optic,No,No,Yes,Yes,Yes,No,Month-to-month,Yes,Electronic check,65.59,3664.92,No
EKXW-7759,Female,0,No,Yes,3,Yes,Yes,Fiber optic,Yes,No,Yes,Yes,Yes,Yes,Month-to-month,Yes,Credit card (automatic),92.68,274.77,Yes
BPFN-0022,Female,0,No,No,5,Yes,No,No,No internet service,No internet service,No internet service,No internet service,No internet service,No internet service,One year,No,Credit card (automatic),18.33,92.55,No
KEQZ-5692,Female,1,No,No,14,Yes,No,Fiber optic,Yes,No,Yes,No,No,No,Month-to-month,No,Electronic check,64.99,915.36,No
TJJN-9992,Female,0,No,No,44,Yes,No,Fiber optic,Yes,No,No,No,No,Yes,Two year,No,Credit card (automatic),71.07,3128.73,No
AXZJ-1076,Male,0,No,No,59,Yes,No,Fiber optic,Yes,No,No,Yes,No,Yes,Month-to-month,No,Bank transfer (automatic),71.04,4188.67,No
GTIV-1008,Female,0,No,No,27,Yes,Yes,DSL,No,Yes,Yes,No,Yes,No,Month-to-month,No,Credit card (automatic),65.7,1767.55,No
TUSD-7388,Female,0,Yes,No,31,Yes,Yes,Fiber optic,No,No,No,No,No,No,Two year,No,Mailed check,60.47,1871.16,Yes
VRLJ-6852,Female,0,No,No,47,No,No phone service,DSL,No,No,Yes,No,Yes,Yes,Month-to-month,No,Credit card (automatic),71.03,3340.12,No
POGP-4024,Female,0,Yes,No,18,Yes,No,Fiber optic,Yes,No,No,Yes,Yes,No,Two year,Yes,Credit card (automatic),49.69,890.0,No
GSVE-0957,Male,1,No,No,30,No,No phone service,Fiber optic,No,No,Yes,Yes,No,Yes,Month-to-month,No,Electronic check,82.83,2485.85,Yes
ABOT-1897,Male,1,No,No,59,Yes,Yes,DSL,No,No,No,No,No,No,Month-to-month,No,Electronic check,51.0,3015.19,Yes
XDED-8171,Male,0,Yes,Yes,43,Yes,No,Fiber optic,Yes,No,No,Yes,Yes,Yes,One year,Yes,Electronic check,97.02,4180.57,No
PAZS-8286,Female,0,Yes,Yes,22,Yes,No,DSL,Yes,Yes,No,No,Yes,No,One year,No,Mailed check,57.49,1257.2,No
JAJU-8284,Female,0,Yes,No,26,Yes,No,Fiber optic,No,Yes,Yes,Yes,No,No,One year,Yes,Mailed check,104.17,2709.94,No
IZVI-6676,Female,0,No,Yes,0,Yes,Yes,DSL,No,No,Yes,Yes,No,Yes,Month-to-month,Yes,Mailed check,64.45,0.0,No
LYIF-6180,Male,1,Yes,Yes,21,No,No phone service,DSL,No,No,No,No,Yes,No,Month-to-month,Yes,Bank transfer (automatic),39.23,826.74,No
ASFE-1893,Male,0,Yes,Yes,7,Yes,No,Fiber optic,Yes,Yes,No,Yes,No,Yes,Month-to-month,No,Bank transfer (automatic),99.27,697.78,Yes
DUOH-9343,Male,0,Yes,No,68,Yes,Yes,DSL,No,No,No,No,No,No,Month-to-month,No,Bank transfer (automatic),71.37,4857.35,No
PVLP-2759,Female,0,Yes,No,23,Yes,Yes,No,No internet service,No internet service,No internet service,No internet service,No internet service,No internet service,Month-to-month,Yes,Mailed check,29.22,671.57,Yes
ERJJ-6106,Male,0,Yes,No,32,Yes,Yes,DSL,Yes,Yes,Yes,No,No,Yes,Month-to-month,Yes,Electronic check,71.39,2290.34,No
UAOD-3968,Male,0,No,No,11,Yes,Yes,Fiber optic,No,Yes,Yes,No,Yes,Yes,Month-to-month,No,Electronic check,104.19,1150.1,No
BNPA-1695,Male,0,Yes,No,3,Yes,No,Fiber optic,Yes,Yes,Yes,No,Yes,No,Month-to-month,Yes,Electronic check,67.04,192.79,Yes
TAMA-4060,Female,1,No,Yes,63,Yes,No,DSL,No,No,Yes,Yes,Yes,No,One year,Yes,Credit card (automatic),45.29,2855.0,No
QBMN-9208,Female,0,No,No,59,Yes,Yes,No,No internet service,No internet service,No internet service,No internet service,No internet service,No internet service,Month-to-month,No,Electronic check,25.69,1516.27,No
JHUM-1450,Male,0,No,No,8,Yes,Yes,Fiber optic,Yes,Yes,Yes,Yes,Yes,Yes,One year,Yes,Electronic check,98.73,787.98,No
KTPI-1403,Male,1,Yes,No,41,Yes,No,Fiber optic,Yes,Yes,Yes,Yes,No,No,Two year,No,Mailed check,77.02,3158.01,No
DVZY-2856,Male,1,No,No,52,Yes,Yes,DSL,No,Yes,Yes,No,Yes,No,Month-to-month,No,Credit card (automatic),70.56,3665.14,Yes
LJBK-9551,Male,0,Yes,No,59,Yes,Yes,Fiber optic,No,No,No,No,No,No,Month-to-month,Yes,Credit card (automatic),94.47,5572.86,No
BBJP-0471,Female,0,No,No,13,Yes,No,Fiber optic,No,No,Yes,Yes,Yes,No,Month-to-month,Yes,Mailed check,85.61,1118.87,No
MOUL-7941,Female,0,Yes,No,50,Yes,Yes,DSL,Yes,Yes,No,Yes,No,Yes,Month-to-month,No,Electronic check,35.59,1773.93,No
SOFK-4334,Male,1,Yes,No,64,Yes,Yes,No,No internet service,No internet service,No internet service,No internet service,No internet service,No internet service,Month-to-month,No,Credit card (automatic),25.25,1613.88,No
RYRJ-1982,Male,0,Yes,No,26,Yes,Yes,Fiber optic,Yes,No,Yes,No,No,Yes,One year,Yes,Bank transfer (automatic),106.39,2765.23,No
JWDF-3960,Male,0,No,No,21,Yes,No,No,No internet service,No internet service,No internet service,No internet service,No internet service,No internet service,Month-to-month,Yes,Electronic check,26.68,559.1,No
SSQF-8769,Male,0,No,No,21,Yes,No,No,No internet service,No internet service,No internet service,No internet service,No internet service,No internet service,Month-to-month,No,Bank transfer (automatic),26.57,566.27,No
XVYS-9983,Male,1,No,Yes,63,Yes,Yes,Fiber optic,No,No,Yes,Yes,No,No,Two year,No,Electronic check,87.71,5524.77,No
WOMY-1182,Female,0,No,No,23,No,No phone service,DSL,No,Yes,No,No,Yes,Yes,Month-to-month,Yes,Mailed check,62.61,1444.83,No
IMUV-1781,Female,0,No,No,29,Yes,No,Fiber optic,Yes,No,No,No,No,No,Month-to-month,Yes,Electronic check,60.34,1761.73,No
FVHZ-4808,Female,0,Yes,No,39,Yes,Yes,Fiber optic,Yes,No,No,Yes,No,Yes,One year,Yes,Electronic check,100.15,3899.09,No
JWDC-9502,Male,0,No,No,22,Yes,No,Fiber optic,No,Yes,No,No,No,No,Month-to-month,No,Credit card (automatic),52.29,1151.62,No
BKIC-1310,Male,0,No,No,9,Yes,Yes,DSL,No,Yes,No,Yes,Yes,No,One year,Yes,Electronic check,51.85,471.27,No
VZHJ-9182,Female,0,No,No,32,Yes,No,DSL,Yes,Yes,Yes,No,No,No,Two year,Yes,Bank transfer (automatic),70.66,2263.65,No
HHCC-5030,Male,0,Yes,Yes,71,Yes,No,Fiber optic,No,No,Yes,No,No,Yes,One year,No,Electronic check,105.49,7489.26,No
NSIU-4324,Female,0,No,Yes,4,Yes,Yes,Fiber optic,No,Yes,No,Yes,No,No,Two year,Yes,Mailed check,71.92,280.96,No
ONKT-7375,Male,1,Yes,No,26,Yes,No,No,No internet service,No internet service,No internet service,No internet service,No internet service,No internet service,Two year,No,Credit card (automatic),26.59,686.09,No
OLPP-4333,Female,1,No,No,61,Yes,No,DSL,Yes,Yes,No,No,Yes,No,Month-to-month,No,Credit card (automatic),43.06,2621.59,Yes
KMID-8959,Female,0,Yes,Yes,24,Yes,No,No,No internet service,No internet service,No internet service,No internet service,No internet service,No internet service,Month-to-month,No,Electronic check,29.63,704.31,Yes
MGZS-7209,Male,0,Yes,Yes,65,Yes,No,No,No internet service,No internet service,No internet service,No internet service,No internet service,No internet service,Month-to-month,Yes,Electronic check,26.93,1747.68,No
UBJV-9803,Male,0,No,No,19,Yes,No,DSL,No,Yes,Yes,Yes,No,Yes,Two year,Yes,Bank transfer (automatic),56.05,1063.06,No
OAQX-1073,Male,0,Yes,No,42,Yes,No,DSL,No,No,No,Yes,No,Yes,Month-to-month,Yes,Bank transfer (automatic),56.3,2360.5,No
CLTP-4002,Female,0,Yes,No,66,Yes,No,DSL,Yes,Yes,No,No,Yes,Yes,Month-to-month,Yes,Electronic check,63.23,4171.23,Yes
VALO-1606,Female,0,Yes,No,57,Yes,No,Fiber optic,No,Yes,No,Yes,No,No,One year,Yes,Mailed check,109.89,6260.21,No
OTJN-5785,Male,0,Yes,No,40,Yes,Yes,Fiber optic,No,No,Yes,No,Yes,Yes,Month-to-month,Yes,Electronic check,101.03,4042.94,No
LKYT-5782,Female,0,No,No,63,No,No phone service,Fiber optic,Yes,No,No,Yes,Yes,No,Month-to-month,No,Electronic check,80.08,5048.11,No
BVTA-7881,Female,0,No,No,45,Yes,No,Fiber optic,Yes,No,No,No,No,No,One year,Yes,Credit card (automatic),48.76,2194.87,No
YWEW-8753,Female,0,Yes,Yes,59,Yes,Yes,Fiber optic,Yes,No,No,Yes,Yes,No,Two year,No,Bank transfer (automatic),74.6,4405.05,No
OAVC-5531,Male,0,No,Yes,14,No,No phone service,Fiber optic,No,Yes,No,No,No,Yes,Two year,Yes,Electronic check,78.6,1104.66,No
OIRC-9060,Female,0,No,No,26,Yes,Yes,Fiber optic,No,Yes,Yes,Yes,No,Yes,One year,No,Bank transfer (automatic),90.39,2348.92,No
YKQE-6287,Male,0,No,Yes,57,Yes,No,DSL,No,Yes,No,No,No,No,One year,Yes,Mailed check,45.07,2567.5,No
OCOE-6342,Male,0,Yes,Yes,23,Yes,Yes,Fiber optic,No,No,Yes,Yes,No,No,Two year,No,Mailed check,81.48,1868.69,No
IZIG-9166,Female,0,No,Yes,34,No,No phone service,Fiber optic,Yes,No,No,Yes,No,Yes,Month-to-month,Yes,Bank transfer (automatic),75.9,2575.53,Yes
UPIM-2305,Female,0,No,Yes,22,Yes,Yes,DSL,Yes,Yes,No,Yes,Yes,Yes,Two year,Yes,Electronic check,71.85,1573.96,No
DARS-8763,Male,0,Yes,No,7,Yes,Yes,Fiber optic,Yes,No,Yes,No,No,No,Month-to-month,No,Electronic check,63.73,452.43,Yes
AXDS-8933,Female,0,Yes,No,15,Yes,No,DSL,No,Yes,No,Yes,No,No,Month-to-month,Yes,Bank transfer (automatic),34.13,510.3,No
IMLK-1438,Female,0,No,Yes,69,Yes,No,Fiber optic,Yes,Yes,No,No,Yes,No,Two year,Yes,Bank transfer (automatic),107.13,7394.24,No
LUYK-8182,Male,0,No,No,60,Yes,Yes,No,No internet service,No internet service,No internet service,No internet service,No internet service,No internet service,One year,Yes,Electronic check,25.71,1540.54,No
TQNA-0874,Male,0,Yes,Yes,57,Yes,No,DSL,No,No,Yes,No,Yes,No,Month-to-month,Yes,Electronic check,50.46,2870.91,No
EICS-6851,Female,0,No,No,28,Yes,Yes,Fiber optic,Yes,No,No,No,No,Yes,Month-to-month,No,Credit card (automatic),89.64,2519.98,No
PABN-0998,Female,0,No,No,62,Yes,No,Fiber optic,No,No,No,No,No,Yes,One year,Yes,Credit card (automatic),58.84,3648.08,No
POZO-7627,Male,0,Yes,No,25,Yes,Yes,DSL,No,No,No,Yes,No,Yes,One year,Yes,Electronic check,66.72,1668.84,No
BBJC-6076,Female,0,No,Yes,8,No,No phone service,DSL,No,Yes,Yes,No,No,No,Two year,Yes,Electronic check,51.76,417.06,No
DNUJ-0300,Male,0,No,No,18,Yes,No,No,No internet service,No internet service,No internet service,No internet service,No internet service,No internet service,Month-to-month,No,Bank transfer (automatic),21.63,389.78,No
ZQGW-3127,Male,1,No,Yes,70,Yes,No,Fiber optic,Yes,Yes,No,No,Yes,No,Two year,Yes,Bank transfer (automatic),100.75,7046.66,No
MXKV-9883,Male,1,No,Yes,24,Yes,Yes,Fiber optic,Yes,No,Yes,No,No,No,One year,Yes,Bank transfer (automatic),51.96,1248.61,No
AQLJ-4156,Male,1,Yes,No,23,Yes,No,No,No internet service,No internet service,No internet service,No internet service,No internet service,No internet service,Month-to-month,Yes,Mailed check,23.94,544.42,Yes
QFHL-4695,Male,0,Yes,Yes,38,Yes,No,Fiber optic,Yes,Yes,No,No,No,No,Month-to-month,Yes,Electronic check,68.43,2589.08,Yes
TOGZ-8996,Female,0,Yes,No,46,Yes,Yes,DSL,No,No,No,Yes,No,No,Month-to-month,Yes,Electronic check,25.9,1189.78,No
EWCR-4347,Female,0,Yes,No,60,No,No phone service,DSL,No,Yes,Yes,No,No,Yes,Month-to-month,No,Electronic check,50.23,3011.3,No
LDOI-6967,Male,0,No,No,28,Yes,Yes,DSL,No,No,No,No,Yes,No,Month-to-month,No,Credit card (automatic),67.55,1880.4,Yes
LVXS-9905,Male,0,No,Yes,19,Yes,Yes,No,No internet service,No internet service,No internet service,No internet service,No internet service,No internet service,Two year,Yes,Electronic check,25.71,498.91,No
QYRK-1619,Male,0,No,Yes,4,Yes,Yes,Fiber optic,No,Yes,No,Yes,No,No,One year,No,Electronic check,94.22,371.56,Yes
HFGW-5988,Male,0,Yes,No,35,Yes,Yes,Fiber optic,Yes,No,No,No,No,No,One year,Yes,Bank transfer (automatic),109.27,3824.95,No
GIMZ-2204,Male,1,No,No,61,Yes,Yes,No,No internet service,No internet service,No internet service,No internet service,No internet service,No internet service,Month-to-month,Yes,Electronic check,27.88,1705.3,Yes
TBYC-7540,Male,1,Yes,No,49,Yes,Yes,Fiber optic,Yes,Yes,Yes,No,Yes,No,One year,Yes,Credit card (automatic),94.15,4615.14,No
TSAU-5125,Female,0,Yes,No,19,Yes,Yes,DSL,Yes,No,No,No,Yes,No,Month-to-month,No,Bank transfer (automatic),37.7,710.67,No
TIET-1591,Male,0,Yes,Yes,10,Yes,Yes,DSL,Yes,Yes,No,No,Yes,No,One year,Yes,Mailed check,25.48,253.0,No
WSIU-7597,Male,0,No,No,19,Yes,No,Fiber optic,No,No,Yes,No,Yes,Yes,Two year,Yes,Mailed check,69.73,1328.9,No
MKLS-2492,Female,0,No,No,5,Yes,Yes,No,No internet service,No internet service,No internet service,No internet service,No internet service,No internet service,Month-to-month,No,Credit card (automatic),19.24,95.74,No
XZMN-7139,Female,1,Yes,Yes,44,Yes,No,DSL,No,Yes,No,Yes,No,No,Month-to-month,Yes,Bank transfer (automatic),41.48,1819.11,No
QDLM-3982,Male,1,No,No,25,Yes,No,Fiber optic,Yes,Yes,Yes,No,No,No,Month-to-month,Yes,Credit card (automatic),67.88,1695.34,No
OBYY-0597,Male,0,No,Yes,22,Yes,Yes,DSL,No,No,Yes,No,No,No,Month-to-month,No,Electronic check,51.61,1126.05,Yes
CYRV-0626,Male,0,Yes,No,4,Yes,No,Fiber optic,No,No,No,No,No,No,One year,Yes,Credit card (automatic),109.78,436.01,Yes
DIES-7512,Male,0,No,Yes,24,No,No phone service,DSL,Yes,No,Yes,Yes,No,Yes,Two year,Yes,Electronic check,30.34,728.66,No
XOZG-9508,Male,1,No,No,3,Yes,No,Fiber optic,No,No,No,No,Yes,No,Month-to-month,Yes,Bank transfer (automatic),96.75,289.89,No
SEWG-2396,Male,1,No,No,9,Yes,No,DSL,No,Yes,No,Yes,Yes,No,One year,No,Mailed check,67.53,600.21,No
XBYW-7558,Female,0,Yes,Yes,33,Yes,Yes,No,No internet service,No internet service,No internet service,No internet service,No internet service,No internet service,Month-to-month,Yes,Bank transfer (automatic),30.0,986.37,No
DKEY-0368,Male,0,Yes,Yes,57,Yes,No,No,No internet service,No internet service,No internet service,No internet service,No internet service,No internet service,Month-to-month,Yes,Credit card (automatic),28.95,1647.96,No
ONMK-9578,Male,0,No,No,7,Yes,No,DSL,No,No,Yes,Yes,Yes,No,Two year,No,Electronic check,53.36,373.47,No
JDQN-7106,Female,0,Yes,Yes,51,Yes,No,Fiber optic,No,No,No,Yes,Yes,Yes,One year,Yes,Mailed check,100.22,5110.38,No
JIYC-5698,Male,0,Yes,No,27,Yes,Yes,Fiber optic,No,No,No,No,No,Yes,Month-to-month,No,Credit card (automatic),103.12,2783.14,Yes
OBXN-6317,Female,0,No,No,8,Yes,Yes,DSL,No,Yes,No,No,Yes,No,Month-to-month,Yes,Credit card (automatic),58.04,472.21,No
EFGO-9073,Female,0,Yes,No,33,No,No phone service,Fiber optic,No,No,No,Yes,No,No,One year,No,Electronic check,71.57,2367.03,No
YAKR-5903,Female,0,Yes,Yes,58,Yes,No,No,No internet service,No internet service,No internet service,No internet service,No internet service,No internet service,Month-to-month,Yes,Bank transfer (automatic),24.52,1421.45,No
XOZP-4850,Male,1,No,Yes,16,Yes,No,Fiber optic,No,Yes,No,Yes,No,No,One year,Yes,Credit card (automatic),98.32,1572.1,No
VFMV-7541,Female,0,No,No,32,Yes,No,Fiber optic,No,No,No,Yes,No,No,Month-to-month,Yes,Bank transfer (automatic),87.49,2800.54,Yes
TNOZ-4931,Female,0,Yes,Yes,55,Yes,Yes,DSL,Yes,No,No,No,No,No,Two year,No,Electronic check,51.13,2821.48,No
GJPJ-1040,Male,0,No,No,60,Yes,Yes,Fiber optic,Yes,No,No,No,Yes,No,Month-to-month,Yes,Electronic check,83.76,5022.51,Yes
AOAF-8904,Female,0,No,No,36,Yes,Yes,No,No internet service,No internet service,No internet service,No internet service,No internet service,No internet service,Month-to-month,Yes,Electronic check,22.43,810.88,No
IYQP-7070,Female,0,No,No,12,Yes,No,DSL,Yes,Yes,No,No,No,No,One year,Yes,Mailed check,66.57,793.7,No
LEXF-8080,Female,0,No,No,28,Yes,Yes,Fiber optic,Yes,Yes,Yes,Yes,No,No,Two year,Yes,Electronic check,80.59,2252.55,No
JJCQ-2118,Male,0,No,No,39,Yes,No,Fiber optic,No,No,Yes,Yes,No,No,One year,Yes,Electronic check,66.78,2597.3,No
XQND-0031,Female,0,No,No,54,Yes,No,DSL,No,No,No,Yes,Yes,Yes,Month-to-month,Yes,Mailed check,60.24,3253.72,No
CKYR-3014,Female,0,No,No,13,Yes,No,Fiber optic,Yes,No,No,No,Yes,Yes,Month-to-month,Yes,Mailed check,56.04,734.74,No
NJOA-6357,Male,0,Yes,Yes,7,Yes,Yes,Fiber optic,No,Yes,No,Yes,Yes,No,Month-to-month,Yes,Electronic check,66.79,465.79,No
VPBA-7785,Female,0,No,No,31,Yes,No,Fiber optic,Yes,Yes,No,No,Yes,No,Month-to-month,Yes,Electronic check,99.82,3093.57,Yes
LQYO-2599,Male,0,Yes,No,10,No,No phone service,DSL,Yes,Yes,No,No,Yes,No,Month-to-month,Yes,Electronic check,52.75,526.95,No
LNIM-2449,Female,0,Yes,No,68,Yes,No,DSL,Yes,No,Yes,No,Yes,No,Month-to-month,No,Mailed check,25.07,1704.83,Yes
PGDT-6833,Male,0,No,Yes,49,Yes,No,Fiber optic,No,No,No,No,No,No,Two year,Yes,Electronic check,66.62,3268.4,No
VVWQ-2855,Male,0,Yes,Yes,36,No,No phone service,Fiber optic,No,Yes,No,No,Yes,No,Month-to-month,Yes,Mailed check,51.72,1865.66,Yes
UKPS-4023,Female,1,No,No,44,No,No phone service,Fiber optic,Yes,No,Yes,Yes,No,No,Month-to-month,Yes,Bank transfer (automatic),58.41,2572.69,No
PPUZ-8329,Female,0,No,Yes,68,Yes,No,No,No internet service,No internet service,No internet service,No internet service,No internet service,No internet service,Two year,No,Electronic check,29.54,2001.75,No
QMZV-6970,Male,0,No,No,65,Yes,Yes,Fiber optic,Yes,Yes,Yes,No,Yes,No,Month-to-month,Yes,Electronic check,55.4,3596.34,Yes
LDKE-1075,Female,0,No,No,25,Yes,Yes,Fiber optic,No,No,Yes,No,Yes,No,Two year,Yes,Mailed check,98.75,2464.99,No
UIMK-1979,Male,0,No,Yes,29,Yes,No,Fiber optic,No,No,Yes,No,Yes,No,Two year,Yes,Mailed check,91.25,2649.95,No
MYQG-7232,Female,0,No,No,37,Yes,No,Fiber optic,No,No,Yes,No,No,Yes,Month-to-month,Yes,Electronic check,80.34,2970.72,No
GISM-5751,Female,0,No,No,26,No,No phone service,Fiber optic,Yes,Yes,No,Yes,No,Yes,One year,Yes,Credit card (automatic),100.76,2627.18,No
WBRR-0064,Male,0,Yes,No,50,Yes,Yes,Fiber optic,Yes,Yes,No,Yes,Yes,Yes,Month-to-month,Yes,Electronic check,87.51,4368.94,No
KPSQ-9508,Female,0,Yes,No,14,Yes,No,DSL,No,Yes,Yes,Yes,No,Yes,Month-to-month,Yes,Bank transfer (automatic),53.13,746.7,No
RQLW-5543,Female,0,No,Yes,61,Yes,No,No,No internet service,No internet service,No internet service,No internet service,No internet service,No internet service,One year,Yes,Electronic check,24.6,1505.1,No
DCZX-6806,Female,0,No,No,29,Yes,No,Fiber optic,Yes,No,Yes,No,No,Yes,Month-to-month,No,Mailed check,102.63,2980.58,No
ZDWM-0424,Female,1,Yes,No,31,Yes,Yes,Fiber optic,Yes,No,No,Yes,Yes,Yes,Month-to-month,Yes,Electronic check,52.75,1631.73,No
TRKT-2097,Male,0,No,No,49,Yes,Yes,No,No internet service,No internet service,No internet service,No internet service,No internet service,No internet service,Two year,Yes,Credit card (automatic),18.87,920.43,No
OEDZ-4324,Male,0,Yes,No,6,No,No phone service,DSL,Yes,Yes,Yes,Yes,Yes,Yes,Month-to-month,No,Bank transfer (automatic),63.7,378.87,No
DOQL-2997,Male,0,Yes,Yes,38,Yes,Yes,No,No internet service,No internet service,No internet service,No internet service,No internet service,No internet service,One year,Yes,Mailed check,20.64,775.35,No
WRAC-4902,Male,0,No,No,60,Yes,No,No,No internet service,No internet service,No internet service,No internet service,No internet service,No internet service,One year,Yes,Electronic check,29.6,1774.24,No
CESY-0399,Female,1,Yes,No,15,Yes,Yes,DSL,No,Yes,No,No,No,Yes,Month-to-month,Yes,Electronic check,30.51,453.19,No
DQNR-0526,Male,0,Yes,No,36,Yes,No,No,No internet service,No internet service,No internet service,No internet service,No internet service,No internet service,Month-to-month,No,Bank transfer (automatic),27.93,999.48,No
UIWD-4449,Male,0,Yes,No,52,Yes,No,DSL,No,No,No,No,No,No,One year,Yes,Mailed check,49.07,2552.21,No
IZCF-7862,Male,0,Yes,Yes,22,Yes,No,Fiber optic,No,No,No,Yes,No,Yes,Two year,No,Electronic check,81.33,1786.34,No
ATVS-0508,Female,0,No,No,58,Yes,Yes,DSL,No,Yes,Yes,No,No,No,One year,No,Electronic check,48.63,2822.03,No
NLPA-5062,Female,0,Yes,No,27,No,No phone service,Fiber optic,Yes,Yes,No,No,No,No,Two year,Yes,Bank transfer (automatic),51.31,1386.29,No
FGAA-4580,Male,0,Yes,No,68,No,No phone service,Fiber optic,Yes,No,No,Yes,No,No,Two year,No,Bank transfer (automatic),83.3,5663.71,No
MTJX-9821,Female,0,Yes,No,50,No,No phone service,No,No internet service,No internet service,No internet service,No internet service,No internet service,No internet service,Month-to-month,No,Electronic check,21.92,1096.34,No
TBQS-6010,Female,0,No,No,67,Yes,Yes,Fiber optic,Yes,No,No,No,No,Yes,Month-to-month,Yes,Mailed check,75.3,5043.61,No
XEXC-6756,Male,0,No,Yes,72,Yes,Yes,Fiber optic,No,No,No,No,No,No,One year,No,Electronic check,46.11,3321.57,No
RXUG-0407,Male,1,No,No,10,Yes,No,DSL,Yes,No,Yes,No,No,Yes,Two year,Yes,Electronic check,50.31,505.98,No
OTDB-4084,Male,1,Yes,No,34,Yes,Yes,Fiber optic,Yes,No,Yes,No,No,Yes,Month-to-month,No,Mailed check,83.28,2846.11,No
FBZZ-0365,Female,0,Yes,No,10,Yes,Yes,Fiber optic,No,Yes,No,Yes,Yes,No,Month-to-month,No,Credit card (automatic),81.5,813.63,No
ZAAH-3467,Male,0,Yes,No,70,Yes,Yes,No,No internet service,No internet service,No internet service,No internet service,No internet service,No internet service,One year,Yes,Bank transfer (automatic),23.26,1620.07,No
ZWRT-9098,Female,1,No,Yes,16,Yes,Yes,Fiber optic,Yes,No,Yes,Yes,No,Yes,Month-to-month,Yes,Credit card (automatic),62.58,1010.16,No
CSZI-9271,Female,0,No,Yes,54,Yes,Yes,Fiber optic,Yes,Yes,Yes,No,No,No,Month-to-month,No,Credit card (automatic),98.71,5337.55,Yes
NCBA-1781,Male,0,Yes,Yes,25,Yes,No,DSL,Yes,No,Yes,No,No,Yes,One year,Yes,Electronic check,45.41,1136.73,No
GPUS-8504,Female,0,Yes,No,46,Yes,No,Fiber optic,Yes,No,Yes,Yes,Yes,Yes,Month-to-month,Yes,Electronic check,48.16,2216.57,Yes
GTHJ-4888,Female,0,No,Yes,25,Yes,Yes,No,No internet service,No internet service,No internet service,No internet service,No internet service,No internet service,Two year,Yes,Electronic check,18.97,472.9,No
ABSN-3989,Male,1,No,Yes,56,Yes,Yes,Fiber optic,Yes,Yes,Yes,Yes,Yes,Yes,Two year,Yes,Mailed check,98.26,5498.25,No
FQYF-3326,Female,0,Yes,Yes,47,Yes,No,No,No internet service,No internet service,No internet service,No internet service,No internet service,No internet service,Month-to-month,Yes,Electronic check,21.9,1025.29,No
SRZX-3704,Female,0,Yes,No,25,Yes,Yes,Fiber optic,No,Yes,No,No,Yes,No,Two year,Yes,Electronic check,46.76,1178.38,No
MYAM-3597,Female,0,No,No,40,Yes,Yes,No,No internet service,No internet service,No internet service,No internet service,No internet service,No internet service,Month-to-month,No,Mailed check,27.73,1109.56,Yes
NCEG-0677,Female,0,No,No,27,Yes,No,No,No internet service,No internet service,No internet service,No internet service,No internet service,No internet service,Two year,No,Mailed check,20.82,560.21,No
YFVB-2337,Female,0,No,No,18,Yes,No,Fiber optic,No,No,Yes,No,No,No,Month-to-month,Yes,Electronic check,87.74,1572.61,No
NAJP-3302,Female,0,No,No,0,Yes,Yes,Fiber optic,No,No,No,No,Yes,No,Month-to-month,Yes,Credit card (automatic),45.87,0.0,No
UVII-8087,Male,0,No,No,33,Yes,No,DSL,Yes,No,Yes,No,No,Yes,One year,No,Bank transfer (automatic),65.07,2144.46,No
PRAA-5864,Male,1,Yes,No,40,Yes,Yes,No,No internet service,No internet service,No internet service,No internet service,No internet service,No internet service,Two year,Yes,Electronic check,29.15,1163.06,No
PRQR-0257,Male,0,No,No,64,Yes,Yes,DSL,No,No,Yes,No,No,Yes,Two year,Yes,Mailed check,71.01,4542.26,No
CZYZ-4672,Male,0,No,No,3,Yes,Yes,DSL,No,Yes,No,No,No,Yes,Month-to-month,No,Electronic check,43.94,120.05,No
RRUA-1865,Female,0,Yes,No,13,Yes,No,Fiber optic,Yes,Yes,No,No,No,Yes,Month-to-month,Yes,Mailed check,85.63,1106.34,Yes
IGNK-4855,Male,0,No,No,62,Yes,Yes,DSL,Yes,No,No,No,Yes,Yes,Month-to-month,No,Mailed check,31.21,1935.03,No
PTPL-0487,Male,1,Yes,No,20,Yes,No,Fiber optic,No,No,No,Yes,Yes,No,Two year,No,Credit card (automatic),86.71,1740.65,No
XELI-2208,Male,0,Yes,No,63,Yes,No,DSL,Yes,No,Yes,No,No,Yes,One year,Yes,Bank transfer (automatic),40.67,2550.77,No
VRXL-8811,Male,1,No,No,25,Yes,No,DSL,No,Yes,Yes,No,No,Yes,Month-to-month,Yes,Mailed check,73.97,1847.04,No
GDMQ-7124,Male,0,Yes,Yes,68,Yes,No,Fiber optic,No,No,No,No,No,Yes,Month-to-month,Yes,Electronic check,96.42,6556.21,Yes
NCWG-1659,Male,0,No,No,23,Yes,Yes,Fiber optic,Yes,Yes,No,Yes,Yes,No,Two year,Yes,Credit card (automatic),109.18,2509.46,No
YMPI-1645,Male,0,No,No,9,Yes,No,Fiber optic,Yes,Yes,No,No,No,No,Month-to-month,No,Credit card (automatic),74.62,674.8,No
QWVD-0831,Male,0,Yes,No,31,Yes,No,Fiber optic,No,No,Yes,No,No,Yes,Month-to-month,No,Electronic check,58.39,1804.84,No
XRUV-7003,Male,0,No,No,72,Yes,No,No,No internet service,No internet service,No internet service,No internet service,No internet service,No internet service,Month-to-month,No,Mailed check,23.88,1725.35,Yes
UMIG-6744,Male,0,Yes,No,30,Yes,No,No,No internet service,No internet service,No internet service,No internet service,No internet service,No internet service,Month-to-month,Yes,Bank transfer (automatic),24.28,727.25,No
QIFY-2419,Male,0,Yes,No,14,Yes,Yes,DSL,Yes,Yes,No,No,No,No,Month-to-month,No,Electronic check,68.24,958.34,No
PEOM-7173,Female,0,Yes,No,49,Yes,Yes,No,No internet service,No internet service,No internet service,No internet service,No internet service,No internet service,Month-to-month,Yes,Electronic check,19.77,971.26,Yes
ZJAE-0672,Male,0,No,No,2,Yes,Yes,No,No internet service,No internet service,No internet service,No internet service,No internet service,No internet service,Two year,No,Bank transfer (automatic),20.09,39.08,No
CGDC-7261,Female,0,Yes,Yes,34,No,No phone service,DSL,No,No,No,No,Yes,No,Month-to-month,No,Credit card (automatic),32.02,1080.59,No
KKQF-7098,Male,0,No,Yes,53,Yes,Yes,DSL,Yes,No,No,Yes,No,No,Month-to-month,Yes,Electronic check,27.63,1464.21,Yes
SCDK-0829,Male,0,No,Yes,70,Yes,No,No,No internet service,No internet service,No internet service,No internet service,No internet service,No internet service,Two year,No,Electronic check,23.62,1653.66,No
PDAT-0446,Female,1,No,No,25,Yes,Yes,Fiber optic,No,No,No,Yes,Yes,No,Month-to-month,Yes,Electronic check,92.52,2317.8,No
NHDG-3253,Female,0,No,Yes,34,Yes,No,DSL,No,No,No,Yes,No,No,Month-to-month,Yes,Bank transfer (automatic),40.59,1370.16,No
SIUM-6594,Female,0,No,No,27,Yes,No,No,No internet service,No internet service,No internet service,No internet service,No internet service,No internet service,Two year,No,Credit card (automatic),18.23,484.49,No
WFZB-2120,Female,0,No,Yes,15,Yes,No,No,No internet service,No internet service,No internet service,No internet service,No internet service,No internet service,One year,No,Electronic check,29.2,447.46,No
HVPB-7560,Female,0,No,No,47,Yes,Yes,DSL,Yes,Yes,Yes,Yes,Yes,Yes,One year,Yes,Electronic check,73.62,3448.57,No
WSKH-5378,Female,0,Yes,No,68,Yes,No,Fiber optic,No,No,Yes,No,No,Yes,One year,Yes,Bank transfer (automatic),108.43,7369.49,No
ZBPF-4492,Female,0,No,Yes,21,Yes,No,DSL,No,No,No,Yes,Yes,No,Month-to-month,No,Mailed check,58.3,1229.04,No
HNXP-4797,Male,1,Yes,No,11,Yes,No,DSL,Yes,Yes,Yes,Yes,No,Yes,One year,Yes,Mailed check,60.3,661.72,No
SRIB-8319,Female,0,Yes,Yes,57,Yes,No,Fiber optic,Yes,No,Yes,No,No,No,Two year,No,Mailed check,85.02,4846.62,No
ADYL-8385,Female,0,No,Yes,38,Yes,No,DSL,Yes,Yes,No,Yes,No,No,One year,Yes,Credit card (automatic),61.43,2327.18,No
AJNV-8151,Female,0,No,Yes,35,No,No phone service,DSL,Yes,No,No,Yes,No,No,Month-to-month,No,Mailed check,47.29,1646.91,Yes
TPOP-7686,Female,0,Yes,No,5,Yes,Yes,DSL,No,No,No,No,No,No,Month-to-month,No,Mailed check,35.46,180.58,Yes
QRVW-2865,Male,0,No,No,47,Yes,Yes,No,No internet service,No internet service,No internet service,No internet service,No internet service,No internet service,Month-to-month,Yes,Electronic check,26.69,1246.94,No
VAPE-9269,Female,0,No,No,7,Yes,No,No,No internet service,No internet service,No internet service,No internet service,No internet service,No internet service,One year,No,Electronic check,24.58,174.2,No
SEGN-2915,Female,0,No,No,69,Yes,No,Fiber optic,No,No,Yes,Yes,Yes,No,Two year,No,Credit card (automatic),73.13,5045.11,No
HDYL-7662,Female,0,Yes,No,54,Yes,No,Fiber optic,Yes,No,No,Yes,Yes,No,Month-to-month,Yes,Electronic check,67.57,3649.95,No
NVMU-0203,Female,0,No,Yes,60,Yes,No,DSL,Yes,Yes,Yes,No,Yes,No,Month-to-month,No,Electronic check,35.2,2109.05,No
JCTI-2556,Female,0,Yes,No,9,Yes,No,Fiber optic,No,No,No,No,Yes,Yes,Month-to-month,Yes,Mailed check,55.65,500.45,Yes
YLWA-7489,Male,0,No,No,47,Yes,No,Fiber optic,No,Yes,No,Yes,No,No,Month-to-month,Yes,Electronic check,82.46,3877.12,No
MOLE-4129,Male,0,No,No,65,Yes,No,No,No internet service,No internet service,No internet service,No internet service,No internet service,No internet service,Month-to-month,No,Credit card (automatic),27.79,1811.05,No
YGQS-1087,Male,0,No,No,23,Yes,Yes,Fiber optic,Yes,No,No,No,Yes,Yes,Month-to-month,Yes,Bank transfer (automatic),93.68,2146.27,Yes
EBAG-1016,Female,0,Yes,No,27,Yes,No,Fiber optic,Yes,No,Yes,Yes,No,No,Month-to-month,No,Bank transfer (automatic),75.83,2047.43,No
GJVU-2283,Female,0,No,No,33,No,No phone service,Fiber optic,Yes,No,Yes,No,Yes,Yes,Month-to-month,Yes,Bank transfer (automatic),75.6,2496.61,No
YPTR-3554,Male,0,Yes,Yes,56,Yes,No,Fiber optic,No,Yes,Yes,No,Yes,Yes,Two year,Yes,Bank transfer (automatic),99.23,5550.74,No
OACE-5082,Male,1,Yes,Yes,66,No,No phone service,Fiber optic,No,No,No,Yes,No,Yes,Two year,No,Mailed check,99.33,6554.18,No
ZMCK-1725,Male,0,Yes,No,25,Yes,Yes,No,No internet service,No internet service,No internet service,No internet service,No internet service,No internet service,Two year,No,Mailed check,28.93,730.93,No
PRGM-3898,Male,0,Yes,No,62,Yes,No,DSL,No,Yes,No,No,Yes,Yes,Two year,No,Bank transfer (automatic),59.05,3655.77,No
GOHS-4196,Male,0,Yes,No,21,Yes,No,DSL,Yes,No,No,Yes,Yes,No,Month-to-month,No,Electronic check,49.15,1032.3,Yes
MHIK-6997,Male,0,No,Yes,35,Yes,Yes,No,No internet service,No internet service,No internet service,No internet service,No internet service,No internet service,Month-to-month,Yes,Electronic check,19.55,681.49,No
LYFL-9113,Male,1,No,No,36,No,No phone service,No,No internet service,No internet service,No internet service,No internet service,No internet service,No internet service,Month-to-month,No,Electronic check,23.3,832.71,No
IGRH-6872,Male,1,Yes,Yes,2,Yes,No,Fiber optic,No,No,No,No,Yes,Yes,Month-to-month,Yes,Electronic check,106.01,210.57,No
QBON-1353,Male,0,No,No,63,No,No phone service,Fiber optic,No,No,Yes,No,Yes,No,Month-to-month,No,Electronic check,71.93,4536.79,No
YTFF-9907,Male,1,Yes,Yes,22,Yes,No,DSL,No,No,Yes,Yes,No,No,Two year,Yes,Credit card (automatic),28.15,615.74,No
CMVC-1408,Male,0,No,No,70,Yes,No,Fiber optic,Yes,Yes,Yes,Yes,No,No,One year,No,Electronic check,77.82,5452.38,No
WCTM-5265,Female,1,Yes,No,57,Yes,No,Fiber optic,No,Yes,Yes,No,Yes,No,Two year,Yes,Electronic check,72.78,4146.66,No
ILOU-3290,Male,0,Yes,No,11,Yes,Yes,No,No internet service,No internet service,No internet service,No internet service,No internet service,No internet service,Month-to-month,Yes,Electronic check,22.92,256.6,No
SSWW-0278,Female,0,Yes,Yes,51,Yes,Yes,Fiber optic,Yes,No,No,Yes,Yes,Yes,Two year,Yes,Mailed check,86.7,4421.82,No
WWOP-7520,Female,1,Yes,Yes,10,Yes,Yes,Fiber optic,No,Yes,No,Yes,No,No,One year,Yes,Electronic check,58.57,585.54,Yes
GAQI-9635,Female,0,Yes,Yes,8,Yes,No,DSL,Yes,No,Yes,No,Yes,No,Month-to-month,Yes,Credit card (automatic),25.44,213.95,Yes
AGLV-3620,Female,0,No,No,4,Yes,Yes,Fiber optic,No,Yes,Yes,No,No,Yes,One year,No,Electronic check,91.59,363.49,Yes
DCAR-4703,Female,0,No,No,69,Yes,No,DSL,No,Yes,No,Yes,Yes,No,One year,No,Credit card (automatic),39.11,2691.73,No
NDEW-7506,Male,1,No,No,70,Yes,No,No,No internet service,No internet service,No internet service,No internet service,No internet service,No internet service,Two year,Yes,Credit card (automatic),27.47,1914.78,No
SMFO-7695,Female,0,No,No,17,Yes,No,Fiber optic,Yes,Yes,Yes,No,No,No,Month-to-month,Yes,Bank transfer (automatic),86.51,1469.59,No
IIQQ-0796,Male,0,Yes,Yes,64,Yes,No,Fiber optic,Yes,Yes,Yes,Yes,No,Yes,Month-to-month,Yes,Mailed check,48.94,3136.84,No
SBDS-6975,Male,0,Yes,Yes,53,Yes,Yes,Fiber optic,Yes,No,No,Yes,No,Yes,One year,Yes,Electronic check,82.13,4352.32,No
CFPB-6963,Male,0,Yes,No,8,Yes,Yes,Fiber optic,No,Yes,No,Yes,No,No,One year,No,Electronic check,89.39,716.34,No
XTGD-4692,Male,0,Yes,No,70,Yes,Yes,No,No internet service,No internet service,No internet service,No internet service,No internet service,No internet service,Month-to-month,No,Bank transfer (automatic),20.1,1406.2,No
ZESU-2960,Female,0,Yes,No,59,Yes,No,Fiber optic,No,No,Yes,Yes,Yes,No,Month-to-month,No,Bank transfer (automatic),96.25,5674.97,No
YIUI-9542,Female,0,No,No,8,No,No phone service,Fiber optic,Yes,Yes,No,Yes,No,No,Month-to-month,No,Electronic check,101.24,804.93,No
HTJM-2578,Female,0,No,No,43,Yes,No,Fiber optic,Yes,No,Yes,No,Yes,No,One year,No,Mailed check,85.64,3689.7,No
VULK-1181,Male,0,Yes,Yes,10,Yes,No,Fiber optic,Yes,No,No,Yes,No,No,Two year,Yes,Bank transfer (automatic),58.26,582.83,No
BCPS-3681,Female,0,Yes,No,2,Yes,Yes,Fiber optic,Yes,No,No,No,No,No,Month-to-month,Yes,Mailed check,69.73,140.68,No
TYRJ-0978,Male,0,Yes,Yes,4,Yes,No,DSL,No,No,No,No,Yes,No,Month-to-month,No,Credit card (automatic),67.71,264.82,Yes
WXTP-3171,Female,1,Yes,No,31,Yes,No,Fiber optic,No,Yes,No,Yes,Yes,Yes,One year,No,Mailed check,99.12,3078.13,No
YNDQ-3256,Male,0,No,No,21,Yes,No,Fiber optic,Yes,No,No,Yes,No,Yes,Two year,No,Mailed check,87.59,1838.46,No
HBFV-9499,Male,0,Yes,Yes,53,Yes,Yes,DSL,Yes,No,Yes,Yes,No,No,Two year,No,Mailed check,66.34,3519.11,No
WCTJ-8321,Female,0,No,No,52,Yes,No,No,No internet service,No internet service,No internet service,No internet service,No internet service,No internet service,One year,No,Credit card (automatic),19.27,1008.98,No
ETHG-5129,Female,0,Yes,No,61,No,No phone service,No,No internet service,No internet service,No internet service,No internet service,No internet service,No internet service,Month-to-month,No,Electronic check,21.65,1320.45,No
YYUN-2175,Male,1,Yes,No,49,Yes,No,DSL,Yes,No,No,Yes,Yes,No,One year,Yes,Electronic check,30.05,1467.74,No
JLGQ-0919,Female,0,Yes,Yes,25,Yes,Yes,DSL,Yes,No,No,Yes,Yes,No,Month-to-month,No,Bank transfer (automatic),73.0,1822.59,No
OSAE-2075,Male,0,Yes,No,66,No,No phone service,DSL,Yes,No,No,No,No,Yes,Two year,No,Mailed check,73.42,4845.77,No
YSYY-0257,Female,1,No,No,53,Yes,Yes,Fiber optic,No,No,No,No,No,Yes,Month-to-month,Yes,Mailed check,84.39,4469.44,No
DEYV-6633,Male,1,No,Yes,40,Yes,No,Fiber optic,No,No,No,No,No,No,One year,Yes,Credit card (automatic),92.09,3685.34,No
DOUE-7816,Male,0,Yes,No,7,Yes,Yes,No,No internet service,No internet service,No internet service,No internet service,No internet service,No internet service,Month-to-month,Yes,Mailed check,26.72,180.49,No
QPQT-9611,Male,0,No,Yes,23,No,No phone service,Fiber optic,No,No,Yes,No,No,No,Two year,No,Bank transfer (automatic),109.61,2518.81,No
AZBW-8591,Female,0,Yes,No,12,Yes,Yes,DSL,No,No,No,Yes,Yes,No,One year,No,Bank transfer (automatic),63.38,758.29,No
OJOJ-8608,Male,0,No,No,59,Yes,No,Fiber optic,Yes,No,Yes,No,No,No,Two year,No,Bank transfer (automatic),64.63,3821.85,No
RDIP-3206,Male,0,No,Yes,13,Yes,No,No,No internet service,No internet service,No internet service,No internet service,No internet service,No internet service,Two year,No,Credit card (automatic),25.17,321.63,No
FJPD-5535,Male,0,Yes,Yes,45,Yes,No,Fiber optic,Yes,No,Yes,No,No,No,One year,No,Credit card (automatic),48.82,2192.05,No
ZKXC-3903,Female,0,No,No,4,Yes,Yes,Fiber optic,No,Yes,Yes,No,Yes,Yes,One year,Yes,Mailed check,94.26,369.48,No
KZZL-8736,Female,0,No,No,12,Yes,Yes,DSL,No,No,No,No,No,No,Two year,Yes,Mailed check,66.18,797.07,No
JSYZ-3194,Male,0,No,No,23,Yes,No,No,No internet service,No internet service,No internet service,No internet service,No internet service,No internet service,Month-to-month,Yes,Bank transfer (automatic),18.06,420.35,Yes
RNZP-5905,Female,1,No,No,15,Yes,No,DSL,No,Yes,No,No,Yes,Yes,Two year,No,Electronic check,68.57,1031.18,No
DSBG-8258,Male,1,Yes,Yes,28,Yes,No,No,No internet service,No internet service,No internet service,No internet service,No internet service,No internet service,Month-to-month,No,Electronic check,20.6,571.42,No
PRWU-4683,Male,0,No,No,18,Yes,No,Fiber optic,Yes,Yes,Yes,Yes,No,No,Month-to-month,Yes,Credit card (automatic),58.41,1051.22,No
YMZY-3218,Female,0,No,No,59,Yes,No,DSL,Yes,No,No,Yes,No,Yes,Month-to-month,Yes,Electronic check,53.97,3184.38,No
LBFE-4354,Male,0,Yes,No,61,Yes,No,DSL,Yes,Yes,Yes,No,No,No,Month-to-month,Yes,Mailed check,66.71,4075.59,No
DIVJ-9929,Male,0,No,No,47,Yes,No,No,No internet service,No internet service,No internet service,No internet service,No internet service,No internet service,Month-to-month,Yes,Electronic check,18.54,872.71,No
FQEZ-5782,Female,0,No,Yes,31,Yes,Yes,Fiber optic,Yes,No,Yes,No,Yes,No,Month-to-month,Yes,Mailed check,71.73,2222.85,Yes
RDHP-7232,Male,0,No,No,45,Yes,Yes,Fiber optic,Yes,No,Yes,Yes,Yes,Yes,Two year,No,Credit card (automatic),108.0,4863.56,No
JBDF-4218,Male,0,No,No,70,Yes,No,Fiber optic,No,No,No,No,Yes,No,Month-to-month,Yes,Credit card (automatic),50.06,3510.21,Yes
QIQO-6562,Female,0,Yes,Yes,68,Yes,No,Fiber optic,No,No,No,No,No,No,Two year,Yes,Mailed check,87.64,5959.65,No
CADR-9726,Male,0,No,No,55,No,No phone service,Fiber optic,No,Yes,Yes,Yes,No,No,Month-to-month,Yes,Credit card (automatic),88.1,4857.66,No
WYFA-7024,Male,1,No,No,32,Yes,Yes,Fiber optic,No,No,No,Yes,No,Yes,Two year,Yes,Mailed check,69.86,2230.47,No
XYOW-8249,Male,0,Yes,Yes,22,Yes,Yes,No,No internet service,No internet service,No internet service,No internet service,No internet service,No internet service,Month-to-month,Yes,Credit card (automatic),28.22,625.49,No
XLAX-6099,Male,0,Yes,No,60,Yes,Yes,Fiber optic,No,No,No,Yes,No,No,Month-to-month,Yes,Electronic check,66.28,3979.64,No
FQRE-1905,Female,0,No,Yes,3,Yes,Yes,Fiber optic,Yes,No,No,Yes,Yes,Yes,Month-to-month,No,Mailed check,81.69,236.83,No
PHXM-7520,Male,0,Yes,No,64,Yes,Yes,Fiber optic,No,Yes,No,No,Yes,No,Two year,No,Credit card (automatic),48.05,3072.59,No
REMJ-4900,Male,0,No,No,1,Yes,No,DSL,No,Yes,Yes,No,No,No,Two year,No,Mailed check,44.53,50.37,No
YBGJ-3674,Female,0,No,No,57,Yes,Yes,Fiber optic,Yes,No,No,No,Yes,No,Month-to-month,Yes,Mailed check,73.87,4214.23,No
LQPT-9294,Female,1,Yes,No,72,Yes,No,Fiber optic,Yes,Yes,No,No,No,No,One year,No,Bank transfer (automatic),90.2,6490.7,Yes
JZVB-6209,Male,0,Yes,No,27,Yes,Yes,DSL,Yes,No,Yes,No,No,Yes,Month-to-month,Yes,Electronic check,37.19,996.77,Yes
CYJO-5537,Female,0,No,Yes,32,Yes,Yes,Fiber optic,Yes,Yes,Yes,Yes,No,No,Two year,No,Electronic check,76.14,2442.2,No
UGYU-4351,Female,0,Yes,No,22,Yes,No,No,No internet service,No internet service,No internet service,No internet service,No internet service,No internet service,Month-to-month,Yes,Electronic check,26.35,579.0,Yes
CQRR-7715,Male,0,No,Yes,30,No,No phone service,Fiber optic,No,Yes,No,Yes,Yes,Yes,Month-to-month,No,Mailed check,99.12,2976.11,Yes
OECE-4422,Male,0,Yes,No,47,No,No phone service,Fiber optic,No,No,No,No,Yes,No,Month-to-month,No,Bank transfer (automatic),74.32,3492.32,No
TWRZ-3309,Female,1,No,No,45,Yes,Yes,No,No internet service,No internet service,No internet service,No internet service,No internet service,No internet service,Month-to-month,Yes,Electronic check,23.14,1045.04,No
PHQH-6874,Female,0,No,Yes,44,Yes,No,Fiber optic,Yes,No,No,No,No,No,Month-to-month,Yes,Bank transfer (automatic),66.1,2905.09,No
XZLP-2963,Male,0,Yes,No,31,Yes,No,DSL,No,Yes,No,Yes,Yes,Yes,Month-to-month,Yes,Electronic check,53.09,1644.19,Yes
EPIG-3596,Male,0,No,No,50,Yes,No,Fiber optic,No,No,Yes,No,No,No,Month-to-month,Yes,Electronic check,51.6,2571.11,Yes
JIDP-9270,Female,0,Yes,No,46,Yes,No,No,No internet service,No internet service,No internet service,No internet service,No internet service,No internet service,Two year,No,Bank transfer (automatic),28.65,1319.77,No
IMAB-7862,Female,0,No,No,60,No,No phone service,DSL,No,Yes,Yes,No,No,No,Month-to-month,Yes,Credit card (automatic),41.77,2505.64,No
GFRS-9949,Male,0,Yes,Yes,49,Yes,Yes,No,No internet service,No internet service,No internet service,No internet service,No internet service,No internet service,Two year,Yes,Bank transfer (automatic),22.59,1110.25,No
TRDX-4492,Female,0,No,No,34,Yes,Yes,DSL,No,Yes,Yes,Yes,No,No,Month-to-month,Yes,Mailed check,40.03,1357.63,No
HVBR-8698,Female,0,Yes,Yes,14,Yes,No,No,No internet service,No internet service,No internet service,No internet service,No internet service,No internet service,Month-to-month,Yes,Credit card (automatic),20.21,286.88,No
VOEL-0552,Female,0,Yes,Yes,36,Yes,No,DSL,No,No,No,Yes,Yes,No,Month-to-month,No,Electronic check,33.92,1215.69,No
SPSC-6919,Male,1,No,Yes,55,Yes,No,Fiber optic,Yes,Yes,Yes,Yes,No,No,Month-to-month,No,Electronic check,100.99,5558.8,Yes
MZRC-9626,Female,1,Yes,Yes,58,Yes,Yes,No,No internet service,No internet service,No internet service,No internet service,No internet service,No internet service,Two year,Yes,Electronic check,18.86,1084.65,No
YZLT-6877,Female,0,Yes,No,24,Yes,No,DSL,Yes,Yes,No,Yes,No,No,Month-to-month,No,Mailed check,53.11,1276.54,No
INEU-2474,Male,1,Yes,No,19,Yes,Yes,Fiber optic,No,No,No,Yes,No,Yes,Two year,Yes,Bank transfer (automatic),97.35,1849.82,No
DHGO-5449,Female,0,Yes,No,47,Yes,No,Fiber optic,Yes,Yes,No,No,Yes,No,Month-to-month,No,Credit card (automatic),64.46,3026.34,No
RDHX-0148,Male,0,Yes,No,19,Yes,Yes,DSL,No,No,No,Yes,No,No,Month-to-month,No,Bank transfer (automatic),65.77,1244.49,No
ZKPL-6940,Male,0,No,No,14,Yes,No,Fiber optic,Yes,No,Yes,Yes,No,No,One year,Yes,Electronic check,79.11,1108.75,No
POFL-7614,Male,0,No,No,61,Yes,Yes,Fiber optic,Yes,No,Yes,No,No,No,Two year,No,Electronic check,65.37,3979.75,No
NPKT-8905,Male,0,Yes,No,13,No,No phone service,No,No internet service,No internet service,No internet service,No internet service,No internet service,No internet service,Month-to-month,Yes,Credit card (automatic),23.23,309.8,No
SKIU-5887,Female,0,Yes,Yes,20,Yes,No,DSL,Yes,No,Yes,Yes,No,Yes,One year,Yes,Bank transfer (automatic),36.33,727.92,No
YPTP-5443,Male,0,Yes,Yes,49,No,No phone service,No,No internet service,No internet service,No internet service,No internet service,No internet service,No internet service,Month-to-month,No,Mailed check,27.27,1338.97,No
BFIQ-6520,Female,0,Yes,Yes,68,Yes,Yes,Fiber optic,No,No,Yes,Yes,No,No,One year,Yes,Mailed check,71.33,4854.45,No
TYOR-2119,Male,0,Yes,No,14,Yes,Yes,Fiber optic,No,Yes,Yes,No,Yes,No,Two year,No,Mailed check,83.49,1176.79,No
KXCG-7217,Female,0,Yes,No,62,Yes,Yes,Fiber optic,Yes,Yes,Yes,No,No,No,One year,Yes,Credit card (automatic),70.52,4372.71,No
SWLQ-5826,Male,0,No,No,42,Yes,Yes,Fiber optic,No,No,Yes,No,Yes,Yes,Month-to-month,No,Bank transfer (automatic),86.62,3628.76,Yes
MFXS-2328,Female,0,No,No,26,Yes,No,No,No internet service,No internet service,No internet service,No internet service,No internet service,No internet service,Month-to-month,No,Electronic check,24.77,646.12,No
PDFH-7445,Male,0,Yes,No,60,Yes,Yes,DSL,Yes,No,Yes,No,Yes,No,Month-to-month,No,Credit card (automatic),42.21,2535.21,No
JWMZ-6356,Male,0,Yes,No,53,Yes,No,DSL,Yes,No,Yes,Yes,Yes,No,Month-to-month,Yes,Mailed check,73.87,3907.09,No
EURW-5032,Male,1,Yes,Yes,58,Yes,Yes,No,No internet service,No internet service,No internet service,No internet service,No internet service,No internet service,Two year,Yes,Mailed check,21.39,1238.15,No
LOCW-9378,Male,0,Yes,No,38,Yes,No,Fiber optic,Yes,Yes,No,Yes,Yes,Yes,Two year,Yes,Electronic check,83.14,3154.96,No
CETN-9593,Male,0,Yes,No,34,Yes,No,Fiber optic,Yes,No,Yes,Yes,No,No,Month-to-month,Yes,Mailed check,45.69,1551.92,No
HSEM-0547,Female,0,No,Yes,8,Yes,No,Fiber optic,No,Yes,Yes,No,Yes,Yes,Month-to-month,Yes,Mailed check,82.83,660.77,No
YHXN-2334,Male,0,Yes,No,59,Yes,No,DSL,No,No,Yes,No,Yes,Yes,Month-to-month,Yes,Bank transfer (automatic),36.87,2173.2,No
MIYJ-0701,Male,0,No,No,61,Yes,Yes,Fiber optic,No,No,No,Yes,No,No,Two year,No,Bank transfer (automatic),98.12,5979.71,No
GOXQ-2687,Female,0,No,No,67,Yes,No,No,No internet service,No internet service,No internet service,No internet service,No internet service,No internet service,One year,No,Electronic check,28.88,1940.22,No
XOYZ-2707,Female,1,No,Yes,15,Yes,No,Fiber optic,Yes,No,No,No,No,No,Two year,Yes,Bank transfer (automatic),67.05,998.02,No
WMHQ-5644,Male,0,No,No,15,Yes,Yes,DSL,Yes,No,Yes,No,Yes,Yes,Month-to-month,No,Mailed check,31.88,470.66,No
GOPS-5601,Male,1,Yes,No,31,Yes,No,DSL,No,Yes,No,No,No,Yes,Month-to-month,No,Bank transfer (automatic),73.33,2274.36,No
PLTM-7950,Male,0,No,No,37,Yes,Yes,Fiber optic,Yes,No,Yes,No,No,No,Month-to-month,Yes,Electronic check,97.94,3636.31,Yes
ZUGO-5873,Female,0,No,Yes,38,Yes,No,DSL,No,Yes,No,Yes,Yes,Yes,Month-to-month,Yes,Electronic check,39.09,1483.14,No
MLEG-7489,Female,0,Yes,No,61,Yes,Yes,DSL,No,No,No,Yes,Yes,Yes,Month-to-month,No,Credit card (automatic),50.72,3098.28,No
LDTH-0740,Male,0,No,No,62,Yes,No,No,No internet service,No internet service,No internet service,No internet service,No internet service,No internet service,Two year,Yes,Mailed check,25.97,1608.0,No
TBDX-4060,Male,0,No,No,15,Yes,No,Fiber optic,Yes,Yes,Yes,No,No,Yes,Month-to-month,Yes,Electronic check,60.88,914.64,Yes
ICLS-5955,Male,0,No,No,53,Yes,Yes,DSL,Yes,Yes,Yes,No,Yes,Yes,Month-to-month,No,Mailed check,30.77,1635.82,No
QUVX-0421,Female,0,Yes,Yes,14,Yes,No,Fiber optic,No,No,No,No,Yes,No,Two year,Yes,Mailed check,94.02,1319.78,No
KXGJ-6484,Male,0,Yes,No,17,Yes,Yes,Fiber optic,Yes,Yes,No,Yes,Yes,Yes,One year,No,Electronic check,82.22,1401.3,No
RCTO-4264,Male,0,Yes,No,3,Yes,No,Fiber optic,No,No,No,Yes,Yes,Yes,Two year,Yes,Electronic check,85.03,259.74,No
EFGZ-9783,Male,0,No,Yes,36,Yes,Yes,Fiber optic,Yes,Yes,No,No,Yes,No,Two year,Yes,Electronic check,58.83,2117.4,Yes
UUHY-6420,Male,0,No,Yes,39,Yes,No,DSL,Yes,Yes,No,Yes,No,Yes,One year,Yes,Credit card (automatic),32.8,1280.06,No
KIEY-9343,Male,0,No,Yes,62,Yes,No,Fiber optic,No,No,Yes,No,No,No,Month-to-month,Yes,Mailed check,46.08,2858.16,Yes
BLAX-3457,Male,0,Yes,Yes,67,Yes,No,Fiber optic,Yes,No,No,Yes,No,Yes,Month-to-month,Yes,Mailed check,80.13,5369.35,No
KHGD-5360,Male,0,Yes,No,16,Yes,No,No,No internet service,No internet service,No internet service,No internet service,No internet service,No internet service,One year,No,Credit card (automatic),29.01,455.42,No
UONJ-9368,Female,0,Yes,No,47,Yes,No,No,No internet service,No internet service,No internet service,No internet service,No internet service,No internet service,Two year,No,Electronic check,23.06,1080.39,No
UTIU-8736,Female,0,No,Yes,18,Yes,No,DSL,Yes,Yes,No,Yes,No,Yes,Two year,Yes,Bank transfer (automatic),32.77,575.12,No
UJDE-4885,Female,0,No,No,38,Yes,No,DSL,No,Yes,Yes,No,Yes,No,Month-to-month,Yes,Bank transfer (automatic),70.59,2686.37,No
DBNC-1454,Female,0,Yes,No,64,Yes,No,Fiber optic,No,Yes,No,No,Yes,No,Month-to-month,Yes,Mailed check,105.7,6764.74,No
RLEI-3912,Female,0,No,No,52,Yes,Yes,DSL,Yes,No,Yes,No,No,No,One year,Yes,Credit card (automatic),51.96,2704.55,No
CIDQ-0661,Male,0,No,Yes,17,Yes,No,Fiber optic,Yes,Yes,No,No,No,Yes,One year,No,Bank transfer (automatic),50.22,854.05,Yes
IIEO-2225,Female,0,No,No,38,Yes,Yes,Fiber optic,No,No,Yes,No,No,Yes,Month-to-month,Yes,Credit card (automatic),47.24,1794.77,No
DXMM-4080,Male,0,Yes,No,59,Yes,Yes,Fiber optic,Yes,No,No,Yes,Yes,No,Two year,Yes,Electronic check,57.41,3390.1,No
VACO-9496,Female,0,No,No,34,Yes,Yes,DSL,Yes,Yes,No,No,Yes,Yes,Two year,No,Mailed check,54.19,1848.5,No
JHLY-5878,Male,1,No,No,72,Yes,Yes,DSL,Yes,Yes,No,No,Yes,No,Month-to-month,Yes,Bank transfer (automatic),41.32,2972.8,No
JTIO-6440,Female,0,Yes,Yes,33,Yes,No,No,No internet service,No internet service,No internet service,No internet service,No internet service,No internet service,One year,No,Electronic check,20.87,684.58,No
BZSN-7594,Female,0,Yes,Yes,14,Yes,Yes,Fiber optic,No,Yes,No,Yes,Yes,Yes,Two year,Yes,Electronic check,91.53,1278.81,Yes
AKYC-2131,Male,0,No,No,72,Yes,No,No,No internet service,No internet service,No internet service,No internet service,No internet service,No internet service,One year,Yes,Bank transfer (automatic),25.27,1815.43,No
YZGH-2595,Female,0,Yes,No,18,Yes,No,DSL,Yes,No,Yes,No,No,Yes,Month-to-month,Yes,Credit card (automatic),45.03,806.88,No
AFMN-2229,Male,0,Yes,No,62,Yes,No,Fiber optic,No,No,No,No,Yes,Yes,Month-to-month,Yes,Credit card (automatic),69.24,4295.61,No
OKOZ-7438,Male,0,Yes,No,25,Yes,No,DSL,No,No,Yes,No,Yes,No,Month-to-month,Yes,Mailed check,27.43,684.46,No
YQBX-4609,Female,0,Yes,No,48,Yes,Yes,Fiber optic,Yes,Yes,Yes,Yes,No,No,Month-to-month,Yes,Electronic check,64.18,3074.04,No
LUKL-2911,Female,0,Yes,No,3,Yes,Yes,DSL,No,No,Yes,No,No,Yes,One year,Yes,Electronic check,67.84,202.79,No
YDTW-9912,Female,0,Yes,Yes,65,No,No phone service,DSL,No,Yes,Yes,No,No,No,Month-to-month,No,Mailed check,32.7,2126.28,No
SFSU-3279,Male,0,No,No,16,Yes,No,Fiber optic,Yes,No,No,No,No,No,Two year,No,Mailed check,94.42,1505.7,No
CFOW-6129,Female,0,No,No,0,Yes,Yes,DSL,Yes,No,No,No,No,Yes,Two year,Yes,Bank transfer (automatic),65.35,0.0,No
JODW-1266,Male,0,No,No,8,Yes,Yes,DSL,No,Yes,Yes,Yes,Yes,No,One year,Yes,Mailed check,63.83,506.83,No
PJSQ-2463,Female,0,No,No,9,Yes,No,No,No internet service,No internet service,No internet service,No internet service,No internet service,No internet service,Month-to-month,Yes,Electronic check,26.38,228.59,No
MMKK-0512,Female,0,No,No,48,Yes,No,DSL,No,No,No,No,No,Yes,Month-to-month,Yes,Credit card (automatic),61.44,2947.54,No
DVVW-4610,Male,0,No,No,47,Yes,Yes,No,No internet service,No internet service,No internet service,No internet service,No internet service,No internet service,Two year,No,Mailed check,28.79,1355.17,No
LJHA-1950,Female,1,No,No,47,Yes,No,DSL,No,No,No,No,No,Yes,Month-to-month,Yes,Electronic check,43.97,2071.9,No
ZCGL-7320,Female,0,No,No,14,Yes,Yes,Fiber optic,No,No,Yes,Yes,Yes,No,Two year,No,Mailed check,61.33,853.72,No
IJVF-8054,Male,0,No,No,44,Yes,No,DSL,Yes,Yes,Yes,Yes,Yes,No,One year,Yes,Credit card (automatic),47.38,2083.67,No
MOVK-7411,Female,1,No,No,1,No,No phone service,Fiber optic,No,No,Yes,Yes,Yes,Yes,One year,Yes,Mailed check,75.91,90.29,Yes
ZPUC-9276,Male,0,Yes,Yes,57,Yes,No,DSL,No,No,Yes,No,Yes,Yes,Month-to-month,Yes,Bank transfer (automatic),28.58,1630.09,No
ALEP-8307,Female,0,Yes,Yes,37,Yes,No,No,No internet service,No internet service,No internet service,No internet service,No internet service,No internet service,One year,Yes,Credit card (automatic),23.73,875.6,No
UBLA-2803,Female,0,Yes,Yes,2,No,No phone service,Fiber optic,No,Yes,Yes,No,Yes,No,Two year,No,Electronic check,72.9,145.31,Yes
XXZK-7973,Female,0,Yes,Yes,58,Yes,No,No,No internet service,No internet service,No internet service,No internet service,No internet service,No internet service,Month-to-month,No,Mailed check,29.01,1691.31,No
HIGN-1874,Female,0,No,No,62,Yes,Yes,Fiber optic,Yes,No,Yes,Yes,No,No,Month-to-month,No,Electronic check,79.53,4931.92,No
OCWN-1283,Male,0,No,No,42,Yes,Yes,No,No internet service,No internet service,No internet service,No internet service,No internet service,No internet service,Month-to-month,No,Mailed check,24.64,1045.05,Yes
DCEC-8214,Male,0,Yes,No,3,No,No phone service,No,No internet service,No internet service,No internet service,No internet service,No internet service,No internet service,One year,Yes,Electronic check,20.06,67.67,No
VQNV-9235,Female,0,Yes,No,42,Yes,No,Fiber optic,No,Yes,No,Yes,No,No,Month-to-month,No,Electronic check,53.71,2251.05,Yes
XYVP-6483,Male,0,Yes,No,60,Yes,Yes,Fiber optic,Yes,No,No,No,No,No,Month-to-month,Yes,Mailed check,73.14,4394.84,No
ZKVU-0448,Female,1,No,No,48,No,No phone service,DSL,Yes,Yes,No,No,Yes,No,Two year,No,Credit card (automatic),35.86,1724.77,No
QOUG-5565,Male,1,No,Yes,63,Yes,Yes,Fiber optic,No,No,Yes,No,Yes,Yes,Month-to-month,Yes,Electronic check,56.98,3593.82,No
UPZE-8793,Female,0,Yes,Yes,19,Yes,Yes,DSL,Yes,Yes,Yes,No,No,No,Month-to-month,Yes,Electronic check,41.36,783.68,No
TZUM-2764,Male,0,No,No,44,Yes,Yes,DSL,Yes,No,No,No,Yes,No,Two year,No,Electronic check,27.22,1198.98,No
JCUC-9405,Male,1,No,No,16,Yes,No,No,No internet service,No internet service,No internet service,No internet service,No internet service,No internet service,Month-to-month,No,Electronic check,18.17,288.7,No
ZTTP-7131,Male,0,Yes,Yes,65,Yes,Yes,No,No internet service,No internet service,No internet service,No internet service,No internet service,No internet service,Month-to-month,Yes,Mailed check,26.07,1698.77,No
AZSL-7561,Male,0,Yes,No,21,Yes,No,DSL,No,No,Yes,No,No,No,Two year,No,Mailed check,44.64,931.66,No
VNHX-3548,Female,0,Yes,No,49,Yes,Yes,No,No internet service,No internet service,No internet service,No internet service,No internet service,No internet service,Two year,No,Bank transfer (automatic),22.93,,No
HBPM-6600,Male,0,Yes,No,69,Yes,No,No,No internet service,No internet service,No internet service,No internet service,No internet service,No internet service,Two year,Yes,Electronic check,27.24,1880.05,No
LTUO-3626,Male,0,No,Yes,24,Yes,Yes,No,No internet service,No internet service,No internet service,No internet service,No internet service,No internet service,One year,Yes,Electronic check,28.72,686.21,No
XVFP-7765,Male,0,Yes,No,1,Yes,Yes,Fiber optic,Yes,No,Yes,Yes,No,No,One year,Yes,Bank transfer (automatic),60.46,57.87,No
FJPK-5704,Male,0,No,No,42,No,No phone service,No,No internet service,No internet service,No internet service,No internet service,No internet service,No internet service,Two year,Yes,Mailed check,26.99,1136.42,No
SLXF-1664,Male,0,Yes,No,16,Yes,Yes,No,No internet service,No internet service,No internet service,No internet service,No internet service,No internet service,Month-to-month,Yes,Mailed check,29.98,477.38,No
HUQI-3138,Male,1,Yes,No,72,Yes,No,Fiber optic,No,Yes,Yes,Yes,No,No,Month-to-month,No,Credit card (automatic),93.68,6748.34,Yes
BDRE-2918,Male,0,Yes,No,19,Yes,No,DSL,No,Yes,Yes,No,No,Yes,Month-to-month,Yes,Electronic check,32.18,614.05,No
UJEQ-5608,Female,0,No,No,36,Yes,No,Fiber optic,Yes,No,Yes,No,No,No,Month-to-month,Yes,Mailed check,94.1,3385.21,Yes
XLNN-7642,Female,0,No,No,51,Yes,No,No,No internet service,No internet service,No internet service,No internet service,No internet service,No internet service,Month-to-month,Yes,Mailed check,22.03,1120.1,No
NIGZ-9754,Female,0,No,No,25,Yes,No,No,No internet service,No internet service,No internet service,No internet service,No internet service,No internet service,Month-to-month,Yes,Electronic check,28.7,711.11,Yes
HCWR-2146,Male,0,Yes,No,24,No,No phone service,DSL,Yes,Yes,Yes,Yes,No,No,Month-to-month,No,Electronic check,61.82,1482.09,No
KZKO-9098,Male,0,No,No,63,Yes,No,DSL,No,Yes,No,Yes,No,No,Month-to-month,No,Bank transfer (automatic),65.72,4138.42,Yes
AAOP-9755,Female,0,Yes,No,30,No,No phone service,DSL,Yes,No,Yes,Yes,No,Yes,One year,Yes,Bank transfer (automatic),69.87,2094.13,No
LYOD-7317,Female,0,Yes,No,29,Yes,Yes,DSL,No,Yes,No,Yes,Yes,No,Month-to-month,Yes,Bank transfer (automatic),26.69,771.93,No
LGTI-8706,Female,0,Yes,Yes,9,Yes,No,DSL,Yes,No,No,No,No,No,Two year,Yes,Mailed check,57.66,520.8,No
UWLY-1331,Male,0,Yes,Yes,37,Yes,No,No,No internet service,No internet service,No internet service,No internet service,No internet service,No internet service,Month-to-month,No,Credit card (automatic),20.39,756.34,No
SPNH-8591,Female,0,Yes,No,27,No,No phone service,Fiber optic,Yes,Yes,No,Yes,No,Yes,Month-to-month,Yes,Mailed check,78.29,2113.09,No
BWHX-5970,Female,0,Yes,Yes,23,Yes,Yes,Fiber optic,Yes,No,No,No,Yes,No,Month-to-month,Yes,Electronic check,92.41,2135.49,Yes
YLQM-2848,Male,0,Yes,No,28,Yes,No,DSL,No,Yes,Yes,Yes,No,Yes,Month-to-month,Yes,Credit card (automatic),61.83,1726.91,No
PYFK-0965,Female,0,No,Yes,16,Yes,Yes,Fiber optic,Yes,No,Yes,No,No,No,Month-to-month,No,Electronic check,106.2,1696.71,Yes
YWKL-3615,Female,1,No,No,69,Yes,No,DSL,No,Yes,No,Yes,Yes,No,One year,Yes,Credit card (automatic),53.67,3696.56,No
FRTH-7770,Male,0,Yes,No,63,Yes,Yes,Fiber optic,No,No,No,Yes,Yes,Yes,Two year,No,Mailed check,64.44,4058.86,No
BLOD-8256,Male,0,No,No,30,Yes,No,DSL,No,No,Yes,Yes,No,No,Month-to-month,Yes,Mailed check,37.27,1114.8,No
HMWS-5493,Female,1,Yes,Yes,56,Yes,No,Fiber optic,No,No,Yes,No,No,No,Month-to-month,No,Mailed check,78.76,4411.11,No
APWX-1654,Female,0,Yes,No,19,Yes,Yes,Fiber optic,No,Yes,No,Yes,Yes,No,Two year,Yes,Credit card (automatic),91.34,1733.61,No
DBJV-4196,Female,0,No,No,45,Yes,No,Fiber optic,No,No,No,No,No,Yes,Month-to-month,No,Electronic check,82.18,3699.0,No
VOIK-9488,Female,0,Yes,Yes,1,Yes,Yes,DSL,Yes,Yes,No,No,Yes,Yes,Month-to-month,Yes,Mailed check,40.65,48.01,No
QUIW-5560,Male,0,Yes,No,49,Yes,No,Fiber optic,No,Yes,No,Yes,Yes,No,Month-to-month,No,Electronic check,92.52,4530.4,No
DOAV-3083,Male,0,No,Yes,59,Yes,No,DSL,No,No,No,Yes,No,No,Month-to-month,Yes,Mailed check,61.87,3647.44,No
VMGH-8879,Male,0,Yes,Yes,40,Yes,No,DSL,No,Yes,Yes,No,Yes,Yes,One year,Yes,Electronic check,43.95,1754.91,No
KLNS-1402,Male,0,No,No,69,Yes,No,DSL,Yes,Yes,No,Yes,No,No,Month-to-month,Yes,Mailed check,50.67,3495.64,No
ASDW-4407,Male,0,Yes,No,16,Yes,Yes,No,No internet service,No internet service,No internet service,No internet service,No internet service,No internet service,Month-to-month,Yes,Electronic check,20.98,333.5,No
MTZE-1081,Male,0,No,No,9,Yes,Yes,No,No internet service,No internet service,No internet service,No internet service,No internet service,No internet service,Month-to-month,Yes,Mailed check,26.23,241.26,No
FQPQ-8384,Female,0,Yes,No,66,Yes,No,Fiber optic,No,No,No,Yes,Yes,Yes,Month-to-month,Yes,Electronic check,78.47,5174.57,No
WAFX-0820,Female,1,No,Yes,41,Yes,Yes,Fiber optic,No,Yes,No,No,Yes,No,Month-to-month,Yes,Credit card (automatic),56.07,2311.05,No
AMNF-5026,Female,0,Yes,No,15,Yes,Yes,DSL,Yes,Yes,No,Yes,No,Yes,Month-to-month,Yes,Mailed check,38.9,584.08,No
JSSS-6332,Male,0,Yes,No,37,Yes,Yes,Fiber optic,No,Yes,No,No,Yes,No,One year,Yes,Bank transfer (automatic),73.04,2697.53,No
JYBD-7566,Female,1,No,Yes,13,Yes,No,DSL,No,No,Yes,No,No,Yes,Month-to-month,No,Bank transfer (automatic),30.67,412.06,Yes
RTZZ-5283,Male,1,Yes,No,35,Yes,Yes,DSL,Yes,No,Yes,Yes,Yes,No,One year,No,Bank transfer (automatic),34.34,1203.59,No
JMRP-5059,Male,0,Yes,No,12,Yes,No,No,No internet service,No internet service,No internet service,No internet service,No internet service,No internet service,Month-to-month,No,Bank transfer (automatic),27.24,338.85,No
AHUV-1182,Male,0,Yes,Yes,58,Yes,Yes,Fiber optic,Yes,No,No,No,Yes,No,Month-to-month,Yes,Credit card (automatic),81.2,4698.47,No
VZUD-9179,Male,0,Yes,No,26,No,No phone service,Fiber optic,No,Yes,Yes,No,No,Yes,Two year,Yes,Electronic check,74.23,1935.46,No
PWKR-5760,Male,0,No,No,7,Yes,No,DSL,No,Yes,Yes,No,No,Yes,Month-to-month,Yes,Bank transfer (automatic),53.0,368.93,No
URFW-6264,Female,0,No,No,52,Yes,No,Fiber optic,Yes,Yes,No,No,Yes,No,Two year,Yes,Electronic check,75.83,3947.68,No
XPPH-6515,Male,0,Yes,Yes,4,Yes,No,No,No internet service,No internet service,No internet service,No internet service,No internet service,No internet service,Two year,Yes,Bank transfer (automatic),19.35,80.02,No
MLOI-1045,Female,0,No,Yes,4,Yes,No,No,No internet service,No internet service,No internet service,No internet service,No internet service,No internet service,One year,No,Credit card (automatic),25.59,100.36,No
SXGB-6086,Male,1,Yes,No,47,Yes,No,Fiber optic,Yes,Yes,No,Yes,No,Yes,Month-to-month,Yes,Mailed check,67.58,3176.59,Yes
FMRC-0948,Female,1,No,No,23,Yes,Yes,No,No internet service,No internet service,No internet service,No internet service,No internet service,No internet service,Month-to-month,No,Electronic check,21.29,486.26,No
MVES-4714,Female,0,Yes,No,72,No,No phone service,Fiber optic,Yes,No,Yes,No,Yes,Yes,Month-to-month,Yes,Mailed check,91.28,6567.54,Yes
VJXH-4838,Female,0,Yes,No,41,Yes,No,DSL,Yes,Yes,No,Yes,Yes,No,Month-to-month,Yes,Mailed check,41.04,1684.98,No
WVDB-7526,Female,0,No,Yes,8,Yes,No,Fiber optic,No,Yes,No,No,No,No,Month-to-month,No,Bank transfer (automatic),61.21,483.31,Yes
JWFP-1700,Female,0,No,No,63,Yes,Yes,No,No internet service,No internet service,No internet service,No internet service,No internet service,No internet service,Month-to-month,No,Electronic check,21.09,1331.86,No
FEYM-6162,Male,0,No,No,68,Yes,Yes,Fiber optic,No,No,No,No,No,No,Two year,Yes,Credit card (automatic),61.58,4183.38,No
PAPX-2761,Female,0,Yes,No,10,Yes,Yes,Fiber optic,No,No,No,Yes,No,Yes,One year,Yes,Mailed check,105.37,1050.17,No
QGMA-5997,Male,0,Yes,No,8,Yes,No,Fiber optic,No,No,Yes,Yes,No,Yes,Month-to-month,Yes,Bank transfer (automatic),104.48,835.18,Yes
WTQQ-3463,Female,0,Yes,No,60,Yes,No,No,No internet service,No internet service,No internet service,No internet service,No internet service,No internet service,Month-to-month,Yes,Electronic check,18.44,1100.32,No
JNAK-9611,Male,0,No,Yes,71,No,No phone service,DSL,Yes,No,Yes,Yes,Yes,No,Two year,Yes,Electronic check,37.34,2650.99,No
HJZJ-4914,Male,0,Yes,No,54,Yes,No,DSL,Yes,Yes,Yes,No,No,No,Month-to-month,Yes,Electronic check,74.15,3995.41,No
XFCH-8411,Male,0,No,Yes,67,Yes,Yes,Fiber optic,Yes,Yes,Yes,No,No,No,Month-to-month,Yes,Mailed check,88.69,5941.58,Yes
GQJL-1930,Female,0,No,Yes,24,Yes,Yes,No,No internet service,No internet service,No internet service,No internet service,No internet service,No internet service,Month-to-month,No,Electronic check,24.17,583.14,No
DMLK-9480,Male,1,Yes,No,70,Yes,No,No,No internet service,No internet service,No internet service,No internet service,No internet service,No internet service,Two year,Yes,Electronic check,20.77,1448.57,No
EBIF-1270,Female,0,No,Yes,55,Yes,No,DSL,No,Yes,Yes,Yes,Yes,No,Month-to-month,Yes,Mailed check,59.6,3274.74,No
CJQK-7043,Male,0,Yes,No,26,Yes,No,Fiber optic,Yes,No,Yes,Yes,Yes,No,One year,No,Electronic check,46.03,1194.68,No
GNEX-0432,Female,0,Yes,No,22,Yes,No,No,No internet service,No internet service,No internet service,No internet service,No internet service,No internet service,Two year,Yes,Credit card (automatic),18.82,420.84,No
EZOS-7208,Male,0,No,Yes,39,Yes,No,DSL,Yes,Yes,No,Yes,Yes,No,Month-to-month,Yes,Mailed check,47.46,1859.83,No
IVZQ-7187,Female,0,Yes,No,57,Yes,No,Fiber optic,No,No,Yes,No,Yes,Yes,Month-to-month,No,Bank transfer (automatic),74.11,4224.29,No
SMEI-0833,Male,0,Yes,No,35,Yes,No,Fiber optic,No,Yes,Yes,No,Yes,Yes,Month-to-month,Yes,Mailed check,103.88,3633.28,Yes
TJYF-7320,Male,0,No,No,31,Yes,No,Fiber optic,No,Yes,Yes,No,Yes,Yes,Month-to-month,No,Electronic check,71.47,2206.51,No
JOGD-7204,Male,0,No,Yes,22,No,No phone service,DSL,Yes,No,No,No,No,Yes,Month-to-month,No,Mailed check,31.84,698.64,No
NRCV-2254,Female,0,Yes,Yes,39,Yes,No,Fiber optic,No,No,No,No,No,No,Two year,Yes,Mailed check,67.63,2643.56,No
JIAM-2257,Male,0,Yes,Yes,47,No,No phone service,Fiber optic,No,Yes,No,No,Yes,No,One year,Yes,Electronic check,58.68,2757.18,No
CSFH-5923,Male,0,Yes,Yes,23,Yes,No,DSL,No,No,Yes,Yes,No,No,Month-to-month,Yes,Bank transfer (automatic),30.81,706.75,Yes
AMXD-5258,Male,0,No,No,38,Yes,Yes,No,No internet service,No internet service,No internet service,No internet service,No internet service,No internet service,Two year,Yes,Mailed check,18.97,721.6,No
YJCC-3629,Male,0,No,No,39,No,No phone service,No,No internet service,No internet service,No internet service,No internet service,No internet service,No internet service,Month-to-month,Yes,Credit card (automatic),23.79,936.96,No
XKHF-3415,Female,0,No,No,28,Yes,No,DSL,No,No,No,No,No,No,Two year,No,Mailed check,47.27,1307.6,No
COVU-1448,Female,0,Yes,Yes,44,Yes,Yes,DSL,No,No,Yes,No,No,No,Two year,Yes,Electronic check,62.86,2776.43,No
HWOO-2935,Female,0,No,No,33,Yes,No,DSL,Yes,No,No,No,No,No,Two year,No,Bank transfer (automatic),39.85,1303.1,No
SYHF-3629,Male,0,Yes,No,14,Yes,Yes,DSL,Yes,No,No,No,No,No,Two year,Yes,Mailed check,66.97,940.2,No
OXPQ-2449,Female,0,Yes,No,69,Yes,Yes,Fiber optic,Yes,Yes,Yes,Yes,Yes,Yes,Two year,Yes,Electronic check,75.37,5194.88,No
NRZH-4664,Male,0,Yes,No,70,Yes,Yes,DSL,Yes,No,Yes,No,Yes,Yes,Month-to-month,Yes,Bank transfer (automatic),35.19,2460.64,No
XIDD-7035,Male,0,Yes,No,1,Yes,Yes,DSL,Yes,No,No,No,No,Yes,Month-to-month,No,Bank transfer (automatic),41.09,42.76,Yes
PDFE-8983,Male,0,No,No,0,Yes,No,DSL,No,No,No,Yes,No,Yes,Month-to-month,No,Electronic check,31.67,0.0,Yes
NDLX-9311,Female,0,No,No,53,Yes,Yes,Fiber optic,No,No,No,No,No,No,Two year,No,Mailed check,57.8,3060.42,No
AUPO-5845,Male,0,Yes,No,1,Yes,No,DSL,Yes,Yes,No,Yes,Yes,Yes,Month-to-month,Yes,Credit card (automatic),61.28,54.38,No
FCPL-3030,Female,0,No,No,35,Yes,No,Fiber optic,Yes,No,No,Yes,Yes,No,Month-to-month,Yes,Mailed check,103.66,3624.59,No
UHXE-9150,Male,0,No,Yes,67,Yes,No,DSL,No,No,No,No,No,Yes,One year,No,Bank transfer (automatic),29.26,1957.8,No
GKDE-5089,Female,1,No,No,27,Yes,Yes,DSL,No,Yes,No,No,No,Yes,Month-to-month,Yes,Bank transfer (automatic),25.21,678.18,No
TXUK-7073,Female,0,Yes,Yes,19,No,No phone service,No,No internet service,No internet service,No internet service,No internet service,No internet service,No internet service,One year,No,Bank transfer (automatic),25.31,480.91,No
RVPB-4125,Female,1,No,No,36,Yes,No,Fiber optic,Yes,No,Yes,No,Yes,No,Month-to-month,Yes,Bank transfer (automatic),105.71,3801.52,No
QPFS-6157,Male,0,No,No,58,Yes,Yes,DSL,No,Yes,Yes,Yes,Yes,No,Month-to-month,No,Bank transfer (automatic),44.33,2567.8,No
OOOP-0844,Female,0,No,Yes,43,Yes,No,Fiber optic,Yes,No,No,No,No,Yes,Two year,Yes,Credit card (automatic),62.99,2715.52,No
UFBF-3788,Female,0,Yes,No,11,Yes,Yes,Fiber optic,No,No,No,No,Yes,No,Two year,Yes,Mailed check,91.86,1019.35,No
XCZP-3084,Male,0,No,No,31,Yes,Yes,DSL,No,No,Yes,Yes,Yes,No,Month-to-month,Yes,Bank transfer (automatic),67.66,2093.21,No
VPSP-9760,Female,1,Yes,No,37,Yes,Yes,No,No internet service,No internet service,No internet service,No internet service,No internet service,No internet service,Month-to-month,Yes,Credit card (automatic),23.75,879.83,No
ZUZI-5790,Female,1,Yes,No,30,Yes,No,No,No internet service,No internet service,No internet service,No internet service,No internet service,No internet service,Month-to-month,No,Electronic check,20.25,611.96,No
JGSY-5477,Female,0,Yes,No,17,Yes,No,Fiber optic,No,No,No,Yes,Yes,No,One year,Yes,Electronic check,71.53,1218.32,No
SROB-4967,Male,0,No,Yes,28,Yes,Yes,No,No internet service,No internet service,No internet service,No internet service,No internet service,No internet service,Month-to-month,Yes,Electronic check,24.64,692.36,No
JOHM-7921,Female,0,Yes,Yes,50,Yes,No,DSL,No,Yes,No,No,No,No,Month-to-month,No,Mailed check,40.99,2049.89,Yes
MDQS-8660,Female,0,No,No,28,Yes,No,DSL,No,No,No,No,No,No,One year,Yes,Electronic check,49.31,1376.43,No
GZGT-6729,Female,1,No,No,62,Yes,No,Fiber optic,No,No,No,No,Yes,No,Month-to-month,Yes,Bank transfer (automatic),86.85,5382.36,Yes
RGUU-4687,Male,1,Yes,No,19,Yes,No,Fiber optic,No,Yes,No,No,No,Yes,Month-to-month,No,Bank transfer (automatic),91.54,1743.29,No
VGYV-0376,Female,0,No,No,30,Yes,Yes,DSL,No,No,No,Yes,Yes,No,Month-to-month,No,Mailed check,70.74,2111.53,Yes
PSJC-2090,Female,0,Yes,Yes,30,Yes,Yes,Fiber optic,No,Yes,No,Yes,No,No,Month-to-month,Yes,Mailed check,92.72,2782.11,No
VQUD-4658,Male,0,Yes,No,57,Yes,Yes,No,No internet service,No internet service,No internet service,No internet service,No internet service,No internet service,Month-to-month,Yes,Bank transfer (automatic),21.12,1197.89,No
VYTQ-0962,Female,0,Yes,No,6,Yes,Yes,Fiber optic,No,Yes,Yes,No,No,Yes,Two year,No,Electronic check,83.76,512.83,No
BPFF-6476,Female,1,No,No,11,Yes,Yes,DSL,Yes,No,No,No,Yes,Yes,Month-to-month,No,Bank transfer (automatic),54.64,596.56,Yes
BQMY-4493,Female,0,Yes,No,60,No,No phone service,Fiber optic,Yes,No,No,No,Yes,No,Month-to-month,Yes,Electronic check,75.37,4513.84,Yes
BERG-8850,Male,0,No,No,42,Yes,No,DSL,Yes,No,No,Yes,Yes,No,Two year,No,Electronic check,66.5,2800.65,No
PMVE-3555,Female,0,Yes,No,48,Yes,Yes,DSL,No,Yes,No,No,No,Yes,Month-to-month,Yes,Electronic check,70.08,3363.25,No
BNPW-3891,Male,1,No,No,39,Yes,No,Fiber optic,Yes,Yes,Yes,Yes,No,No,Month-to-month,No,Mailed check,102.48,3989.82,No
UNTY-3775,Female,0,Yes,No,69,Yes,No,DSL,No,Yes,No,Yes,No,Yes,Two year,Yes,Electronic check,25.52,1772.33,No
VPXJ-8400,Female,0,No,No,31,Yes,Yes,DSL,Yes,Yes,No,No,No,No,Month-to-month,Yes,Credit card (automatic),27.22,847.33,No
RJZU-3033,Male,0,Yes,No,62,Yes,No,Fiber optic,No,No,No,Yes,No,No,Month-to-month,Yes,Credit card (automatic),78.33,4848.76,No
ZDQI-2346,Female,0,No,No,14,Yes,No,Fiber optic,Yes,Yes,No,No,Yes,No,Two year,No,Mailed check,47.96,664.82,No
PVEH-0654,Female,0,Yes,No,11,Yes,Yes,Fiber optic,No,Yes,Yes,No,Yes,No,Two year,No,Electronic check,71.4,790.26,Yes
PGSA-8192,Male,0,No,No,25,Yes,Yes,DSL,No,Yes,No,No,Yes,No,One year,No,Credit card (automatic),59.05,1469.87,No
XJIM-2560,Male,0,No,No,29,Yes,Yes,Fiber optic,Yes,Yes,Yes,Yes,Yes,No,One year,Yes,Electronic check,104.3,3028.92,No
NGTP-4733,Male,0,Yes,No,29,Yes,Yes,Fiber optic,Yes,Yes,No,No,No,Yes,Two year,Yes,Credit card (automatic),79.73,2303.42,No
XOEM-5406,Female,0,No,No,61,Yes,Yes,DSL,Yes,Yes,No,No,Yes,No,Month-to-month,No,Bank transfer (automatic),58.5,3567.73,No
FBKG-5474,Male,0,No,No,42,Yes,Yes,Fiber optic,Yes,No,No,No,No,Yes,Two year,Yes,Credit card (automatic),80.59,3385.21,No
RVPN-0456,Female,0,Yes,Yes,21,Yes,No,DSL,Yes,No,No,Yes,Yes,Yes,Month-to-month,Yes,Mailed check,60.91,1274.74,No
NRAF-2410,Male,0,No,Yes,16,Yes,Yes,Fiber optic,No,No,No,No,No,Yes,Month-to-month,No,Credit card (automatic),92.3,1481.61,Yes
QKTJ-1053,Male,0,No,Yes,22,No,No phone service,Fiber optic,Yes,Yes,No,No,No,No,Month-to-month,No,Credit card (automatic),88.13,1940.08,Yes
JMLO-6549,Male,1,Yes,Yes,24,Yes,Yes,No,No internet service,No internet service,No internet service,No internet service,No internet service,No internet service,Two year,No,Electronic check,29.8,718.55,No
MLLB-4881,Female,0,No,No,69,Yes,No,Fiber optic,Yes,No,Yes,No,No,No,Two year,Yes,Mailed check,69.76,4812.23,No
WZTM-2028,Female,0,Yes,No,36,Yes,No,Fiber optic,No,No,No,Yes,No,Yes,Month-to-month,No,Bank transfer (automatic),65.26,2343.53,No
NIGP-2236,Female,0,No,Yes,56,Yes,No,Fiber optic,No,No,Yes,No,No,No,Two year,Yes,Electronic check,108.7,6087.57,Yes
WLRE-6659,Male,0,Yes,Yes,69,Yes,Yes,No,No internet service,No internet service,No internet service,No internet service,No internet service,No internet service,One year,Yes,Credit card (automatic),20.42,1400.47,No
JLHS-0211,Female,0,No,No,21,Yes,Yes,No,No internet service,No internet service,No internet service,No internet service,No internet service,No internet service,Two year,No,Mailed check,20.44,431.11,No
BEAJ-3941,Female,1,Yes,No,3,No,No phone service,Fiber optic,No,Yes,No,Yes,No,No,One year,Yes,Credit card (automatic),51.67,153.19,No
UZOT-7049,Male,0,No,Yes,57,Yes,Yes,DSL,Yes,No,No,No,No,No,Two year,No,Bank transfer (automatic),40.62,2311.63,No
AZZD-7010,Female,1,Yes,No,43,Yes,No,DSL,Yes,Yes,Yes,Yes,Yes,No,Month-to-month,No,Mailed check,25.33,1092.07,No
KWBA-5591,Male,1,Yes,Yes,16,Yes,No,Fiber optic,Yes,Yes,No,Yes,No,Yes,Month-to-month,Yes,Credit card (automatic),80.43,1286.7,No
OQJC-9452,Male,0,Yes,No,17,Yes,Yes,No,No internet service,No internet service,No internet service,No internet service,No internet service,No internet service,One year,No,Electronic check,22.7,383.75,No
IKUM-1957,Female,0,No,Yes,52,No,No phone service,No,No internet service,No internet service,No internet service,No internet service,No internet service,No internet service,One year,Yes,Electronic check,19.91,1039.76,No
VDVX-7917,Male,0,Yes,Yes,18,Yes,Yes,DSL,Yes,No,Yes,No,Yes,Yes,Two year,No,Electronic check,32.78,590.29,No
FPRQ-5694,Female,0,No,Yes,60,Yes,No,Fiber optic,No,Yes,Yes,No,No,Yes,Month-to-month,No,Mailed check,55.97,3359.28,No
JXKM-8367,Male,0,Yes,No,56,Yes,Yes,Fiber optic,No,No,No,Yes,No,Yes,Two year,No,Mailed check,81.4,4570.2,No
VBGI-4132,Female,1,Yes,No,43,No,No phone service,Fiber optic,Yes,No,Yes,Yes,No,No,Month-to-month,No,Electronic check,100.26,4316.11,No
TZGZ-7074,Female,1,No,Yes,18,Yes,Yes,DSL,Yes,No,No,Yes,Yes,No,Two year,Yes,Credit card (automatic),73.17,1314.87,No
WKAB-0459,Female,0,No,No,24,Yes,No,DSL,No,Yes,No,Yes,No,No,Two year,Yes,Credit card (automatic),54.4,1310.76,No
YXGU-2842,Male,0,No,No,36,Yes,No,Fiber optic,Yes,Yes,Yes,Yes,No,Yes,Month-to-month,Yes,Bank transfer (automatic),99.8,3595.15,No
CSNP-5037,Female,0,No,Yes,17,Yes,Yes,DSL,No,Yes,No,Yes,No,No,One year,Yes,Bank transfer (automatic),49.16,827.52,No
SEBO-1692,Male,0,Yes,No,57,No,No phone service,DSL,Yes,Yes,Yes,No,No,No,Month-to-month,Yes,Credit card (automatic),66.27,3775.69,No
ECFM-9271,Female,0,Yes,No,11,Yes,No,DSL,No,No,Yes,Yes,No,Yes,One year,Yes,Mailed check,56.45,611.61,No
CXXQ-7916,Female,0,Yes,Yes,31,Yes,Yes,Fiber optic,Yes,No,No,Yes,Yes,Yes,One year,Yes,Mailed check,52.26,1611.75,No
FBUW-7206,Male,0,No,No,25,Yes,Yes,Fiber optic,No,No,No,No,No,Yes,Two year,Yes,Credit card (automatic),79.25,1975.68,No
UEWA-7947,Female,0,No,No,25,Yes,No,Fiber optic,No,Yes,Yes,No,Yes,No,One year,Yes,Mailed check,79.77,1995.4,No
ZOJU-6921,Female,0,Yes,No,46,Yes,Yes,Fiber optic,No,No,No,No,Yes,No,Two year,No,Bank transfer (automatic),100.74,4636.94,No
FUIJ-3287,Male,0,No,No,41,Yes,No,DSL,No,No,Yes,No,No,No,Month-to-month,Yes,Credit card (automatic),56.55,2316.35,No
VQNJ-0522,Female,0,No,No,50,Yes,No,Fiber optic,Yes,Yes,No,No,No,Yes,Month-to-month,No,Electronic check,54.56,2730.47,Yes
FMSM-9543,Female,1,Yes,No,40,Yes,No,Fiber optic,No,Yes,No,No,No,No,One year,No,Bank transfer (automatic),82.87,3309.35,Yes
XBOL-6316,Male,1,Yes,No,64,Yes,No,Fiber optic,Yes,No,Yes,No,Yes,No,One year,Yes,Bank transfer (automatic),55.28,3540.13,No
MQDY-3299,Female,0,Yes,No,60,Yes,No,DSL,Yes,Yes,No,Yes,Yes,No,Month-to-month,Yes,Mailed check,39.29,2354.19,No
RNOC-0970,Female,0,No,No,34,Yes,Yes,No,No internet service,No internet service,No internet service,No internet service,No internet service,No internet service,Month-to-month,No,Bank transfer (automatic),18.42,624.43,No
CNCM-1492,Male,0,Yes,No,21,Yes,No,No,No internet service,No internet service,No internet service,No internet service,No internet service,No internet service,Month-to-month,No,Credit card (automatic),22.73,473.37,No
SHDD-2070,Male,0,No,No,68,Yes,Yes,No,No internet service,No internet service,No internet service,No internet service,No internet service,No internet service,One year,Yes,Electronic check,19.4,1311.47,No
GUTT-7509,Female,0,No,No,39,Yes,Yes,Fiber optic,Yes,Yes,No,No,Yes,Yes,Two year,Yes,Electronic check,81.18,3171.84,No
XNRV-8057,Male,0,No,No,53,Yes,Yes,DSL,No,No,No,No,Yes,No,Two year,Yes,Electronic check,36.23,1918.92,No
ZMRE-5423,Female,1,Yes,No,36,Yes,No,No,No internet service,No internet service,No internet service,No internet service,No internet service,No internet service,One year,No,Bank transfer (automatic),26.26,950.67,Yes
GDYK-9147,Male,0,Yes,No,43,Yes,Yes,No,No internet service,No internet service,No internet service,No internet service,No internet service,No internet service,Month-to-month,Yes,Electronic check,28.48,1209.7,No
NEZX-7895,Female,0,No,No,28,Yes,No,DSL,Yes,Yes,Yes,No,Yes,No,Two year,Yes,Credit card (automatic),52.25,1464.73,No
PDLK-2452,Male,0,Yes,No,11,Yes,Yes,Fiber optic,No,No,Yes,No,Yes,No,Month-to-month,Yes,Electronic check,45.85,499.14,No
RPWK-4827,Female,0,No,No,20,Yes,Yes,DSL,Yes,No,No,Yes,Yes,No,Month-to-month,No,Bank transfer (automatic),73.07,1464.26,No
FDLL-8495,Female,0,No,No,39,Yes,No,Fiber optic,No,Yes,No,Yes,Yes,No,One year,Yes,Bank transfer (automatic),93.41,3644.33,No
NMIG-4131,Female,0,No,Yes,29,Yes,No,Fiber optic,Yes,Yes,No,Yes,No,No,Two year,Yes,Bank transfer (automatic),86.2,2505.92,No
CZLC-3529,Male,0,Yes,Yes,63,Yes,Yes,Fiber optic,Yes,No,No,Yes,Yes,Yes,Month-to-month,No,Bank transfer (automatic),108.1,6808.01,No
AQPI-8486,Male,0,No,No,40,Yes,Yes,Fiber optic,No,No,No,No,No,No,One year,No,Credit card (automatic),50.99,2035.38,No
ILWI-1765,Female,0,Yes,No,46,Yes,No,No,No internet service,No internet service,No internet service,No internet service,No internet service,No internet service,One year,Yes,Electronic check,25.3,1159.78,No
UTGC-7101,Male,0,No,No,3,Yes,No,DSL,No,Yes,No,Yes,No,No,Month-to-month,No,Credit card (automatic),41.11,123.23,No
YUXS-6176,Male,0,No,No,27,Yes,No,Fiber optic,Yes,No,No,No,No,Yes,Month-to-month,Yes,Electronic check,109.69,2960.95,No
UDQE-8938,Male,0,Yes,No,47,Yes,No,Fiber optic,Yes,Yes,No,No,Yes,Yes,One year,Yes,Mailed check,64.45,3028.75,No
RTID-4700,Male,0,Yes,No,56,Yes,No,Fiber optic,No,Yes,No,No,No,Yes,Two year,No,Credit card (automatic),61.0,3414.98,No
YITM-1835,Male,0,No,No,15,Yes,No,Fiber optic,Yes,No,Yes,Yes,Yes,No,Month-to-month,Yes,Mailed check,74.02,1109.3,No
AYEC-3087,Male,0,Yes,Yes,11,No,No phone service,No,No internet service,No internet service,No internet service,No internet service,No internet service,No internet service,Month-to-month,Yes,Bank transfer (automatic),21.35,239.82,No
DRNY-3892,Female,0,No,No,54,Yes,Yes,Fiber optic,Yes,Yes,No,No,No,No,One year,No,Electronic check,85.01,4589.91,No
WGJM-3183,Female,0,No,No,35,Yes,Yes,No,No internet service,No internet service,No internet service,No internet service,No internet service,No internet service,Month-to-month,Yes,Electronic check,25.56,890.24,No
XNRH-9466,Male,0,Yes,Yes,14,Yes,No,DSL,Yes,No,Yes,No,Yes,No,Two year,No,Electronic check,63.56,891.08,No
LYCZ-3939,Male,0,No,No,18,Yes,Yes,Fiber optic,No,Yes,No,No,No,No,Month-to-month,Yes,Bank transfer (automatic),102.31,1841.61,Yes
UVPO-2321,Male,0,Yes,No,17,Yes,Yes,DSL,No,No,Yes,Yes,Yes,No,Month-to-month,No,Bank transfer (automatic),39.22,669.87,No
ZLYP-0176,Female,0,Yes,No,27,Yes,No,Fiber optic,No,No,No,Yes,No,No,One year,Yes,Bank transfer (automatic),64.46,1744.41,No
AEJV-4306,Female,0,Yes,No,55,Yes,No,Fiber optic,No,Yes,No,Yes,No,No,Two year,Yes,Mailed check,78.38,4303.99,No
IVPS-9394,Male,0,No,Yes,22,Yes,Yes,Fiber optic,Yes,No,Yes,No,Yes,Yes,One year,Yes,Credit card (automatic),71.09,1558.24,No
LAUQ-8628,Female,0,Yes,No,10,Yes,No,No,No internet service,No internet service,No internet service,No internet service,No internet service,No internet service,Month-to-month,Yes,Mailed check,19.44,197.03,No
RGIV-9465,Female,1,No,No,42,Yes,No,No,No internet service,No internet service,No internet service,No internet service,No internet service,No internet service,Month-to-month,Yes,Electronic check,19.91,829.91,No
UNBH-6544,Female,0,No,Yes,44,Yes,No,Fiber optic,Yes,Yes,No,Yes,Yes,Yes,Month-to-month,No,Electronic check,75.2,3311.34,No
YAIF-3968,Female,0,Yes,No,38,Yes,No,Fiber optic,Yes,No,Yes,Yes,No,Yes,Two year,Yes,Mailed check,91.46,3475.66,No
ENEH-6791,Female,1,Yes,No,23,Yes,Yes,Fiber optic,Yes,No,Yes,Yes,Yes,Yes,Month-to-month,Yes,Credit card (automatic),62.67,1442.48,No
YSFV-1689,Female,0,No,No,44,Yes,No,No,No internet service,No internet service,No internet service,No internet service,No internet service,No internet service,Month-to-month,Yes,Credit card (automatic),20.5,902.43,No
KAXB-0715,Male,0,No,No,35,Yes,Yes,DSL,No,No,No,No,No,Yes,Month-to-month,Yes,Bank transfer (automatic),51.34,1804.01,Yes
VEPH-2936,Female,0,Yes,No,3,Yes,Yes,No,No internet service,No internet service,No internet service,No internet service,No internet service,No internet service,Two year,No,Bank transfer (automatic),28.23,88.16,No
PWPL-7113,Male,1,No,No,64,No,No phone service,DSL,No,No,No,Yes,No,No,Month-to-month,No,Electronic check,45.32,2899.7,No
PMZI-9838,Male,0,No,No,55,Yes,No,Fiber optic,Yes,Yes,No,No,Yes,Yes,Month-to-month,No,Bank transfer (automatic),90.91,5006.96,No
ONSL-4985,Female,1,No,No,10,Yes,Yes,Fiber optic,No,No,No,No,No,Yes,Month-to-month,No,Mailed check,58.63,590.83,Yes
CZYV-3376,Female,0,No,Yes,24,Yes,No,DSL,No,No,Yes,No,Yes,Yes,Month-to-month,Yes,Bank transfer (automatic),46.56,1115.26,No
QPFH-2891,Male,0,No,Yes,49,Yes,Yes,Fiber optic,Yes,No,No,No,No,Yes,One year,Yes,Bank transfer (automatic),108.93,5340.17,No
NVLQ-1407,Female,0,No,No,51,Yes,No,No,No internet service,No internet service,No internet service,No internet service,No internet service,No internet service,Month-to-month,No,Credit card (automatic),26.42,1348.59,No
AYZC-1083,Male,0,Yes,No,5,Yes,No,No,No internet service,No internet service,No internet service,No internet service,No internet service,No internet service,Month-to-month,Yes,Electronic check,23.14,118.61,No
LAAG-1669,Male,0,No,No,45,Yes,No,DSL,Yes,No,Yes,Yes,No,No,Month-to-month,Yes,Electronic check,70.22,3158.4,Yes
YMPG-0773,Female,0,No,No,69,Yes,No,Fiber optic,Yes,No,Yes,No,No,No,Month-to-month,Yes,Credit card (automatic),108.41,7474.24,No
MXTO-7435,Female,1,No,No,14,No,No phone service,Fiber optic,No,Yes,No,Yes,Yes,No,Month-to-month,Yes,Credit card (automatic),97.68,1367.45,No
BRBY-9293,Female,0,Yes,Yes,60,Yes,Yes,DSL,Yes,No,No,Yes,No,No,Month-to-month,Yes,Electronic check,65.24,3909.89,No
JXTK-9964,Male,1,No,No,32,Yes,Yes,DSL,No,No,No,Yes,No,Yes,Month-to-month,No,Electronic check,57.27,1828.33,Yes
ITSM-1059,Male,0,Yes,No,11,Yes,No,DSL,Yes,No,No,Yes,Yes,Yes,Month-to-month,Yes,Electronic check,60.19,661.26,No
BXFU-1614,Female,0,No,Yes,30,Yes,Yes,Fiber optic,No,No,Yes,No,No,Yes,Month-to-month,Yes,Bank transfer (automatic),106.1,3189.39,Yes
RKJK-1684,Female,0,Yes,No,33,Yes,Yes,Fiber optic,No,No,Yes,No,No,Yes,Month-to-month,Yes,Mailed check,96.44,3178.46,No
GTBC-1456,Female,0,No,No,31,Yes,No,No,No internet service,No internet service,No internet service,No internet service,No internet service,No internet service,Two year,No,Bank transfer (automatic),20.42,637.28,No
SDXT-6560,Female,0,No,Yes,22,Yes,Yes,Fiber optic,No,No,No,No,No,No,Month-to-month,No,Bank transfer (automatic),75.52,1670.65,Yes
SVPC-6820,Male,0,Yes,No,68,Yes,No,DSL,Yes,No,No,No,No,Yes,Month-to-month,Yes,Electronic check,54.67,3718.11,Yes
JOFQ-0781,Female,0,Yes,No,39,Yes,No,DSL,Yes,Yes,Yes,Yes,No,No,One year,Yes,Electronic check,38.55,1505.1,No
YEHG-6314,Male,0,Yes,No,65,Yes,No,No,No internet service,No internet service,No internet service,No internet service,No internet service,No internet service,Month-to-month,No,Credit card (automatic),29.22,1904.09,No
PNSN-8502,Female,1,No,No,30,Yes,No,Fiber optic,No,No,Yes,Yes,Yes,No,Month-to-month,No,Credit card (automatic),102.39,3079.09,Yes
LDPY-5307,Male,0,Yes,No,11,Yes,Yes,Fiber optic,Yes,No,Yes,No,Yes,No,Month-to-month,Yes,Mailed check,54.58,603.92,Yes
NBKK-7575,Male,0,Yes,No,41,Yes,Yes,DSL,No,No,No,Yes,No,Yes,Two year,No,Electronic check,44.93,1838.49,No
UUNJ-9767,Male,0,No,Yes,19,Yes,Yes,Fiber optic,No,Yes,No,No,Yes,No,Month-to-month,No,Bank transfer (automatic),78.32,1480.98,No
HWBP-8658,Female,0,Yes,Yes,13,Yes,Yes,No,No internet service,No internet service,No internet service,No internet service,No internet service,No internet service,Month-to-month,Yes,Electronic check,26.42,340.67,No
QBMA-9240,Female,0,No,No,59,No,No phone service,No,No internet service,No internet service,No internet service,No internet service,No internet service,No internet service,Month-to-month,Yes,Electronic check,28.0,1655.95,No
TMHF-0029,Female,0,Yes,No,1,No,No phone service,DSL,No,No,No,Yes,No,No,One year,Yes,Mailed check,49.14,44.36,No
HKNH-2623,Male,0,Yes,No,30,No,No phone service,No,No internet service,No internet service,No internet service,No internet service,No internet service,No internet service,Month-to-month,Yes,Mailed check,26.78,802.94,Yes
YPMT-2464,Female,0,No,No,54,Yes,Yes,Fiber optic,No,Yes,No,Yes,No,No,Month-to-month,Yes,Mailed check,61.18,3302.49,No
TXDB-9512,Female,0,No,Yes,34,Yes,No,Fiber optic,No,Yes,Yes,No,No,No,Month-to-month,Yes,Electronic check,54.49,,Yes
QEYR-6417,Female,0,Yes,No,26,Yes,No,Fiber optic,No,No,Yes,Yes,Yes,No,Month-to-month,Yes,Credit card (automatic),48.66,1263.83,No
OMMP-5331,Male,0,Yes,Yes,4,Yes,No,DSL,Yes,No,Yes,No,Yes,Yes,Month-to-month,No,Electronic check,37.62,155.06,No
COWS-4955,Female,1,Yes,No,50,Yes,No,Fiber optic,No,No,Yes,No,Yes,Yes,Two year,No,Mailed check,58.28,2913.88,No
NDVS-6631,Male,0,Yes,No,15,Yes,No,No,No internet service,No internet service,No internet service,No internet service,No internet service,No internet service,Two year,Yes,Electronic check,21.79,326.64,No
GCOA-1987,Male,0,Yes,No,39,Yes,No,DSL,Yes,No,No,No,Yes,No,One year,No,Mailed check,63.34,2466.96,No
ONVN-5013,Female,0,Yes,Yes,67,Yes,No,DSL,No,No,Yes,No,No,No,Month-to-month,Yes,Bank transfer (automatic),53.49,3572.36,No
SQPH-6383,Female,0,No,No,43,No,No phone service,No,No internet service,No internet service,No internet service,No internet service,No internet service,No internet service,Month-to-month,Yes,Bank transfer (automatic),27.74,1192.3,No
AJQQ-0301,Male,1,Yes,No,40,Yes,No,No,No internet service,No internet service,No internet service,No internet service,No internet service,No internet service,Month-to-month,Yes,Mailed check,28.95,1154.66,No
TWBH-6853,Female,0,No,No,15,Yes,No,No,No internet service,No internet service,No internet service,No internet service,No internet service,No internet service,One year,No,Electronic check,28.42,434.0,No
VOTW-8221,Male,0,No,No,41,No,No phone service,DSL,No,Yes,No,No,Yes,No,Two year,No,Credit card (automatic),67.12,2746.18,No
ANQM-2681,Male,0,Yes,No,19,No,No phone service,Fiber optic,Yes,Yes,No,Yes,Yes,No,One year,No,Bank transfer (automatic),107.08,2032.24,No
GQRF-4710,Male,0,No,Yes,61,Yes,Yes,No,No internet service,No internet service,No internet service,No internet service,No internet service,No internet service,Two year,No,Bank transfer (automatic),22.1,1347.69,No
PGVX-7175,Female,0,Yes,Yes,27,Yes,No,No,No internet service,No internet service,No internet service,No internet service,No internet service,No internet service,Month-to-month,No,Electronic check,26.51,713.47,Yes
IGRX-8638,Male,0,Yes,Yes,59,Yes,No,DSL,No,No,Yes,No,No,Yes,Month-to-month,Yes,Bank transfer (automatic),63.33,3738.37,Yes
DLDY-7377,Male,0,Yes,Yes,40,Yes,No,Fiber optic,No,Yes,No,Yes,Yes,Yes,Two year,Yes,Credit card (automatic),77.55,3105.3,No
GZMV-7643,Female,1,No,No,0,Yes,No,Fiber optic,Yes,No,No,Yes,Yes,Yes,Two year,No,Electronic check,56.46,0.0,No
NRXY-3341,Male,0,No,No,15,Yes,No,Fiber optic,Yes,No,Yes,No,No,No,Month-to-month,Yes,Electronic check,56.1,843.99,No
GOUF-3774,Male,0,No,No,3,Yes,Yes,Fiber optic,No,No,No,No,No,No,Month-to-month,Yes,Electronic check,87.55,266.52,Yes
PVPC-0882,Female,1,No,No,53,Yes,Yes,DSL,No,No,Yes,No,No,Yes,Month-to-month,No,Bank transfer (automatic),27.45,1451.12,No
TGRL-2570,Male,0,No,No,28,Yes,No,DSL,No,No,Yes,No,Yes,No,One year,Yes,Electronic check,71.8,2009.56,Yes
TOAB-7581,Female,0,Yes,Yes,71,Yes,No,DSL,No,No,No,No,Yes,Yes,Month-to-month,No,Credit card (automatic),48.0,3409.54,No
SIIM-5241,Female,0,Yes,No,65,Yes,Yes,No,No internet service,No internet service,No internet service,No internet service,No internet service,No internet service,Two year,Yes,Electronic check,21.19,1380.38,No
GZKH-5712,Male,1,Yes,No,23,Yes,No,Fiber optic,Yes,Yes,Yes,No,Yes,Yes,Month-to-month,Yes,Credit card (automatic),90.82,2083.42,Yes
PGJL-0657,Female,0,Yes,No,40,Yes,No,Fiber optic,No,No,No,Yes,No,No,Month-to-month,Yes,Electronic check,81.06,3242.85,No
GDCS-3881,Male,1,Yes,No,62,No,No phone service,Fiber optic,Yes,No,No,Yes,Yes,No,Month-to-month,No,Electronic check,47.31,2938.52,No
UPAD-1734,Female,0,No,No,55,Yes,No,Fiber optic,No,No,No,Yes,Yes,No,Month-to-month,Yes,Credit card (automatic),68.11,3737.27,No
KTUU-4262,Male,0,No,No,13,Yes,No,Fiber optic,No,No,No,No,Yes,No,Two year,Yes,Bank transfer (automatic),46.88,604.14,No
RSKC-7329,Female,0,No,No,52,Yes,No,DSL,No,No,Yes,No,No,Yes,Two year,No,Credit card (automatic),46.07,2399.24,No
PETI-7674,Male,0,No,Yes,43,Yes,No,DSL,Yes,No,No,Yes,No,Yes,Month-to-month,Yes,Mailed check,27.23,1170.99,No
TWQF-7616,Male,0,No,No,42,Yes,No,DSL,Yes,No,Yes,Yes,No,No,One year,Yes,Credit card (automatic),53.79,2254.67,No
FETA-1692,Female,0,Yes,No,0,No,No phone service,Fiber optic,Yes,Yes,Yes,Yes,Yes,Yes,Month-to-month,Yes,Credit card (automatic),109.61,0.0,No
EXMH-5418,Male,1,No,No,10,Yes,No,DSL,No,No,Yes,Yes,Yes,No,Month-to-month,Yes,Credit card (automatic),63.06,633.18,Yes
QRMA-3344,Male,0,Yes,Yes,19,Yes,Yes,No,No internet service,No internet service,No internet service,No internet service,No internet service,No internet service,Two year,Yes,Electronic check,20.04,379.71,No
HOCF-2170,Female,0,Yes,No,20,Yes,No,Fiber optic,Yes,No,No,Yes,No,Yes,Month-to-month,Yes,Electronic check,50.78,1013.23,No
YGLJ-3258,Female,1,Yes,No,72,Yes,No,Fiber optic,Yes,Yes,Yes,Yes,No,No,Two year,Yes,Electronic check,92.26,6643.78,No
ITJE-8114,Female,0,No,No,19,Yes,No,DSL,No,No,No,Yes,Yes,Yes,Month-to-month,No,Credit card (automatic),44.49,834.28,No
AXUL-9181,Male,0,No,No,16,Yes,Yes,Fiber optic,No,Yes,No,No,No,No,Month-to-month,No,Electronic check,56.16,890.55,No
WXVN-6036,Male,0,No,Yes,62,Yes,Yes,No,No internet service,No internet service,No internet service,No internet service,No internet service,No internet service,One year,No,Electronic check,29.76,1835.89,No
PAMA-5324,Male,0,No,No,4,Yes,Yes,DSL,No,Yes,No,No,No,No,Month-to-month,No,Mailed check,42.41,170.41,Yes
IZZL-9249,Female,0,No,No,45,Yes,No,DSL,Yes,Yes,No,No,No,No,Month-to-month,Yes,Electronic check,40.31,1813.5,No
EIZT-0940,Male,1,No,No,51,Yes,Yes,No,No internet service,No internet service,No internet service,No internet service,No internet service,No internet service,Month-to-month,No,Electronic check,24.91,1260.79,Yes
VPZZ-6093,Male,0,Yes,Yes,35,No,No phone service,No,No internet service,No internet service,No internet service,No internet service,No internet service,No internet service,One year,No,Electronic check,23.49,816.75,No
YMAY-7456,Male,0,Yes,No,48,Yes,No,Fiber optic,No,No,Yes,No,No,Yes,Month-to-month,No,Electronic check,70.56,3390.76,No
TNVW-5514,Female,0,Yes,No,37,Yes,Yes,Fiber optic,No,No,Yes,Yes,No,No,Month-to-month,No,Bank transfer (automatic),79.43,2933.08,Yes
CWDQ-5567,Female,0,Yes,No,26,Yes,No,DSL,Yes,No,No,No,No,Yes,One year,No,Bank transfer (automatic),50.96,1329.56,Yes
CFZB-8129,Male,1,No,No,68,Yes,No,Fiber optic,Yes,No,No,Yes,No,No,One year,Yes,Mailed check,66.33,4504.58,No
LLRI-0404,Female,0,Yes,No,49,Yes,Yes,Fiber optic,No,No,Yes,Yes,No,No,Month-to-month,No,Credit card (automatic),67.57,3318.34,No
XHKX-1740,Female,1,No,No,42,Yes,No,DSL,No,Yes,No,Yes,No,No,Two year,No,Credit card (automatic),64.67,2707.68,No
WMVU-0059,Male,1,No,No,69,Yes,No,No,No internet service,No internet service,No internet service,No internet service,No internet service,No internet service,Month-to-month,Yes,Credit card (automatic),22.28,1541.46,No
GZZA-8341,Female,0,No,No,8,Yes,Yes,Fiber optic,No,No,Yes,No,No,No,Month-to-month,Yes,Credit card (automatic),51.63,410.2,No
ZMXB-2815,Female,0,Yes,Yes,64,No,No phone service,Fiber optic,No,Yes,Yes,No,Yes,No,Month-to-month,Yes,Mailed check,89.33,5711.0,No
LTWF-9889,Female,0,Yes,Yes,29,Yes,Yes,Fiber optic,Yes,Yes,Yes,No,No,Yes,One year,No,Mailed check,106.3,3086.84,No
DQBP-7971,Male,0,Yes,Yes,14,No,No phone service,Fiber optic,No,Yes,No,Yes,No,Yes,Month-to-month,Yes,Credit card (automatic),49.44,695.81,No
PDAW-3788,Female,0,Yes,Yes,31,Yes,Yes,DSL,Yes,Yes,No,No,Yes,Yes,Month-to-month,Yes,Bank transfer (automatic),35.76,1109.17,No
CEFV-9755,Female,1,No,Yes,3,Yes,No,DSL,No,No,No,No,No,Yes,One year,No,Electronic check,67.19,212.09,No
DGXS-6270,Male,0,Yes,Yes,59,Yes,No,No,No internet service,No internet service,No internet service,No internet service,No internet service,No internet service,Month-to-month,Yes,Bank transfer (automatic),28.15,1659.47,Yes
ANFJ-8354,Male,0,Yes,No,54,Yes,No,Fiber optic,No,No,No,Yes,No,No,One year,Yes,Credit card (automatic),54.95,2971.53,No
AFIO-2213,Male,0,Yes,No,33,Yes,Yes,DSL,Yes,No,No,No,No,Yes,Two year,Yes,Mailed check,29.27,965.15,No
ZSLB-0295,Male,0,No,No,60,Yes,Yes,DSL,No,Yes,No,No,Yes,Yes,Month-to-month,Yes,Credit card (automatic),62.1,3725.02,No
IKUO-2444,Male,0,No,No,37,Yes,No,Fiber optic,No,Yes,No,Yes,Yes,No,Month-to-month,Yes,Electronic check,48.16,1786.89,No
LWEG-8414,Female,0,No,Yes,50,No,No phone service,No,No internet service,No internet service,No internet service,No internet service,No internet service,No internet service,One year,Yes,Mailed check,20.22,1005.12,No
HLTB-9288,Male,0,Yes,No,57,Yes,Yes,Fiber optic,No,Yes,No,No,No,Yes,One year,Yes,Credit card (automatic),95.96,5463.04,No
XHXX-7058,Female,0,Yes,No,24,Yes,No,No,No internet service,No internet service,No internet service,No internet service,No internet service,No internet service,Month-to-month,Yes,Electronic check,27.56,663.5,No
XSQB-1651,Male,0,No,No,10,Yes,No,Fiber optic,No,Yes,No,Yes,No,No,Month-to-month,No,Electronic check,48.58,482.93,No
HOIO-6303,Female,0,No,No,7,Yes,No,DSL,No,No,No,Yes,Yes,Yes,Month-to-month,No,Credit card (automatic),43.59,307.41,No
DXDD-1963,Male,0,Yes,No,33,Yes,Yes,DSL,No,Yes,No,Yes,Yes,Yes,Two year,No,Credit card (automatic),45.71,1501.92,No
FCGF-2394,Female,0,No,Yes,26,Yes,No,No,No internet service,No internet service,No internet service,No internet service,No internet service,No internet service,Month-to-month,Yes,Electronic check,28.2,734.87,No
IFTK-6134,Male,0,No,No,21,Yes,Yes,DSL,Yes,No,No,No,Yes,Yes,Month-to-month,Yes,Bank transfer (automatic),49.51,1041.24,No
DDMP-8157,Female,0,Yes,No,61,Yes,No,Fiber optic,No,Yes,No,No,No,No,Month-to-month,Yes,Mailed check,108.29,6610.54,Yes
XGZK-3695,Female,0,Yes,No,71,Yes,No,Fiber optic,No,No,Yes,Yes,Yes,Yes,Two year,Yes,Mailed check,66.57,4735.27,No
FBXH-6878,Male,0,No,Yes,38,Yes,No,DSL,Yes,No,No,No,No,No,Month-to-month,Yes,Mailed check,62.88,2392.66,No
OYVR-6268,Female,0,No,No,72,Yes,Yes,No,No internet service,No internet service,No internet service,No internet service,No internet service,No internet service,Two year,Yes,Electronic check,22.15,1591.35,No
JJBN-5588,Female,0,Yes,Yes,21,Yes,No,DSL,No,No,Yes,Yes,No,No,Month-to-month,Yes,Mailed check,60.63,1265.49,No
MENE-8767,Male,0,Yes,No,72,Yes,No,DSL,Yes,Yes,No,No,No,Yes,Month-to-month,Yes,Bank transfer (automatic),69.51,5012.25,No
VCWX-7062,Female,0,No,Yes,30,Yes,Yes,DSL,Yes,Yes,No,Yes,Yes,No,Two year,No,Electronic check,45.37,1353.54,No
BNRO-7822,Female,1,No,Yes,33,Yes,Yes,Fiber optic,No,No,Yes,Yes,No,No,Month-to-month,No,Credit card (automatic),99.23,3261.09,No
VZQV-2382,Male,0,No,Yes,67,Yes,Yes,Fiber optic,No,No,Yes,Yes,No,No,Month-to-month,Yes,Bank transfer (automatic),50.54,3385.42,No
ASGW-4079,Female,1,No,No,58,Yes,Yes,Fiber optic,No,No,No,Yes,No,No,One year,Yes,Credit card (automatic),51.33,2984.52,No
HJLJ-9192,Male,0,Yes,No,7,Yes,Yes,Fiber optic,No,Yes,No,Yes,No,Yes,Two year,Yes,Electronic check,85.85,583.6,Yes
TQTP-4291,Female,0,No,No,52,Yes,Yes,DSL,No,No,No,No,No,No,Month-to-month,Yes,Mailed check,35.84,1866.81,No
MVHW-0325,Female,0,No,No,53,Yes,No,DSL,Yes,Yes,No,Yes,No,No,Month-to-month,No,Electronic check,63.3,3355.63,No
YIWO-8748,Female,0,No,No,69,Yes,Yes,Fiber optic,Yes,Yes,No,No,No,No,Month-to-month,Yes,Electronic check,56.57,3914.38,No
NWUP-7689,Female,0,No,No,17,No,No phone service,Fiber optic,Yes,Yes,Yes,No,No,No,One year,Yes,Mailed check,53.31,900.91,No
QMIO-6004,Male,1,No,Yes,7,Yes,No,No,No internet service,No internet service,No internet service,No internet service,No internet service,No internet service,Two year,No,Electronic check,24.75,165.52,Yes
XILF-9755,Male,0,No,Yes,6,Yes,No,Fiber optic,Yes,Yes,Yes,Yes,No,No,Month-to-month,No,Bank transfer (automatic),53.8,316.94,Yes
DKUR-2244,Female,0,No,No,6,Yes,No,No,No internet service,No internet service,No internet service,No internet service,No internet service,No internet service,Two year,Yes,Mailed check,18.62,105.51,No
FUFH-1354,Female,0,No,No,9,Yes,No,Fiber optic,No,No,No,Yes,Yes,No,Month-to-month,Yes,Credit card (automatic),58.77,531.67,No
QISR-8645,Male,0,Yes,Yes,35,Yes,Yes,DSL,No,No,No,No,No,No,One year,No,Mailed check,61.68,2160.3,No
LKPT-0380,Male,1,No,No,61,No,No phone service,DSL,No,No,Yes,No,Yes,Yes,Month-to-month,Yes,Credit card (automatic),27.01,1647.4,No
ZCUW-8526,Male,0,No,Yes,50,Yes,Yes,No,No internet service,No internet service,No internet service,No internet service,No internet service,No internet service,Two year,No,Bank transfer (automatic),25.16,1258.71,No
NTSW-6361,Female,0,No,No,30,Yes,No,DSL,No,Yes,No,No,Yes,Yes,Two year,Yes,Bank transfer (automatic),51.15,1528.19,No
ARTH-2955,Female,1,No,Yes,9,Yes,Yes,Fiber optic,No,Yes,Yes,No,Yes,No,Month-to-month,Yes,Credit card (automatic),78.69,712.18,No
MIIT-8519,Female,0,Yes,No,34,Yes,Yes,DSL,No,No,No,No,No,No,Month-to-month,Yes,Electronic check,52.47,1780.69,No
NFBH-3477,Male,0,No,Yes,28,Yes,Yes,DSL,No,No,Yes,Yes,Yes,No,Two year,Yes,Mailed check,50.31,1402.96,No
NLPF-3067,Female,0,Yes,No,48,Yes,No,No,No internet service,No internet service,No internet service,No internet service,No internet service,No internet service,Two year,No,Credit card (automatic),23.07,1113.29,No
IBQT-4904,Male,0,Yes,No,30,Yes,No,DSL,No,No,Yes,No,No,No,Month-to-month,Yes,Credit card (automatic),61.96,1868.78,Yes
FCOG-5324,Male,0,Yes,Yes,67,Yes,Yes,No,No internet service,No internet service,No internet service,No internet service,No internet service,No internet service,Month-to-month,No,Bank transfer (automatic),27.81,1864.74,No
CZYI-5533,Female,0,Yes,Yes,16,Yes,No,DSL,No,Yes,No,No,No,No,Month-to-month,Yes,Bank transfer (automatic),26.41,418.31,No
BZDH-9180,Male,0,No,No,36,Yes,Yes,Fiber optic,No,No,Yes,Yes,No,Yes,Month-to-month,Yes,Bank transfer (automatic),68.77,2475.35,Yes
MROB-5628,Female,0,No,No,27,Yes,No,Fiber optic,Yes,No,No,No,Yes,No,Two year,Yes,Electronic check,102.62,2765.39,No
EEKT-8733,Male,1,Yes,No,37,Yes,No,Fiber optic,No,Yes,No,No,Yes,No,Month-to-month,Yes,Mailed check,45.65,1686.35,No
RYCD-6977,Female,0,No,No,9,Yes,No,Fiber optic,Yes,No,No,No,No,No,Two year,Yes,Electronic check,71.62,637.66,No
PTOG-9055,Female,1,Yes,No,71,Yes,Yes,Fiber optic,No,No,Yes,Yes,No,Yes,Month-to-month,No,Electronic check,65.87,4671.0,No
VLRX-4413,Male,0,No,No,27,Yes,No,DSL,Yes,No,Yes,Yes,No,No,Two year,Yes,Electronic check,63.88,1725.34,No
YIVI-3010,Male,0,No,Yes,68,Yes,No,Fiber optic,No,No,Yes,No,No,No,Month-to-month,No,Bank transfer (automatic),75.49,5136.08,Yes
HYPZ-5158,Female,0,No,No,6,Yes,Yes,Fiber optic,Yes,Yes,Yes,No,No,Yes,Month-to-month,No,Credit card (automatic),55.56,328.35,Yes
LSYR-4169,Female,0,Yes,Yes,1,Yes,No,No,No internet service,No internet service,No internet service,No internet service,No internet service,No internet service,Month-to-month,No,Electronic check,29.84,37.88,No
OYGE-3397,Male,0,No,No,56,Yes,Yes,DSL,Yes,Yes,Yes,No,No,No,Two year,Yes,Credit card (automatic),32.67,1835.65,No
ZZNZ-9904,Female,0,No,Yes,9,Yes,Yes,Fiber optic,Yes,Yes,No,Yes,No,Yes,Month-to-month,Yes,Credit card (automatic),55.53,496.66,No
NBPM-8697,Female,0,Yes,No,13,Yes,Yes,DSL,No,Yes,Yes,Yes,Yes,Yes,One year,Yes,Bank transfer (automatic),39.28,516.03,No
VIVW-6870,Male,0,Yes,No,31,Yes,Yes,Fiber optic,No,Yes,No,No,No,No,One year,Yes,Electronic check,97.88,3036.06,No
TGKH-6236,Male,0,No,No,52,Yes,No,Fiber optic,No,No,No,No,Yes,No,Two year,No,Credit card (automatic),53.16,2769.76,No
HGFY-8675,Male,0,No,No,2,Yes,No,DSL,Yes,No,No,No,Yes,No,One year,Yes,Credit card (automatic),45.61,97.61,No
QQPV-1701,Female,0,Yes,No,47,No,No phone service,DSL,Yes,No,Yes,No,Yes,No,Month-to-month,No,Electronic check,27.39,1297.37,No
XVJB-1644,Female,0,Yes,No,7,Yes,No,Fiber optic,No,No,Yes,No,Yes,Yes,Month-to-month,No,Electronic check,82.36,576.4,Yes
XLWN-8393,Male,0,No,No,8,No,No phone service,No,No internet service,No internet service,No internet service,No internet service,No internet service,No internet service,Month-to-month,Yes,Credit card (automatic),29.53,229.03,No
RCAQ-6426,Male,0,Yes,No,15,Yes,No,Fiber optic,No,Yes,No,No,No,No,Month-to-month,Yes,Electronic check,95.42,1442.15,No
NBCQ-7168,Male,1,Yes,Yes,30,Yes,No,Fiber optic,No,Yes,Yes,Yes,Yes,Yes,Two year,Yes,Bank transfer (automatic),69.97,2106.18,No
FRRY-9783,Female,0,Yes,No,4,Yes,No,No,No internet service,No internet service,No internet service,No internet service,No internet service,No internet service,Month-to-month,No,Credit card (automatic),25.07,100.12,No
DOOR-9093,Female,0,No,Yes,38,Yes,Yes,Fiber optic,Yes,No,No,No,No,Yes,Month-to-month,Yes,Mailed check,95.98,3648.64,No
JJXB-7003,Female,0,Yes,No,15,Yes,No,Fiber optic,Yes,No,Yes,No,No,Yes,One year,Yes,Mailed check,95.62,1439.04,No
GIPE-1618,Male,0,Yes,No,63,Yes,No,Fiber optic,No,No,No,No,Yes,Yes,Month-to-month,No,Electronic check,63.11,3975.24,Yes
YSMX-3204,Male,1,Yes,Yes,46,Yes,Yes,DSL,No,No,No,Yes,No,No,Month-to-month,Yes,Mailed check,52.57,2421.64,Yes
MTAJ-7772,Female,0,Yes,Yes,58,Yes,Yes,No,No internet service,No internet service,No internet service,No internet service,No internet service,No internet service,One year,Yes,Electronic check,27.67,1600.98,No
FLGP-8485,Male,1,No,No,19,No,No phone service,DSL,Yes,No,No,Yes,No,Yes,Month-to-month,Yes,Credit card (automatic),41.29,789.22,No
JJJT-0094,Male,0,Yes,No,20,Yes,No,DSL,Yes,No,Yes,Yes,No,No,Month-to-month,Yes,Electronic check,32.59,656.58,Yes
NSUU-0744,Male,0,Yes,No,52,Yes,No,No,No internet service,No internet service,No internet service,No internet service,No internet service,No internet service,Two year,No,Credit card (automatic),18.19,947.25,No
IHMQ-2600,Female,0,No,No,53,Yes,Yes,No,No internet service,No internet service,No internet service,No internet service,No internet service,No internet service,Two year,No,Electronic check,18.46,980.78,No
EYFZ-1854,Male,0,No,No,48,Yes,Yes,No,No internet service,No internet service,No internet service,No internet service,No internet service,No internet service,One year,No,Electronic check,20.81,991.91,No
ELCP-5391,Male,0,No,No,15,Yes,No,Fiber optic,No,No,Yes,No,No,No,Two year,No,Electronic check,69.0,1029.36,Yes
CIKK-8599,Male,0,No,Yes,15,Yes,Yes,DSL,Yes,No,Yes,Yes,No,No,Two year,Yes,Electronic check,54.8,822.06,No
NITU-9584,Male,0,No,No,22,Yes,Yes,No,No internet service,No internet service,No internet service,No internet service,No internet service,No internet service,Month-to-month,No,Electronic check,18.82,416.26,No
HKAU-9095,Female,0,No,No,67,Yes,Yes,No,No internet service,No internet service,No internet service,No internet service,No internet service,No internet service,One year,No,Electronic check,25.66,1724.69,No
GNEQ-5945,Female,0,No,No,36,Yes,No,DSL,Yes,Yes,No,No,No,No,Month-to-month,No,Electronic check,43.28,1562.13,Yes
PKJO-6612,Female,0,No,No,23,Yes,No,No,No internet service,No internet service,No internet service,No internet service,No internet service,No internet service,Month-to-month,Yes,Credit card (automatic),26.77,628.03,Yes
LPFC-1349,Female,1,No,No,60,Yes,Yes,DSL,No,No,Yes,Yes,No,No,Two year,No,Electronic check,47.97,2878.62,No
YCCV-4562,Male,0,Yes,No,7,Yes,No,No,No internet service,No internet service,No internet service,No internet service,No internet service,No internet service,Two year,Yes,Credit card (automatic),29.65,214.51,No
MUHT-9131,Female,1,No,No,68,Yes,Yes,No,No internet service,No internet service,No internet service,No internet service,No internet service,No internet service,Month-to-month,Yes,Mailed check,24.72,1688.73,Yes
SDTZ-8958,Male,0,Yes,Yes,28,No,No phone service,Fiber optic,No,Yes,No,No,No,No,Month-to-month,No,Mailed check,71.93,2018.99,No
DIMI-5424,Male,0,No,No,9,Yes,Yes,Fiber optic,No,Yes,No,Yes,Yes,No,Two year,No,Credit card (automatic),57.14,509.68,No
OCEU-1865,Male,0,Yes,Yes,55,Yes,No,DSL,Yes,Yes,No,Yes,No,Yes,Month-to-month,Yes,Mailed check,29.89,1643.87,No
UOTH-1709,Male,1,No,No,72,Yes,No,DSL,No,No,Yes,No,Yes,No,Month-to-month,No,Bank transfer (automatic),32.44,2329.8,No
QSEV-3661,Female,0,Yes,No,21,Yes,No,Fiber optic,No,Yes,No,No,Yes,Yes,Two year,Yes,Electronic check,90.65,1898.7,No
RBON-1847,Female,0,Yes,No,9,Yes,Yes,DSL,Yes,Yes,No,Yes,No,Yes,Month-to-month,Yes,Electronic check,63.05,561.87,No
EKEQ-5325,Male,0,Yes,No,19,Yes,No,Fiber optic,No,Yes,No,No,Yes,No,Month-to-month,No,Mailed check,58.68,1117.84,No
BXQL-8709,Female,0,Yes,Yes,50,Yes,No,DSL,Yes,No,No,No,No,Yes,Two year,Yes,Electronic check,52.16,2605.26,No
YRSR-7191,Female,0,No,No,9,Yes,Yes,DSL,No,No,Yes,No,No,No,Month-to-month,Yes,Mailed check,39.55,351.35,No
PQGL-1944,Male,0,No,No,40,No,No phone service,Fiber optic,Yes,Yes,No,No,Yes,No,One year,No,Electronic check,73.4,2942.72,No
CSML-2532,Female,1,Yes,No,39,Yes,No,DSL,No,No,No,No,Yes,No,Month-to-month,No,Electronic check,39.34,1534.26,Yes
RCTF-3722,Male,0,No,Yes,4,Yes,No,Fiber optic,Yes,No,Yes,No,No,No,Month-to-month,Yes,Bank transfer (automatic),66.63,267.1,No
SXDA-1912,Male,0,Yes,Yes,42,Yes,No,Fiber optic,Yes,No,Yes,Yes,No,Yes,Month-to-month,Yes,Bank transfer (automatic),92.57,3883.13,No
VXPL-0809,Male,0,No,Yes,66,Yes,Yes,DSL,No,No,Yes,No,No,No,Month-to-month,Yes,Electronic check,67.76,4469.86,No
RSGY-2789,Female,0,Yes,No,23,Yes,No,No,No internet service,No internet service,No internet service,No internet service,No internet service,No internet service,Month-to-month,No,Mailed check,18.46,423.53,No
WTTD-5348,Male,1,Yes,Yes,30,Yes,No,Fiber optic,Yes,No,Yes,Yes,Yes,Yes,Two year,Yes,Credit card (automatic),63.17,1887.49,No
LWHU-4678,Male,0,Yes,No,58,Yes,No,No,No internet service,No internet service,No internet service,No internet service,No internet service,No internet service,Month-to-month,Yes,Electronic check,29.91,1732.31,No
RSLL-1961,Male,0,No,No,66,Yes,No,No,No internet service,No internet service,No internet service,No internet service,No internet service,No internet service,Month-to-month,No,Electronic check,29.81,1965.55,No
LNOP-1130,Female,1,No,Yes,62,Yes,Yes,No,No internet service,No internet service,No internet service,No internet service,No internet service,No internet service,Month-to-month,No,Mailed check,21.62,1343.33,Yes
RCWJ-0522,Male,0,No,No,0,Yes,Yes,DSL,Yes,No,No,No,Yes,Yes,Two year,Yes,Electronic check,28.84,0.0,No
DTWC-7761,Male,0,Yes,Yes,68,Yes,No,DSL,Yes,No,No,Yes,No,No,Two year,No,Bank transfer (automatic),73.09,4977.35,No
UFPJ-3948,Male,0,Yes,No,70,Yes,No,Fiber optic,Yes,No,No,Yes,Yes,Yes,Month-to-month,Yes,Electronic check,50.89,3564.52,No
KWRK-0121,Male,0,No,No,32,Yes,No,Fiber optic,No,Yes,Yes,No,No,Yes,Two year,Yes,Credit card (automatic),59.72,1914.77,No
CZOK-8382,Female,0,No,No,62,Yes,No,Fiber optic,Yes,No,Yes,No,No,Yes,Two year,Yes,Electronic check,51.85,3220.37,No
AEJJ-1311,Male,0,No,No,41,No,No phone service,No,No internet service,No internet service,No internet service,No internet service,No internet service,No internet service,One year,Yes,Electronic check,20.02,821.05,No
MSET-1915,Female,0,Yes,No,30,Yes,No,DSL,No,No,No,No,Yes,No,Two year,Yes,Mailed check,40.98,1227.78,No
WJVW-0520,Male,0,Yes,No,51,Yes,No,Fiber optic,No,No,Yes,Yes,No,Yes,One year,Yes,Mailed check,104.17,5309.29,No
XDZX-9339,Female,0,No,No,49,Yes,No,Fiber optic,No,No,Yes,No,No,Yes,One year,No,Bank transfer (automatic),78.8,3862.12,No
DFIU-9773,Male,0,Yes,No,12,Yes,No,No,No internet service,No internet service,No internet service,No internet service,No internet service,No internet service,Month-to-month,No,Electronic check,23.13,279.34,No
ZYYE-5427,Female,0,No,Yes,64,Yes,No,DSL,No,No,No,Yes,Yes,Yes,One year,Yes,Bank transfer (automatic),41.3,2652.97,No
IODY-8672,Female,0,Yes,No,37,Yes,No,Fiber optic,Yes,No,No,Yes,No,No,Month-to-month,Yes,Bank transfer (automatic),64.45,2380.8,Yes
OESG-5280,Male,0,Yes,Yes,38,Yes,No,No,No internet service,No internet service,No internet service,No internet service,No internet service,No internet service,One year,Yes,Electronic check,28.18,1067.21,No
JSKO-9622,Male,1,No,No,41,Yes,No,No,No internet service,No internet service,No internet service,No internet service,No internet service,No internet service,One year,Yes,Electronic check,26.17,1079.19,No
RYKT-9518,Male,1,No,Yes,38,Yes,No,Fiber optic,No,Yes,No,Yes,No,Yes,Two year,Yes,Electronic check,87.26,3321.12,No
OGJU-6396,Female,0,Yes,No,41,Yes,Yes,DSL,Yes,No,No,Yes,Yes,No,Month-to-month,No,Mailed check,50.64,2076.07,No
RWDT-0244,Female,0,Yes,No,72,No,No phone service,No,No internet service,No internet service,No internet service,No internet service,No internet service,No internet service,Month-to-month,Yes,Bank transfer (automatic),22.48,1612.78,No
BDAO-8056,Female,0,No,No,69,Yes,No,Fiber optic,Yes,No,Yes,Yes,No,No,Month-to-month,No,Credit card (automatic),98.07,6760.27,No
SLAG-2955,Female,0,Yes,Yes,72,Yes,No,No,No internet service,No internet service,No internet service,No internet service,No internet service,No internet service,Two year,Yes,Electronic check,26.71,1923.25,No
LTLF-9378,Male,0,No,No,41,Yes,Yes,No,No internet service,No internet service,No internet service,No internet service,No internet service,No internet service,Two year,No,Electronic check,20.94,855.77,No
BGIY-4057,Female,0,No,Yes,28,No,No phone service,No,No internet service,No internet service,No internet service,No internet service,No internet service,No internet service,Two year,No,Electronic check,21.45,607.61,No
ARMA-4199,Male,1,Yes,Yes,67,Yes,Yes,DSL,No,No,Yes,No,No,Yes,Month-to-month,Yes,Electronic check,70.33,4709.06,No
DAWH-4170,Female,1,No,Yes,24,No,No phone service,Fiber optic,Yes,Yes,No,No,Yes,No,Two year,No,Electronic check,59.91,1438.47,No
GQFV-4118,Male,0,No,No,15,Yes,No,DSL,No,Yes,No,Yes,Yes,Yes,Month-to-month,No,Electronic check,33.54,498.7,No
UUWF-1043,Female,0,Yes,No,56,Yes,No,No,No internet service,No internet service,No internet service,No internet service,No internet service,No internet service,Two year,Yes,Credit card (automatic),20.04,1128.06,No
LSBZ-1313,Female,0,Yes,No,33,Yes,No,Fiber optic,Yes,No,No,No,Yes,No,Two year,Yes,Mailed check,75.47,2485.92,No
SIGM-2786,Male,0,Yes,No,8,Yes,No,DSL,Yes,No,Yes,No,No,Yes,Two year,No,Credit card (automatic),73.35,591.56,No
VDUH-2126,Female,0,No,No,34,Yes,Yes,DSL,No,No,No,Yes,Yes,Yes,Month-to-month,Yes,Credit card (automatic),33.99,1150.05,No
HQMG-8227,Female,0,Yes,No,26,Yes,Yes,Fiber optic,Yes,No,Yes,No,No,No,Month-to-month,Yes,Mailed check,77.32,2005.76,No
TNHE-2337,Female,0,No,No,38,Yes,Yes,Fiber optic,Yes,Yes,No,No,No,Yes,One year,No,Bank transfer (automatic),46.6,1778.86,No
FWYF-2229,Male,0,Yes,Yes,44,Yes,No,DSL,No,No,No,No,Yes,Yes,Two year,Yes,Mailed check,73.76,3248.22,No
RAPP-9032,Female,0,Yes,No,59,Yes,No,Fiber optic,No,Yes,No,No,No,No,Month-to-month,Yes,Credit card (automatic),103.79,6119.71,No
ELYL-7847,Male,1,No,No,42,Yes,No,No,No internet service,No internet service,No internet service,No internet service,No internet service,No internet service,One year,No,Electronic check,24.09,1009.03,No
DUOL-2424,Female,0,No,No,60,Yes,No,DSL,Yes,Yes,No,No,Yes,Yes,Month-to-month,No,Mailed check,62.3,3743.73,No
KUFI-0950,Female,0,No,No,68,Yes,No,DSL,Yes,Yes,No,No,No,No,Two year,Yes,Electronic check,61.58,4191.14,No
VBXK-2955,Male,0,Yes,Yes,15,Yes,Yes,Fiber optic,No,No,No,No,No,No,Month-to-month,No,Credit card (automatic),76.91,1148.75,No
TUBZ-9796,Male,0,Yes,No,1,Yes,Yes,Fiber optic,Yes,Yes,No,No,No,No,Month-to-month,Yes,Bank transfer (automatic),106.21,102.36,Yes
ZFWQ-4601,Male,0,No,Yes,18,Yes,No,DSL,Yes,Yes,No,No,Yes,No,Two year,Yes,Bank transfer (automatic),73.73,1334.61,No
ILSV-6843,Female,0,No,Yes,63,Yes,Yes,No,No internet service,No internet service,No internet service,No internet service,No internet service,No internet service,Month-to-month,Yes,Credit card (automatic),24.71,1555.55,No
KLOR-2413,Male,0,No,Yes,19,Yes,Yes,Fiber optic,No,No,No,No,Yes,Yes,Month-to-month,No,Bank transfer (automatic),59.83,1136.6,Yes
QDPW-2975,Female,0,No,Yes,57,Yes,No,No,No internet service,No internet service,No internet service,No internet service,No internet service,No internet service,One year,Yes,Mailed check,29.54,1670.49,No
VNQU-2907,Female,0,No,Yes,59,Yes,No,Fiber optic,Yes,Yes,Yes,No,Yes,Yes,Month-to-month,No,Mailed check,105.04,6202.34,No
WWLJ-9935,Male,1,No,No,58,Yes,No,Fiber optic,Yes,No,Yes,No,No,No,Month-to-month,Yes,Electronic check,100.89,5857.73,Yes
PION-2834,Female,0,Yes,Yes,50,No,No phone service,DSL,No,No,Yes,Yes,No,No,Two year,Yes,Electronic check,46.11,2301.23,No
GVZH-7729,Female,0,No,Yes,34,Yes,No,No,No internet service,No internet service,No internet service,No internet service,No internet service,No internet service,Month-to-month,Yes,Credit card (automatic),25.27,867.3,Yes
VWIZ-9347,Female,0,No,Yes,9,Yes,No,DSL,Yes,Yes,Yes,Yes,No,No,Month-to-month,No,Electronic check,25.27,220.27,No
AFOD-4417,Female,0,Yes,No,35,Yes,No,DSL,Yes,Yes,No,No,No,No,Month-to-month,Yes,Bank transfer (automatic),36.31,1267.32,Yes
ORTM-4051,Male,0,No,No,52,No,No phone service,DSL,No,Yes,Yes,Yes,No,No,Two year,Yes,Electronic check,59.41,3091.07,No
NEFX-8543,Female,0,No,No,53,Yes,Yes,Fiber optic,No,No,No,No,No,Yes,One year,No,Mailed check,67.04,3552.69,No
RBWU-6004,Female,0,No,No,15,Yes,Yes,Fiber optic,No,No,Yes,No,No,Yes,Month-to-month,Yes,Bank transfer (automatic),80.43,1210.11,Yes
RHCQ-1996,Male,1,No,No,49,Yes,No,DSL,No,Yes,No,Yes,Yes,Yes,Month-to-month,No,Electronic check,48.61,2375.32,No
FHWZ-7256,Male,0,Yes,No,25,Yes,Yes,Fiber optic,No,No,No,Yes,Yes,Yes,Month-to-month,Yes,Mailed check,61.89,1544.71,No
OJQA-6224,Female,0,Yes,No,30,Yes,No,DSL,Yes,No,Yes,No,No,Yes,Month-to-month,Yes,Electronic check,52.34,1567.4,Yes
KVRC-5248,Male,0,No,Yes,60,Yes,No,DSL,Yes,Yes,No,Yes,No,No,One year,No,Credit card (automatic),54.94,3290.33,No
SMFK-4455,Male,0,Yes,Yes,41,Yes,Yes,No,No internet service,No internet service,No internet service,No internet service,No internet service,No internet service,One year,No,Bank transfer (automatic),20.86,858.13,Yes
QKOI-4076,Female,0,Yes,No,0,Yes,No,Fiber optic,No,No,No,Yes,No,Yes,Month-to-month,No,Bank transfer (automatic),83.55,0.0,Yes
GUAY-8742,Male,0,Yes,Yes,41,Yes,Yes,Fiber optic,No,No,No,Yes,No,Yes,Month-to-month,Yes,Mailed check,52.56,2146.76,No
HQSL-6364,Female,0,No,No,48,Yes,Yes,DSL,No,No,No,No,Yes,No,Two year,Yes,Electronic check,69.01,3309.06,No
VPGO-9666,Female,0,Yes,No,18,No,No phone service,DSL,Yes,Yes,No,Yes,No,No,Two year,Yes,Electronic check,65.96,1189.16,No
MWCO-2611,Female,0,No,Yes,56,Yes,Yes,DSL,No,No,No,No,Yes,Yes,One year,Yes,Mailed check,65.07,3638.39,No
SNTF-7996,Male,0,No,Yes,7,Yes,No,DSL,Yes,Yes,Yes,No,Yes,No,Two year,Yes,Bank transfer (automatic),50.76,350.26,No
TRRO-3525,Female,0,Yes,No,61,Yes,No,Fiber optic,No,Yes,Yes,No,No,No,One year,Yes,Electronic check,75.61,4611.02,No
UUBH-4168,Female,0,Yes,Yes,8,Yes,No,Fiber optic,No,No,No,No,Yes,No,One year,Yes,Electronic check,60.24,476.99,No
IQGI-5013,Female,0,No,No,6,Yes,Yes,Fiber optic,Yes,No,No,No,No,No,Month-to-month,Yes,Bank transfer (automatic),55.53,332.49,Yes
NDBH-1238,Male,0,Yes,No,39,Yes,No,Fiber optic,No,Yes,Yes,No,No,Yes,Month-to-month,No,Bank transfer (automatic),85.95,3353.17,No
JQHN-4674,Male,0,Yes,No,60,Yes,Yes,DSL,Yes,No,No,No,No,No,Month-to-month,Yes,Mailed check,43.57,2603.43,No
PHJH-8120,Female,0,Yes,No,22,Yes,No,Fiber optic,No,No,No,No,No,Yes,Two year,Yes,Electronic check,82.82,1822.18,No
TOUQ-7101,Female,0,Yes,No,40,Yes,No,DSL,Yes,No,No,Yes,Yes,No,One year,Yes,Electronic check,30.47,1212.63,No
EIIB-1262,Male,1,Yes,No,71,Yes,No,Fiber optic,No,Yes,Yes,No,No,Yes,One year,Yes,Credit card (automatic),108.32,7685.94,No
QNNN-5203,Female,0,Yes,No,22,Yes,Yes,Fiber optic,No,No,No,No,No,No,Month-to-month,Yes,Electronic check,69.73,1530.86,No
AQRZ-7119,Male,0,No,No,10,Yes,No,Fiber optic,Yes,No,Yes,No,No,No,Two year,Yes,Electronic check,103.81,1042.02,No
JHLV-3202,Female,0,Yes,No,0,Yes,No,Fiber optic,Yes,Yes,No,Yes,No,Yes,Month-to-month,No,Electronic check,61.65,0.0,Yes
LIUV-4090,Male,0,Yes,No,48,Yes,Yes,DSL,No,Yes,Yes,No,Yes,Yes,One year,No,Electronic check,73.45,3523.88,No
DOSH-6679,Female,0,Yes,No,43,Yes,No,No,No internet service,No internet service,No internet service,No internet service,No internet service,No internet service,Month-to-month,Yes,Bank transfer (automatic),29.55,1276.3,No
WJRD-5225,Female,0,Yes,No,68,Yes,No,No,No internet service,No internet service,No internet service,No internet service,No internet service,No internet service,Month-to-month,Yes,Credit card (automatic),23.59,1607.91,No
ANPA-4097,Male,0,No,No,13,Yes,No,Fiber optic,No,Yes,Yes,Yes,No,Yes,Month-to-month,Yes,Bank transfer (automatic),76.28,995.94,No
RPFJ-9493,Male,0,Yes,Yes,6,Yes,Yes,No,No internet service,No internet service,No internet service,No internet service,No internet service,No internet service,Month-to-month,No,Credit card (automatic),19.93,126.4,No
QNNC-3111,Male,0,No,No,59,No,No phone service,No,No internet service,No internet service,No internet service,No internet service,No internet service,No internet service,Month-to-month,Yes,Bank transfer (automatic),19.06,1130.77,No
QJRV-2940,Female,0,No,Yes,23,Yes,Yes,Fiber optic,Yes,Yes,Yes,No,No,No,Month-to-month,Yes,Bank transfer (automatic),75.02,1728.49,Yes
XDYD-1249,Male,0,No,Yes,3,Yes,Yes,DSL,Yes,No,No,No,Yes,No,One year,No,Mailed check,50.93,149.91,No
MVWT-6926,Male,0,Yes,No,26,Yes,No,DSL,No,No,No,Yes,Yes,Yes,Month-to-month,No,Bank transfer (automatic),33.13,856.4,No
TMHY-6771,Male,0,Yes,No,61,Yes,No,Fiber optic,No,Yes,Yes,No,Yes,No,One year,Yes,Mailed check,62.83,3831.93,No
IFDO-4946,Male,0,No,No,6,Yes,No,Fiber optic,Yes,No,Yes,No,No,No,One year,No,Mailed check,106.22,637.25,No
IGIT-9935,Male,0,No,No,53,Yes,No,Fiber optic,Yes,Yes,No,Yes,Yes,Yes,Two year,Yes,Bank transfer (automatic),103.9,5507.78,No
XNIA-0768,Male,0,Yes,No,72,Yes,Yes,Fiber optic,Yes,No,No,No,Yes,Yes,One year,Yes,Electronic check,86.18,6194.01,No
KCZL-4249,Female,0,No,No,64,Yes,No,DSL,No,No,No,No,No,No,Month-to-month,Yes,Mailed check,28.64,1833.55,No
ANTF-1670,Male,0,No,No,66,Yes,No,Fiber optic,Yes,No,Yes,No,No,No,One year,Yes,Bank transfer (automatic),75.76,5009.17,No
DDET-8610,Male,0,No,No,19,Yes,No,DSL,No,Yes,Yes,No,Yes,No,Month-to-month,Yes,Credit card (automatic),74.11,1419.7,No
YAVO-1354,Male,0,No,No,57,Yes,No,No,No internet service,No internet service,No internet service,No internet service,No internet service,No internet service,Month-to-month,Yes,Bank transfer (automatic),26.13,1500.27,No
VSEB-6207,Female,0,No,No,47,Yes,No,DSL,No,Yes,Yes,Yes,No,No,Month-to-month,Yes,Bank transfer (automatic),43.46,2045.56,No
XCMG-8721,Male,1,Yes,No,25,Yes,No,Fiber optic,No,No,No,No,Yes,No,Month-to-month,Yes,Mailed check,63.67,1591.45,Yes
JWGI-4373,Female,0,Yes,Yes,33,Yes,No,Fiber optic,Yes,Yes,Yes,Yes,No,No,Month-to-month,No,Mailed check,49.39,1625.82,No
TNLB-0368,Male,0,No,No,31,Yes,Yes,No,No internet service,No internet service,No internet service,No internet service,No internet service,No internet service,Month-to-month,Yes,Credit card (automatic),18.26,564.19,No
IZQU-6695,Female,0,No,No,39,Yes,Yes,Fiber optic,Yes,No,No,No,No,Yes,Two year,No,Mailed check,93.55,3650.49,No
PKZT-2893,Male,0,No,No,4,Yes,Yes,Fiber optic,No,Yes,No,No,Yes,No,One year,Yes,Credit card (automatic),109.2,434.28,No
XMQG-5034,Female,1,No,No,9,Yes,No,DSL,Yes,No,Yes,No,No,No,Month-to-month,Yes,Electronic check,46.46,417.6,No
KXDC-1393,Female,1,No,No,72,Yes,Yes,No,No internet service,No internet service,No internet service,No internet service,No internet service,No internet service,Two year,Yes,Electronic check,28.95,2077.88,Yes
ZUWY-1498,Male,0,Yes,No,45,Yes,No,Fiber optic,No,No,No,Yes,Yes,Yes,Month-to-month,Yes,Bank transfer (automatic),72.18,3245.58,No
LSAR-5400,Female,1,No,Yes,31,Yes,Yes,No,No internet service,No internet service,No internet service,No internet service,No internet service,No internet service,Two year,Yes,Bank transfer (automatic),29.31,900.32,No
KTOD-5595,Male,0,Yes,Yes,60,Yes,No,DSL,No,No,Yes,Yes,No,No,Two year,Yes,Mailed check,54.52,3272.1,No
AZIG-6611,Female,0,No,Yes,41,Yes,Yes,Fiber optic,No,No,Yes,No,Yes,No,Month-to-month,No,Bank transfer (automatic),81.72,3347.28,No
FWST-2663,Female,1,No,Yes,25,Yes,Yes,Fiber optic,Yes,Yes,No,Yes,No,Yes,One year,Yes,Electronic check,85.66,2142.41,Yes
WEQZ-3611,Female,0,Yes,No,22,Yes,Yes,Fiber optic,No,No,No,No,Yes,No,Month-to-month,No,Electronic check,58.73,1287.49,No
ARZH-7700,Female,0,No,No,8,Yes,No,DSL,No,No,Yes,No,No,Yes,Month-to-month,No,Mailed check,55.61,448.45,No
LJTF-7125,Male,0,No,No,68,Yes,No,DSL,No,Yes,No,Yes,No,No,Month-to-month,Yes,Bank transfer (automatic),64.03,4351.67,No
JDLR-6377,Male,0,Yes,No,54,Yes,Yes,Fiber optic,No,Yes,No,No,Yes,Yes,Month-to-month,Yes,Electronic check,102.71,5550.77,No
WZYD-6990,Male,0,No,No,7,Yes,No,Fiber optic,No,Yes,No,Yes,No,Yes,Two year,Yes,Credit card (automatic),55.11,381.55,No
TRYP-4235,Female,0,No,No,55,Yes,Yes,Fiber optic,No,No,No,Yes,Yes,No,Month-to-month,No,Electronic check,98.5,5412.84,Yes
ZQGX-6683,Female,1,No,No,54,Yes,No,DSL,Yes,Yes,Yes,No,Yes,No,One year,Yes,Mailed check,27.99,1509.06,No
NPWI-4143,Male,0,No,Yes,42,Yes,No,Fiber optic,Yes,Yes,No,No,Yes,Yes,Month-to-month,No,Mailed check,90.43,3796.14,No
HOUY-8295,Male,0,No,No,55,Yes,No,Fiber optic,No,No,Yes,Yes,Yes,No,One year,No,Bank transfer (automatic),90.97,5003.46,No
FDKJ-2064,Male,1,No,Yes,35,Yes,Yes,Fiber optic,Yes,No,Yes,Yes,No,Yes,Month-to-month,Yes,Electronic check,83.46,2918.58,Yes
NZGQ-7262,Female,0,Yes,No,17,Yes,Yes,DSL,Yes,No,Yes,No,No,Yes,Month-to-month,Yes,Electronic check,66.48,1130.39,Yes
CZYR-3529,Female,0,No,No,30,Yes,Yes,Fiber optic,No,Yes,No,No,Yes,No,Two year,Yes,Electronic check,99.73,2989.3,No
ZGGE-2133,Male,0,No,Yes,7,Yes,Yes,DSL,No,Yes,Yes,Yes,No,Yes,Month-to-month,No,Mailed check,40.46,287.21,No
XHUM-5704,Male,0,Yes,No,18,Yes,Yes,DSL,No,Yes,No,No,Yes,No,Month-to-month,Yes,Credit card (automatic),30.84,563.94,No
TDKR-9056,Male,0,No,No,21,Yes,No,DSL,No,No,No,No,Yes,No,Month-to-month,Yes,Bank transfer (automatic),70.05,1479.98,No
UPOH-8138,Female,0,Yes,Yes,65,Yes,No,DSL,Yes,No,No,Yes,Yes,Yes,One year,No,Mailed check,47.95,3116.04,No
ESVC-4259,Female,0,No,No,10,Yes,Yes,No,No internet service,No internet service,No internet service,No internet service,No internet service,No internet service,Month-to-month,No,Credit card (automatic),24.97,251.89,No
EYCV-7651,Male,0,No,Yes,66,No,No phone service,Fiber optic,Yes,No,No,Yes,Yes,No,One year,No,Credit card (automatic),52.06,3430.13,No
WHAY-3796,Male,0,Yes,No,32,Yes,No,Fiber optic,No,Yes,No,Yes,Yes,No,Month-to-month,Yes,Mailed check,98.93,3166.82,No
NMJW-1031,Female,0,Yes,No,52,Yes,Yes,Fiber optic,Yes,No,No,No,No,No,Two year,No,Credit card (automatic),107.27,5571.97,No
HJPW-7508,Male,0,No,No,44,Yes,No,Fiber optic,No,Yes,No,No,No,No,Month-to-month,No,Electronic check,78.17,3440.64,Yes
FMZQ-0757,Male,0,Yes,Yes,66,Yes,Yes,No,No internet service,No internet service,No internet service,No internet service,No internet service,No internet service,Two year,Yes,Credit card (automatic),20.9,1375.88,No
XKNX-9669,Male,0,No,No,38,Yes,Yes,DSL,No,Yes,No,Yes,No,No,Two year,Yes,Credit card (automatic),30.13,1146.66,No
DYRY-9213,Female,0,Yes,No,36,Yes,Yes,DSL,No,No,Yes,Yes,Yes,No,Month-to-month,Yes,Mailed check,63.62,2285.67,No
URQJ-4849,Male,0,Yes,No,49,Yes,No,No,No internet service,No internet service,No internet service,No internet service,No internet service,No internet service,Month-to-month,Yes,Credit card (automatic),28.06,1374.8,No
INMZ-5233,Female,0,Yes,No,27,No,No phone service,No,No internet service,No internet service,No internet service,No internet service,No internet service,No internet service,Month-to-month,Yes,Electronic check,27.76,744.0,No
QSCN-0808,Male,0,Yes,No,13,Yes,Yes,Fiber optic,No,Yes,No,No,No,No,Month-to-month,Yes,Electronic check,57.11,737.97,No
QPRB-5602,Female,0,No,No,51,Yes,No,Fiber optic,No,Yes,No,No,Yes,No,Month-to-month,Yes,Bank transfer (automatic),106.11,5409.95,No
BHYB-1983,Female,0,Yes,Yes,29,Yes,Yes,DSL,No,Yes,Yes,Yes,No,No,One year,Yes,Credit card (automatic),26.49,773.24,No
UYFZ-8869,Male,0,No,No,29,Yes,No,Fiber optic,No,No,Yes,No,No,Yes,Month-to-month,No,Electronic check,53.57,1558.21,Yes
YEPE-7938,Female,0,No,No,26,Yes,No,Fiber optic,Yes,Yes,No,No,Yes,No,Month-to-month,Yes,Credit card (automatic),97.27,2523.83,No
WGST-6420,Female,1,Yes,Yes,65,Yes,Yes,DSL,No,No,Yes,No,Yes,No,One year,Yes,Bank transfer (automatic),73.51,4774.91,No
GVJW-1317,Male,1,No,No,38,Yes,Yes,No,No internet service,No internet service,No internet service,No internet service,No internet service,No internet service,One year,Yes,Credit card (automatic),22.54,862.2,No
WABB-3201,Male,0,Yes,No,41,Yes,No,DSL,No,No,No,No,No,No,Month-to-month,Yes,Mailed check,42.49,1738.54,No
PKYM-0861,Female,0,No,No,27,Yes,Yes,No,No internet service,No internet service,No internet service,No internet service,No internet service,No internet service,One year,No,Credit card (automatic),26.77,726.59,Yes
BUED-9923,Male,0,No,No,62,Yes,No,No,No internet service,No internet service,No internet service,No internet service,No internet service,No internet service,Month-to-month,No,Mailed check,20.36,1265.41,No
JTRU-4490,Male,0,No,No,54,Yes,No,No,No internet service,No internet service,No internet service,No internet service,No internet service,No internet service,Month-to-month,No,Credit card (automatic),27.9,1511.44,No
FKBG-3444,Male,0,No,Yes,17,Yes,Yes,Fiber optic,Yes,No,Yes,No,No,Yes,Two year,No,Electronic check,45.87,778.41,No
RUSD-1387,Male,1,No,No,33,Yes,No,DSL,No,No,No,Yes,Yes,No,Two year,Yes,Credit card (automatic),71.25,2353.34,No
MSQA-5230,Male,1,No,No,56,Yes,No,DSL,No,No,No,No,No,Yes,Two year,Yes,Mailed check,67.28,3763.95,No
HQUV-1660,Male,0,No,Yes,44,Yes,No,DSL,Yes,Yes,Yes,No,Yes,No,One year,Yes,Credit card (automatic),73.52,3238.67,No
DLMD-4006,Male,0,Yes,Yes,37,No,No phone service,Fiber optic,No,Yes,No,Yes,Yes,No,Month-to-month,Yes,Electronic check,107.83,4000.62,No
IAPR-5518,Female,0,Yes,Yes,22,Yes,No,No,No internet service,No internet service,No internet service,No internet service,No internet service,No internet service,Month-to-month,No,Credit card (automatic),25.52,556.63,No
DMWV-2768,Male,0,No,No,30,Yes,No,DSL,No,Yes,No,Yes,No,Yes,Two year,No,Bank transfer (automatic),64.65,1943.86,No
PCQR-0491,Male,0,No,No,8,Yes,No,No,No internet service,No internet service,No internet service,No internet service,No internet service,No internet service,Two year,Yes,Credit card (automatic),28.12,227.4,No
PSHO-9434,Male,0,Yes,Yes,34,Yes,No,Fiber optic,No,Yes,No,Yes,No,Yes,Month-to-month,No,Electronic check,57.25,1949.21,Yes
ZVLW-8038,Male,0,Yes,No,24,Yes,No,DSL,Yes,No,No,Yes,Yes,No,One year,Yes,Bank transfer (automatic),63.11,1518.53,No
EXLA-3800,Male,0,No,No,38,Yes,Yes,Fiber optic,No,Yes,Yes,Yes,No,Yes,Month-to-month,Yes,Credit card (automatic),100.59,3824.81,Yes
DNSG-2091,Male,0,No,No,29,Yes,No,No,No internet service,No internet service,No internet service,No internet service,No internet service,No internet service,Month-to-month,Yes,Credit card (automatic),28.4,824.11,No
ZDQQ-7673,Female,0,Yes,No,4,Yes,No,DSL,No,Yes,Yes,Yes,No,No,One year,No,Electronic check,70.37,288.83,No
FSXD-2356,Male,0,No,No,27,Yes,Yes,No,No internet service,No internet service,No internet service,No internet service,No internet service,No internet service,Month-to-month,Yes,Mailed check,21.98,595.45,No
GNLP-3761,Female,0,Yes,Yes,6,Yes,No,Fiber optic,No,Yes,Yes,Yes,No,Yes,Month-to-month,No,Credit card (automatic),73.79,444.87,Yes
MHYU-3335,Female,0,Yes,Yes,41,Yes,No,DSL,No,Yes,Yes,No,Yes,No,One year,No,Credit card (automatic),30.54,1253.79,No
DPWW-4497,Female,1,No,No,41,Yes,No,Fiber optic,Yes,No,No,No,No,Yes,Two year,Yes,Bank transfer (automatic),56.3,2306.89,No
GNGV-6691,Female,0,No,No,56,Yes,No,Fiber optic,Yes,No,No,No,No,No,One year,No,Mailed check,94.49,5296.69,No
JRNJ-6966,Male,0,Yes,No,63,Yes,Yes,DSL,Yes,No,Yes,Yes,Yes,Yes,Month-to-month,No,Bank transfer (automatic),28.11,1766.21,No
EANR-8779,Male,0,No,No,62,Yes,No,DSL,No,No,Yes,Yes,No,Yes,Month-to-month,No,Mailed check,43.88,2724.27,No
QFOO-8723,Male,0,Yes,No,17,Yes,Yes,Fiber optic,Yes,No,Yes,No,Yes,Yes,Month-to-month,No,Bank transfer (automatic),100.18,1710.88,No
OCFY-7931,Female,0,No,No,44,Yes,Yes,DSL,Yes,No,No,Yes,Yes,Yes,One year,No,Bank transfer (automatic),43.5,1911.85,No
MXHN-5780,Male,0,Yes,Yes,19,Yes,Yes,Fiber optic,No,No,No,No,No,No,Month-to-month,Yes,Electronic check,72.44,1373.21,No
YBMA-7737,Female,1,Yes,Yes,1,Yes,Yes,DSL,No,Yes,No,Yes,Yes,No,Two year,Yes,Bank transfer (automatic),70.74,65.86,No
WBUZ-3204,Female,0,No,Yes,63,Yes,No,Fiber optic,Yes,No,Yes,No,No,No,Month-to-month,No,Electronic check,47.34,2978.59,No
ZHLY-6000,Male,0,No,No,29,Yes,Yes,Fiber optic,No,No,No,No,No,No,Two year,No,Mailed check,45.31,1308.13,No
BQTZ-8336,Female,0,Yes,No,21,Yes,No,No,No internet service,No internet service,No internet service,No internet service,No internet service,No internet service,Two year,Yes,Mailed check,18.91,393.23,No
NIWA-0330,Male,0,Yes,No,33,Yes,No,Fiber optic,Yes,Yes,No,No,Yes,Yes,Month-to-month,Yes,Credit card (automatic),71.39,2361.14,No
VJBU-7286,Female,1,Yes,Yes,34,Yes,Yes,DSL,Yes,No,No,No,Yes,Yes,Month-to-month,Yes,Electronic check,42.32,1433.99,No
IQUM-2336,Female,0,No,No,68,Yes,Yes,Fiber optic,No,No,Yes,Yes,Yes,Yes,One year,Yes,Bank transfer (automatic),76.02,5174.11,No
ZKXK-9496,Male,0,No,No,56,Yes,Yes,Fiber optic,No,No,No,No,No,Yes,Month-to-month,No,Credit card (automatic),87.21,4875.2,Yes
SSSL-3547,Female,0,No,Yes,14,No,No phone service,Fiber optic,Yes,Yes,No,No,No,No,Two year,Yes,Electronic check,104.5,1465.92,No
NLUK-4914,Male,0,No,No,38,Yes,Yes,Fiber optic,Yes,No,No,Yes,Yes,Yes,Month-to-month,Yes,Electronic check,97.87,3702.77,No
PLWB-5648,Male,0,No,Yes,27,Yes,No,Fiber optic,No,No,No,Yes,No,Yes,One year,Yes,Credit card (automatic),106.1,2867.82,Yes
DMJQ-7767,Male,0,Yes,Yes,11,Yes,No,DSL,Yes,Yes,No,No,Yes,No,Two year,No,Bank transfer (automatic),32.8,360.34,No
RCYQ-7764,Female,0,Yes,Yes,66,Yes,No,DSL,Yes,No,No,Yes,No,No,Two year,Yes,Credit card (automatic),27.04,1778.04,No
DZJM-9950,Male,0,Yes,No,9,Yes,No,Fiber optic,Yes,Yes,Yes,No,No,No,One year,No,Mailed check,45.44,411.93,Yes
UTTG-8774,Male,0,Yes,Yes,6,Yes,No,No,No internet service,No internet service,No internet service,No internet service,No internet service,No internet service,Two year,Yes,Electronic check,23.13,134.72,No
VRPK-2412,Male,0,Yes,No,42,Yes,Yes,Fiber optic,No,No,No,No,No,No,Two year,Yes,Credit card (automatic),67.62,2830.03,No
DVEJ-3144,Male,1,No,Yes,19,Yes,Yes,Fiber optic,No,Yes,No,No,No,No,Two year,Yes,Mailed check,85.48,1621.74,No
WADU-7704,Female,0,No,No,46,No,No phone service,No,No internet service,No internet service,No internet service,No internet service,No internet service,No internet service,Month-to-month,Yes,Electronic check,28.25,1289.6,Yes
JQQR-1832,Male,0,Yes,Yes,27,Yes,No,No,No internet service,No internet service,No internet service,No internet service,No internet service,No internet service,Month-to-month,No,Electronic check,26.32,707.75,No
KQLB-5843,Male,0,No,No,17,Yes,Yes,DSL,No,No,Yes,Yes,No,Yes,Month-to-month,No,Credit card (automatic),50.82,860.17,No
UIWH-3754,Male,0,No,No,56,Yes,No,DSL,No,Yes,Yes,No,No,No,Month-to-month,Yes,Bank transfer (automatic),59.07,3305.1,Yes
WFCE-8636,Male,0,No,No,50,Yes,Yes,Fiber optic,No,No,Yes,Yes,Yes,No,Month-to-month,No,Bank transfer (automatic),73.95,3695.83,No
EKOB-5675,Male,1,Yes,No,36,Yes,Yes,Fiber optic,Yes,Yes,No,No,No,Yes,Month-to-month,No,Bank transfer (automatic),64.05,2308.13,No
XGRV-8536,Female,0,No,No,7,Yes,Yes,Fiber optic,No,No,Yes,Yes,No,Yes,Two year,No,Credit card (automatic),106.95,743.42,No
CEAO-9278,Male,1,Yes,No,69,No,No phone service,No,No internet service,No internet service,No internet service,No internet service,No internet service,No internet service,Month-to-month,No,Electronic check,18.52,1278.59,No
IOJB-3420,Female,0,No,Yes,43,Yes,Yes,Fiber optic,Yes,Yes,Yes,Yes,Yes,Yes,Month-to-month,No,Bank transfer (automatic),107.34,4619.66,Yes
VOZR-8086,Male,0,Yes,No,64,No,No phone service,DSL,No,No,Yes,No,No,Yes,Two year,No,Credit card (automatic),71.5,4570.16,No
KMZB-5714,Female,0,Yes,Yes,49,Yes,Yes,Fiber optic,No,No,No,Yes,No,Yes,Two year,Yes,Electronic check,60.48,2963.05,No
LKFC-1521,Male,0,No,Yes,18,Yes,No,No,No internet service,No internet service,No internet service,No internet service,No internet service,No internet service,One year,Yes,Bank transfer (automatic),20.15,361.17,No
AXAL-4526,Female,0,Yes,No,48,Yes,No,DSL,No,No,No,No,No,Yes,Two year,Yes,Electronic check,72.7,3488.88,No
BGBU-6230,Female,0,Yes,Yes,66,Yes,Yes,No,No internet service,No internet service,No internet service,No internet service,No internet service,No internet service,Month-to-month,Yes,Credit card (automatic),26.6,1746.51,No
PCYJ-4712,Male,1,No,Yes,45,Yes,No,No,No internet service,No internet service,No internet service,No internet service,No internet service,No internet service,Month-to-month,No,Bank transfer (automatic),22.26,1005.57,No
GJTI-6039,Female,0,No,No,69,Yes,Yes,Fiber optic,No,Yes,No,Yes,No,Yes,Month-to-month,Yes,Mailed check,84.53,5830.6,No
FVZV-4212,Male,0,Yes,Yes,29,Yes,Yes,DSL,Yes,Yes,No,No,Yes,No,Month-to-month,Yes,Electronic check,35.12,1011.89,No
ISSQ-1217,Male,1,No,Yes,36,Yes,No,DSL,No,Yes,Yes,No,No,No,One year,Yes,Credit card (automatic),31.69,1140.43,No
FGAF-1526,Female,0,No,No,69,Yes,No,DSL,No,Yes,No,No,No,No,Two year,Yes,Electronic check,48.56,3348.94,No
SICW-3717,Female,1,Yes,Yes,46,Yes,No,Fiber optic,No,Yes,Yes,No,Yes,No,Month-to-month,No,Bank transfer (automatic),78.03,3592.88,No
IMHV-9060,Female,0,Yes,No,29,Yes,No,DSL,No,Yes,Yes,No,No,Yes,One year,No,Bank transfer (automatic),39.21,1133.59,No
WRXB-2204,Male,0,No,No,72,Yes,No,No,No internet service,No internet service,No internet service,No internet service,No internet service,No internet service,Month-to-month,Yes,Bank transfer (automatic),28.78,2069.87,No
UJUN-8552,Female,0,No,No,33,Yes,No,Fiber optic,No,No,No,Yes,Yes,No,Month-to-month,No,Electronic check,51.08,1679.6,Yes
UJWC-1424,Female,0,No,No,60,Yes,Yes,No,No internet service,No internet service,No internet service,No internet service,No internet service,No internet service,Month-to-month,Yes,Electronic check,24.11,1439.58,No
YKJQ-3941,Female,0,Yes,Yes,34,Yes,Yes,No,No internet service,No internet service,No internet service,No internet service,No internet service,No internet service,Two year,Yes,Electronic check,20.99,715.8,No
RANH-1213,Male,0,No,No,65,Yes,Yes,No,No internet service,No internet service,No internet service,No internet service,No internet service,No internet service,Two year,No,Electronic check,25.24,1642.57,No
ASUJ-0353,Male,0,Yes,No,12,Yes,Yes,Fiber optic,No,Yes,No,No,Yes,Yes,Month-to-month,No,Bank transfer (automatic),94.19,1129.56,Yes
GGVY-1977,Female,0,Yes,No,59,Yes,No,Fiber optic,Yes,Yes,Yes,No,No,Yes,Month-to-month,No,Bank transfer (automatic),99.8,5884.21,No
JNNT-5540,Female,0,Yes,No,8,Yes,Yes,No,No internet service,No internet service,No internet service,No internet service,No internet service,No internet service,Two year,No,Credit card (automatic),27.71,222.64,No
SGXR-2342,Female,0,Yes,No,20,Yes,Yes,Fiber optic,No,No,Yes,No,No,No,Month-to-month,No,Electronic check,59.96,1199.14,No
UXXB-5389,Male,0,Yes,No,40,Yes,No,Fiber optic,No,No,Yes,No,Yes,Yes,Two year,Yes,Bank transfer (automatic),66.61,2662.14,No
BHAF-9012,Female,1,Yes,No,64,Yes,Yes,No,No internet service,No internet service,No internet service,No internet service,No internet service,No internet service,Month-to-month,Yes,Mailed check,29.61,1902.36,No
IEJJ-1944,Female,0,Yes,No,48,Yes,No,DSL,No,Yes,No,No,No,No,Month-to-month,Yes,Electronic check,28.96,1385.42,No
ACEY-9070,Male,0,No,Yes,68,Yes,Yes,No,No internet service,No internet service,No internet service,No internet service,No internet service,No internet service,Two year,Yes,Mailed check,26.64,1808.76,No
IFQH-4666,Male,0,No,No,11,Yes,No,DSL,Yes,Yes,No,Yes,No,No,Month-to-month,Yes,Credit card (automatic),65.76,716.08,No
VHIO-1615,Female,0,No,Yes,20,Yes,Yes,Fiber optic,Yes,No,No,Yes,Yes,No,Month-to-month,Yes,Mailed check,84.22,1682.23,No
RJVR-0623,Female,0,No,Yes,60,Yes,Yes,Fiber optic,No,No,No,No,Yes,No,One year,No,Mailed check,69.79,4195.68,No
MPPV-4385,Male,1,Yes,No,38,Yes,No,Fiber optic,No,No,No,No,No,Yes,Month-to-month,Yes,Credit card (automatic),74.12,2813.46,No
FRFG-7789,Female,0,No,No,71,Yes,No,Fiber optic,No,No,No,No,No,No,One year,No,Mailed check,86.96,6171.73,No
MLSZ-6607,Male,0,Yes,No,21,Yes,No,Fiber optic,Yes,Yes,No,Yes,No,No,Month-to-month,Yes,Electronic check,63.49,1336.49,No
DUVS-4940,Female,0,No,Yes,56,Yes,No,Fiber optic,Yes,Yes,No,No,No,Yes,One year,Yes,Electronic check,53.88,3009.12,No
CSAW-0638,Female,0,No,Yes,36,Yes,No,Fiber optic,No,No,Yes,Yes,No,No,Month-to-month,No,Bank transfer (automatic),100.46,3610.1,No
WEGY-9505,Female,0,No,No,40,Yes,Yes,DSL,No,No,No,No,Yes,No,Two year,No,Credit card (automatic),52.28,2095.66,No
QMLD-7449,Male,0,No,No,6,Yes,No,DSL,Yes,No,No,No,No,No,Two year,No,Bank transfer (automatic),38.35,233.11,No
KHHA-4470,Female,0,Yes,No,32,Yes,No,Fiber optic,Yes,No,No,No,Yes,No,Month-to-month,No,Bank transfer (automatic),53.75,1710.62,Yes
WWMI-1230,Male,0,Yes,No,2,Yes,No,DSL,No,Yes,No,Yes,No,No,One year,No,Electronic check,51.45,113.13,No
GZCS-2789,Female,0,Yes,No,38,Yes,Yes,No,No internet service,No internet service,No internet service,No internet service,No internet service,No internet service,Month-to-month,No,Electronic check,21.62,825.91,No
NRZO-9085,Male,0,No,No,35,No,No phone service,No,No internet service,No internet service,No internet service,No internet service,No internet service,No internet service,Two year,Yes,Mailed check,24.95,872.26,No
OYFR-0720,Female,0,Yes,No,39,Yes,No,Fiber optic,No,No,No,Yes,No,No,Month-to-month,Yes,Electronic check,85.55,3336.19,No
PHQH-0888,Male,0,Yes,Yes,22,Yes,Yes,Fiber optic,Yes,No,No,No,Yes,Yes,One year,Yes,Mailed check,47.91,1054.74,No
SDUV-8350,Male,0,No,No,65,Yes,Yes,Fiber optic,Yes,Yes,No,No,No,Yes,Month-to-month,No,Bank transfer (automatic),97.71,6354.43,No
BHDJ-6388,Female,0,No,No,45,Yes,No,DSL,No,No,No,No,No,Yes,One year,No,Credit card (automatic),40.85,1845.87,No
DXFA-6027,Male,0,Yes,No,5,Yes,No,Fiber optic,No,Yes,No,Yes,Yes,No,Month-to-month,No,Mailed check,74.33,375.04,No
YCAA-6405,Female,0,Yes,Yes,70,Yes,Yes,No,No internet service,No internet service,No internet service,No internet service,No internet service,No internet service,One year,Yes,Electronic check,21.61,1512.12,No
VNDW-6804,Female,0,No,Yes,55,No,No phone service,DSL,Yes,No,No,No,No,Yes,Month-to-month,No,Mailed check,28.07,1545.46,No
OJCW-3300,Female,0,Yes,No,20,Yes,Yes,Fiber optic,Yes,No,No,No,No,Yes,Month-to-month,Yes,Mailed check,64.35,1287.83,No
JROB-0755,Male,0,Yes,No,66,Yes,Yes,No,No internet service,No internet service,No internet service,No internet service,No internet service,No internet service,Two year,Yes,Mailed check,24.07,1588.17,No
ZZIU-3570,Female,0,No,Yes,25,No,No phone service,No,No internet service,No internet service,No internet service,No internet service,No internet service,No internet service,Two year,No,Electronic check,25.3,626.62,Yes
GXIK-7621,Female,0,No,No,24,Yes,No,Fiber optic,Yes,No,Yes,No,Yes,Yes,Month-to-month,Yes,Bank transfer (automatic),67.93,1620.62,No
OCDT-5639,Female,0,Yes,No,63,Yes,Yes,DSL,No,No,Yes,No,No,No,Two year,Yes,Electronic check,37.36,2345.15,No
FYVN-2099,Male,1,No,No,52,Yes,No,DSL,No,Yes,Yes,No,No,Yes,Month-to-month,No,Mailed check,51.28,2662.91,No
UJJC-7901,Female,0,No,No,49,Yes,No,Fiber optic,Yes,Yes,No,No,No,No,Month-to-month,Yes,Electronic check,102.18,5006.06,Yes
SSLX-4751,Female,0,No,No,28,Yes,Yes,DSL,Yes,Yes,Yes,Yes,Yes,No,One year,No,Credit card (automatic),26.48,736.01,Yes
TIDE-4975,Female,0,Yes,No,18,Yes,No,Fiber optic,No,Yes,No,Yes,No,No,One year,No,Credit card (automatic),61.96,1109.18,No
JGVN-4426,Female,0,Yes,Yes,57,Yes,No,Fiber optic,Yes,No,No,No,No,No,Two year,Yes,Bank transfer (automatic),49.52,2825.29,No
JEWO-1874,Male,0,Yes,No,13,Yes,No,DSL,Yes,No,No,No,Yes,No,Month-to-month,Yes,Mailed check,46.46,608.11,No
BVHW-7326,Female,0,Yes,No,14,Yes,No,DSL,No,No,Yes,No,Yes,Yes,Month-to-month,No,Credit card (automatic),38.56,541.68,No
RUWA-3150,Female,0,Yes,Yes,62,Yes,No,Fiber optic,Yes,No,No,No,Yes,No,Month-to-month,Yes,Electronic check,104.67,6490.64,No
GSAX-6162,Female,0,No,No,0,Yes,Yes,DSL,Yes,No,Yes,No,No,Yes,Month-to-month,Yes,Bank transfer (automatic),48.53,0.0,No
MYXE-6200,Male,0,Yes,Yes,63,Yes,No,Fiber optic,No,Yes,No,No,Yes,No,Month-to-month,Yes,Mailed check,89.19,5623.73,No
RXAE-8816,Female,0,No,No,10,Yes,No,Fiber optic,No,No,No,Yes,No,No,One year,Yes,Electronic check,56.15,556.65,No
KASV-8916,Female,0,No,No,46,Yes,No,Fiber optic,No,No,Yes,No,Yes,Yes,Month-to-month,Yes,Electronic check,93.06,4284.47,No
TBSF-9879,Female,0,No,No,8,Yes,No,Fiber optic,No,No,Yes,No,Yes,No,Month-to-month,Yes,Electronic check,80.44,643.43,No
KITT-8717,Female,0,Yes,No,53,Yes,No,No,No internet service,No internet service,No internet service,No internet service,No internet service,No internet service,One year,No,Mailed check,22.57,1193.54,No
AIIM-7442,Female,0,No,No,26,Yes,No,No,No internet service,No internet service,No internet service,No internet service,No internet service,No internet service,Two year,No,Credit card (automatic),28.36,738.14,No
UDQP-8932,Female,0,No,No,0,Yes,No,No,No internet service,No internet service,No internet service,No internet service,No internet service,No internet service,Month-to-month,No,Electronic check,25.92,0.0,Yes
FAUP-6198,Male,0,No,No,9,Yes,Yes,DSL,Yes,Yes,Yes,Yes,Yes,No,Month-to-month,Yes,Bank transfer (automatic),40.23,372.29,Yes
OFBX-7000,Male,0,No,Yes,12,Yes,Yes,No,No internet service,No internet service,No internet service,No internet service,No internet service,No internet service,Two year,Yes,Electronic check,26.36,311.96,No
DTPH-0920,Female,0,No,Yes,28,Yes,Yes,Fiber optic,No,No,No,No,No,No,Month-to-month,No,Electronic check,101.98,2857.4,No
YJLI-6704,Male,0,Yes,Yes,4,Yes,Yes,No,No internet service,No internet service,No internet service,No internet service,No internet service,No internet service,Two year,Yes,Electronic check,27.8,111.81,No
NBPQ-2601,Male,0,Yes,Yes,52,No,No phone service,No,No internet service,No internet service,No internet service,No internet service,No internet service,No internet service,Month-to-month,No,Mailed check,29.8,1551.07,No
RDOS-2942,Male,0,No,Yes,38,No,No phone service,No,No internet service,No internet service,No internet service,No internet service,No internet service,No internet service,Two year,Yes,Mailed check,27.5,1052.62,No
KGET-2310,Female,1,No,No,51,No,No phone service,Fiber optic,No,Yes,No,Yes,No,Yes,Month-to-month,No,Electronic check,99.6,5074.44,No
SPKB-0018,Female,0,Yes,No,45,Yes,No,DSL,Yes,Yes,No,No,No,No,Month-to-month,No,Mailed check,67.13,3024.34,No
MEYX-5094,Male,0,Yes,No,38,Yes,No,No,No internet service,No internet service,No internet service,No internet service,No internet service,No internet service,Month-to-month,Yes,Electronic check,22.59,858.61,No
AWZK-7761,Female,0,Yes,No,41,Yes,No,Fiber optic,No,No,Yes,Yes,No,No,Month-to-month,Yes,Mailed check,82.21,3369.9,No
UTUJ-8377,Male,0,No,No,47,Yes,Yes,No,No internet service,No internet service,No internet service,No internet service,No internet service,No internet service,Month-to-month,No,Bank transfer (automatic),23.84,1118.73,Yes
RFEB-9360,Female,0,Yes,No,30,Yes,Yes,No,No internet service,No internet service,No internet service,No internet service,No internet service,No internet service,Month-to-month,Yes,Credit card (automatic),21.89,654.26,No
PIZA-4671,Male,0,Yes,No,70,Yes,No,No,No internet service,No internet service,No internet service,No internet service,No internet service,No internet service,Two year,No,Electronic check,24.09,1684.52,No
TBDO-5513,Female,0,No,Yes,24,Yes,No,DSL,No,No,Yes,No,Yes,Yes,One year,Yes,Electronic check,43.33,1042.59,No
DAOR-2475,Female,0,Yes,No,3,Yes,Yes,Fiber optic,No,No,No,No,No,No,Month-to-month,No,Mailed check,88.71,278.56,No
CVGF-9502,Male,0,No,No,27,Yes,No,DSL,No,Yes,Yes,No,No,No,Two year,No,Mailed check,36.63,989.76,No
GDLT-6818,Female,0,Yes,Yes,1,Yes,No,No,No internet service,No internet service,No internet service,No internet service,No internet service,No internet service,Month-to-month,Yes,Mailed check,29.77,41.36,Yes
SVDA-8571,Female,0,Yes,Yes,25,Yes,No,Fiber optic,No,Yes,No,No,No,No,Month-to-month,No,Mailed check,72.22,1808.83,Yes
GVRP-1332,Male,1,No,Yes,71,No,No phone service,Fiber optic,Yes,No,Yes,No,Yes,Yes,Two year,Yes,Credit card (automatic),69.08,4907.82,No
XWBC-9841,Female,0,No,No,42,Yes,No,No,No internet service,No internet service,No internet service,No internet service,No internet service,No internet service,One year,No,Mailed check,27.45,1152.24,No
SXTB-1576,Male,0,Yes,No,37,Yes,Yes,DSL,No,No,Yes,No,No,No,Two year,No,Electronic check,72.37,2679.05,No
TRYT-8464,Male,0,Yes,No,20,Yes,No,DSL,No,Yes,Yes,No,No,Yes,Month-to-month,Yes,Bank transfer (automatic),56.19,1126.61,No
BVPW-5297,Male,0,No,No,49,No,No phone service,DSL,No,No,Yes,No,Yes,No,Two year,Yes,Mailed check,62.68,3082.35,Yes
SEYU-6641,Male,0,No,No,16,Yes,Yes,DSL,No,No,No,No,Yes,No,Two year,Yes,Bank transfer (automatic),26.48,432.66,No
UWWD-0524,Female,0,No,No,29,Yes,No,DSL,No,No,Yes,No,No,No,Month-to-month,Yes,Bank transfer (automatic),74.73,2168.31,Yes
DMRL-6468,Female,1,Yes,No,42,Yes,No,Fiber optic,Yes,Yes,No,No,Yes,Yes,One year,No,Credit card (automatic),69.52,2915.74,No
DEIM-9344,Male,0,No,Yes,37,No,No phone service,Fiber optic,No,Yes,Yes,No,Yes,No,Month-to-month,Yes,Bank transfer (automatic),54.88,2034.89,No
HMOT-3645,Female,0,Yes,No,58,Yes,Yes,No,No internet service,No internet service,No internet service,No internet service,No internet service,No internet service,Month-to-month,Yes,Electronic check,21.46,1255.95,No
VFZE-4873,Female,0,No,No,58,Yes,Yes,Fiber optic,No,Yes,Yes,Yes,No,Yes,Month-to-month,Yes,Credit card (automatic),66.41,3854.44,No
WHIU-2395,Female,0,Yes,Yes,43,Yes,No,DSL,Yes,Yes,No,Yes,Yes,No,Two year,Yes,Mailed check,59.81,2570.06,No
JKEI-2156,Female,0,Yes,Yes,30,Yes,No,No,No internet service,No internet service,No internet service,No internet service,No internet service,No internet service,Month-to-month,Yes,Electronic check,24.92,739.79,No
UACC-3954,Male,1,Yes,No,36,No,No phone service,DSL,No,No,No,No,Yes,Yes,One year,Yes,Mailed check,58.88,2130.77,No
QOFN-8077,Female,0,Yes,Yes,46,Yes,No,DSL,No,Yes,Yes,No,Yes,No,Month-to-month,Yes,Credit card (automatic),37.25,1714.37,No
SIKM-7294,Male,0,Yes,No,70,Yes,Yes,Fiber optic,No,Yes,No,No,No,No,Month-to-month,Yes,Electronic check,109.58,7674.85,No
SEPI-3522,Male,0,Yes,Yes,70,Yes,Yes,DSL,No,No,No,No,No,Yes,Month-to-month,No,Credit card (automatic),62.08,4341.83,Yes
EHNX-2772,Female,1,No,No,34,Yes,No,DSL,Yes,No,No,No,Yes,Yes,Month-to-month,No,Credit card (automatic),44.04,1495.52,No
JZRZ-1865,Female,1,No,No,25,Yes,Yes,Fiber optic,Yes,No,No,Yes,Yes,No,Month-to-month,Yes,Electronic check,88.78,2215.36,No
PPWX-0722,Female,0,No,Yes,55,Yes,Yes,DSL,Yes,No,No,No,No,No,Two year,No,Mailed check,34.18,1887.1,No
FDDD-9872,Male,0,No,No,42,Yes,Yes,DSL,Yes,No,Yes,Yes,No,Yes,Month-to-month,No,Credit card (automatic),29.18,1213.61,No
QQAT-5327,Male,0,Yes,No,18,Yes,Yes,Fiber optic,No,No,No,No,Yes,Yes,One year,Yes,Credit card (automatic),98.64,1770.64,No
HVYJ-0750,Female,1,No,No,21,Yes,Yes,Fiber optic,No,Yes,Yes,No,No,Yes,One year,Yes,Electronic check,61.8,1295.38,No
TUGX-8598,Female,0,No,No,56,Yes,Yes,No,No internet service,No internet service,No internet service,No internet service,No internet service,No internet service,Month-to-month,Yes,Electronic check,21.99,1233.42,No
TXCD-9358,Male,0,No,No,64,Yes,No,DSL,Yes,Yes,No,No,Yes,Yes,One year,No,Bank transfer (automatic),68.29,4374.24,No
VAEI-4527,Male,0,Yes,Yes,33,No,No phone service,Fiber optic,Yes,No,Yes,Yes,Yes,No,Month-to-month,Yes,Electronic check,99.51,3278.78,No
JKMT-3498,Female,0,Yes,Yes,49,Yes,No,DSL,Yes,Yes,Yes,No,No,No,Month-to-month,Yes,Electronic check,57.22,2811.34,No
XGUI-8991,Female,0,Yes,Yes,31,Yes,No,Fiber optic,No,No,Yes,Yes,No,Yes,Month-to-month,No,Mailed check,56.98,1775.63,Yes
DHNQ-4711,Female,0,Yes,No,52,Yes,Yes,Fiber optic,No,No,Yes,Yes,No,No,Month-to-month,Yes,Mailed check,57.8,3007.28,No
MHZL-8674,Male,0,Yes,No,50,Yes,No,Fiber optic,No,No,Yes,No,Yes,No,Two year,Yes,Mailed check,47.84,2389.68,No
ATRC-2893,Male,1,No,Yes,19,No,No phone service,Fiber optic,No,No,No,Yes,No,Yes,Month-to-month,Yes,Credit card (automatic),76.1,1438.17,No
BSCN-6753,Female,0,Yes,No,57,Yes,Yes,DSL,No,Yes,No,Yes,Yes,Yes,One year,No,Mailed check,37.17,2116.87,No
FKQJ-7041,Male,1,No,No,44,Yes,No,DSL,Yes,Yes,No,Yes,Yes,No,Month-to-month,Yes,Mailed check,47.54,2098.82,No
FYED-1257,Male,0,Yes,No,49,No,No phone service,DSL,No,No,Yes,No,Yes,Yes,Month-to-month,Yes,Mailed check,40.11,1965.58,No
NHUU-9265,Male,0,No,No,7,Yes,Yes,No,No internet service,No internet service,No internet service,No internet service,No internet service,No internet service,Two year,Yes,Electronic check,20.3,148.8,No
OQDV-5259,Female,0,Yes,No,20,No,No phone service,Fiber optic,Yes,No,No,No,Yes,No,Month-to-month,Yes,Mailed check,46.54,926.03,Yes
FYIB-3837,Female,1,Yes,No,17,Yes,No,No,No internet service,No internet service,No internet service,No internet service,No internet service,No internet service,Month-to-month,Yes,Credit card (automatic),26.29,440.6,No
ZSSY-9709,Female,0,Yes,No,14,Yes,No,Fiber optic,No,Yes,Yes,No,No,No,Two year,Yes,Mailed check,66.85,932.03,No
RCKR-2756,Male,0,Yes,No,9,Yes,Yes,No,No internet service,No internet service,No internet service,No internet service,No internet service,No internet service,One year,No,Electronic check,29.71,268.85,No
JOJV-0209,Male,0,Yes,No,62,Yes,No,Fiber optic,No,Yes,No,Yes,Yes,No,One year,Yes,Bank transfer (automatic),88.04,5453.75,No
LYIE-3882,Female,0,No,No,19,Yes,No,DSL,Yes,Yes,No,Yes,Yes,Yes,Month-to-month,No,Mailed check,29.93,565.88,No
UCZR-0917,Female,0,Yes,Yes,61,No,No phone service,Fiber optic,Yes,Yes,Yes,No,Yes,Yes,Month-to-month,No,Bank transfer (automatic),79.65,4854.26,Yes
KXCW-6182,Male,0,Yes,No,51,No,No phone service,Fiber optic,No,No,No,No,Yes,No,Month-to-month,No,Credit card (automatic),60.53,3079.53,No
BSBO-7424,Female,0,Yes,No,29,No,No phone service,DSL,No,No,Yes,No,Yes,Yes,Month-to-month,Yes,Mailed check,45.96,1336.18,Yes
KXGF-0900,Male,0,Yes,No,2,Yes,No,DSL,No,No,No,No,No,No,One year,No,Credit card (automatic),55.73,106.22,No
NJHH-6530,Female,0,No,No,0,Yes,Yes,Fiber optic,No,No,No,Yes,Yes,No,Month-to-month,No,Mailed check,68.56,0.0,No
OYOA-3264,Female,0,No,No,9,Yes,No,Fiber optic,No,Yes,Yes,No,No,Yes,Two year,Yes,Mailed check,85.12,773.44,No
EDQU-3971,Female,0,No,No,48,Yes,No,Fiber optic,No,No,No,No,Yes,No,Two year,Yes,Credit card (automatic),88.98,4274.44,No
HADS-4443,Male,0,No,Yes,64,Yes,No,Fiber optic,No,Yes,No,Yes,No,No,Two year,No,Mailed check,76.18,4878.87,No
XSLT-0601,Female,0,Yes,No,32,Yes,Yes,Fiber optic,Yes,No,Yes,No,Yes,Yes,One year,Yes,Mailed check,98.66,3158.44,No
KGQC-5551,Female,0,Yes,Yes,34,Yes,Yes,DSL,Yes,No,Yes,No,No,No,One year,Yes,Bank transfer (automatic),69.55,2363.34,No
RVJE-6647,Female,0,No,Yes,36,Yes,Yes,DSL,Yes,No,No,No,Yes,No,One year,No,Credit card (automatic),72.69,2620.48,No
ZVOU-3634,Male,0,No,Yes,50,No,No phone service,Fiber optic,Yes,No,No,No,Yes,No,Month-to-month,No,Bank transfer (automatic),50.96,2545.79,Yes
UAOQ-2211,Male,0,No,Yes,53,Yes,No,Fiber optic,No,No,Yes,Yes,No,Yes,Two year,No,Mailed check,47.1,2498.09,No
FMQF-4546,Female,0,Yes,No,62,Yes,Yes,Fiber optic,Yes,No,Yes,No,Yes,Yes,One year,Yes,Electronic check,97.85,6063.24,No
AMSV-0632,Female,0,Yes,No,45,No,No phone service,Fiber optic,No,No,No,No,No,No,Month-to-month,Yes,Electronic check,58.05,2611.0,Yes
ZYAH-0497,Female,0,Yes,No,45,No,No phone service,No,No internet service,No internet service,No internet service,No internet service,No internet service,No internet service,Month-to-month,Yes,Electronic check,28.74,1292.69,No
VWXF-5547,Female,0,No,Yes,49,Yes,No,Fiber optic,No,No,No,No,No,Yes,Month-to-month,No,Bank transfer (automatic),96.88,4750.66,No
MRWD-0423,Female,0,No,No,6,Yes,No,DSL,No,No,Yes,Yes,No,Yes,Month-to-month,Yes,Bank transfer (automatic),59.93,361.57,No
WENO-3059,Male,0,No,No,60,Yes,No,DSL,Yes,No,No,No,No,Yes,One year,Yes,Electronic check,46.88,2807.3,No
VWPQ-3895,Male,0,Yes,Yes,11,No,No phone service,Fiber optic,No,Yes,Yes,Yes,Yes,Yes,Month-to-month,Yes,Electronic check,88.15,974.24,Yes
RTFD-9625,Male,1,Yes,No,37,Yes,No,DSL,Yes,No,No,No,No,No,Month-to-month,No,Electronic check,63.78,2355.09,No
MLTC-2129,Female,0,Yes,No,38,Yes,Yes,No,No internet service,No internet service,No internet service,No internet service,No internet service,No internet service,Month-to-month,Yes,Bank transfer (automatic),26.85,1025.91,No
QOSI-3270,Male,0,No,No,20,Yes,No,No,No internet service,No internet service,No internet service,No internet service,No internet service,No internet service,Month-to-month,Yes,Bank transfer (automatic),27.84,557.7,No
UAGU-1060,Female,0,Yes,No,22,Yes,Yes,Fiber optic,No,No,Yes,No,No,No,Month-to-month,Yes,Credit card (automatic),82.2,1803.18,No
CKFF-6061,Male,0,Yes,No,43,Yes,Yes,Fiber optic,Yes,No,No,No,Yes,No,Two year,No,Electronic check,52.37,2252.48,No
VXUZ-2773,Female,1,Yes,Yes,43,Yes,No,No,No internet service,No internet service,No internet service,No internet service,No internet service,No internet service,Month-to-month,No,Electronic check,22.54,966.71,Yes
HUKU-2688,Male,0,No,No,20,Yes,No,Fiber optic,No,No,Yes,No,No,Yes,Month-to-month,Yes,Credit card (automatic),90.08,1797.6,No
AAZL-4030,Female,0,No,No,60,Yes,Yes,DSL,No,Yes,No,No,Yes,No,Month-to-month,No,Bank transfer (automatic),72.93,4380.05,No
OBRP-3718,Male,0,No,No,23,No,No phone service,DSL,Yes,No,Yes,Yes,Yes,No,One year,Yes,Credit card (automatic),44.89,1030.04,No
OIBQ-9981,Male,0,Yes,No,30,Yes,No,DSL,No,Yes,Yes,No,Yes,Yes,Month-to-month,No,Mailed check,33.21,996.26,No
XSQK-0916,Female,0,Yes,No,4,Yes,Yes,No,No internet service,No internet service,No internet service,No internet service,No internet service,No internet service,Month-to-month,Yes,Credit card (automatic),23.69,89.18,No
FPRT-1023,Female,0,Yes,No,64,Yes,No,DSL,Yes,No,No,No,Yes,No,Month-to-month,Yes,Electronic check,53.86,3448.58,Yes
JUEO-6978,Female,0,Yes,No,36,Yes,No,Fiber optic,No,Yes,Yes,No,Yes,Yes,Month-to-month,Yes,Bank transfer (automatic),90.04,3243.52,No
LGEY-7989,Female,1,No,No,31,Yes,Yes,DSL,No,No,Yes,Yes,Yes,No,Month-to-month,Yes,Bank transfer (automatic),44.67,1387.36,No
HVTY-8998,Female,0,No,No,65,Yes,Yes,No,No internet service,No internet service,No internet service,No internet service,No internet service,No internet service,Two year,Yes,Bank transfer (automatic),20.57,1333.61,No
ZCSK-5554,Male,0,No,No,33,Yes,No,Fiber optic,No,Yes,No,No,No,Yes,Month-to-month,Yes,Electronic check,93.52,3079.97,Yes
NUBW-3273,Male,0,Yes,Yes,28,Yes,Yes,DSL,Yes,Yes,No,Yes,No,No,Month-to-month,Yes,Electronic check,45.9,1285.39,No
OTXQ-8615,Male,1,Yes,Yes,4,Yes,No,No,No internet service,No internet service,No internet service,No internet service,No internet service,No internet service,Two year,Yes,Bank transfer (automatic),29.75,124.56,No
XEVL-9758,Female,1,No,Yes,29,No,No phone service,No,No internet service,No internet service,No internet service,No internet service,No internet service,No internet service,One year,No,Electronic check,19.8,575.02,No
OLYY-5824,Male,0,No,No,44,No,No phone service,DSL,Yes,No,No,No,Yes,Yes,Month-to-month,Yes,Bank transfer (automatic),51.25,2260.61,Yes
BMMH-3554,Male,1,No,No,17,Yes,No,No,No internet service,No internet service,No internet service,No internet service,No internet service,No internet service,Month-to-month,Yes,Credit card (automatic),29.21,494.58,No
LLQG-9709,Male,0,No,No,36,Yes,Yes,No,No internet service,No internet service,No internet service,No internet service,No internet service,No internet service,Two year,No,Mailed check,25.51,913.23,No
WTFI-4741,Male,1,No,No,10,Yes,No,Fiber optic,No,Yes,Yes,Yes,No,No,One year,Yes,Bank transfer (automatic),68.21,675.12,Yes
TNBW-6260,Female,1,Yes,No,3,Yes,No,Fiber optic,No,Yes,No,Yes,No,No,Month-to-month,No,Electronic check,45.34,141.42,Yes
AIVN-4550,Female,0,No,Yes,45,Yes,No,DSL,No,Yes,Yes,No,No,Yes,Month-to-month,Yes,Bank transfer (automatic),59.25,2671.76,No
UYDC-0123,Male,0,Yes,No,2,Yes,Yes,Fiber optic,No,No,Yes,No,No,No,One year,Yes,Electronic check,102.37,204.94,No
WVHY-5631,Male,0,No,Yes,52,Yes,Yes,Fiber optic,No,No,No,No,No,No,One year,No,Mailed check,68.86,3579.65,No
YYOT-2952,Male,0,No,No,23,Yes,No,Fiber optic,No,Yes,No,No,Yes,Yes,Two year,Yes,Credit card (automatic),97.68,2249.47,No
ATAB-2793,Male,0,Yes,Yes,7,Yes,Yes,Fiber optic,No,Yes,Yes,No,Yes,No,One year,Yes,Mailed check,81.51,575.1,No
DMZI-6123,Male,0,No,Yes,5,Yes,Yes,DSL,No,Yes,No,No,No,No,Two year,No,Electronic check,67.51,340.45,No
TJXZ-9528,Male,0,No,Yes,72,Yes,Yes,Fiber optic,Yes,Yes,Yes,No,Yes,Yes,Month-to-month,No,Bank transfer (automatic),54.41,3915.83,No
JPHI-4234,Female,0,No,No,17,No,No phone service,Fiber optic,No,Yes,No,No,No,Yes,Month-to-month,No,Bank transfer (automatic),105.96,1805.59,Yes
IYNS-6534,Male,1,Yes,Yes,5,Yes,Yes,No,No internet service,No internet service,No internet service,No internet service,No internet service,No internet service,One year,Yes,Credit card (automatic),19.2,103.66,No
JRKG-3151,Male,0,No,Yes,38,Yes,Yes,Fiber optic,No,No,Yes,Yes,Yes,No,One year,No,Bank transfer (automatic),77.21,2926.69,No
ZBWA-6940,Male,0,Yes,No,0,Yes,No,Fiber optic,Yes,No,No,No,No,Yes,Two year,No,Credit card (automatic),95.03,0.0,No
FGQI-6024,Male,1,No,No,14,Yes,No,Fiber optic,No,No,No,No,Yes,No,One year,Yes,Electronic check,61.83,868.2,No
TRAD-6387,Male,0,No,Yes,13,Yes,Yes,No,No internet service,No internet service,No internet service,No internet service,No internet service,No internet service,One year,Yes,Bank transfer (automatic),24.61,319.89,No
HELA-8159,Male,0,No,No,45,Yes,Yes,DSL,No,Yes,Yes,No,No,No,Month-to-month,No,Electronic check,35.19,1579.57,No
NUZH-2559,Male,1,Yes,No,40,Yes,No,No,No internet service,No internet service,No internet service,No internet service,No internet service,No internet service,One year,Yes,Credit card (automatic),26.88,1073.51,Yes
SLLO-6348,Male,0,No,Yes,5,Yes,No,No,No internet service,No internet service,No internet service,No internet service,No internet service,No internet service,Two year,No,Electronic check,23.9,121.25,Yes
VPZM-3789,Male,0,No,No,19,No,No phone service,DSL,No,No,Yes,No,No,No,Month-to-month,Yes,Credit card (automatic),45.48,863.98,No
UROO-5740,Male,0,No,No,67,Yes,Yes,No,No internet service,No internet service,No internet service,No internet service,No internet service,No internet service,Two year,Yes,Credit card (automatic),29.57,1986.13,No
XYQX-9131,Female,1,No,Yes,39,Yes,Yes,Fiber optic,No,No,Yes,Yes,Yes,No,One year,No,Credit card (automatic),52.89,2059.63,No
BJCH-3692,Male,0,No,No,18,Yes,No,Fiber optic,Yes,Yes,No,Yes,No,Yes,Month-to-month,Yes,Credit card (automatic),91.73,1649.63,No
ZONP-2155,Male,0,No,No,68,Yes,No,No,No internet service,No internet service,No internet service,No internet service,No internet service,No internet service,Month-to-month,Yes,Electronic check,25.13,1702.48,No
QWNN-3271,Female,0,Yes,No,1,Yes,No,Fiber optic,No,No,Yes,Yes,No,Yes,One year,Yes,Electronic check,86.85,89.82,No
IMHP-7231,Male,0,Yes,No,43,Yes,No,DSL,Yes,No,No,Yes,No,No,Month-to-month,Yes,Electronic check,25.86,1107.78,No
BTVU-0905,Male,0,No,No,52,Yes,Yes,Fiber optic,No,No,No,Yes,No,No,Month-to-month,Yes,Electronic check,101.66,5290.83,No
CSGM-0092,Male,0,Yes,No,5,Yes,Yes,DSL,Yes,No,No,Yes,No,Yes,Two year,No,Mailed check,60.41,304.83,No
NXAP-9383,Male,1,No,Yes,42,Yes,No,No,No internet service,No internet service,No internet service,No internet service,No internet service,No internet service,Month-to-month,No,Mailed check,25.1,1052.97,No
JHWC-6692,Female,0,No,No,18,No,No phone service,DSL,No,No,No,Yes,No,Yes,Month-to-month,Yes,Credit card (automatic),30.05,537.27,No
BOIO-0631,Male,0,Yes,No,17,Yes,No,Fiber optic,No,Yes,Yes,Yes,No,No,Month-to-month,Yes,Electronic check,50.73,867.66,No
ORXW-6497,Male,1,No,No,29,Yes,No,No,No internet service,No internet service,No internet service,No internet service,No internet service,No internet service,Two year,Yes,Electronic check,23.94,692.85,No
BBEA-5356,Male,0,Yes,No,70,No,No phone service,No,No internet service,No internet service,No internet service,No internet service,No internet service,No internet service,Two year,Yes,Electronic check,26.37,1849.47,No
MSKM-7605,Male,0,No,Yes,16,Yes,No,DSL,No,No,Yes,No,Yes,No,Two year,No,Electronic check,60.37,971.47,Yes
GPOT-1986,Male,0,Yes,No,52,Yes,Yes,DSL,No,Yes,Yes,No,No,No,Two year,Yes,Electronic check,52.75,2750.1,No
PQXO-2340,Female,0,Yes,No,67,No,No phone service,No,No internet service,No internet service,No internet service,No internet service,No internet service,No internet service,Month-to-month,No,Electronic check,24.35,1636.79,No
FJVR-9575,Female,0,No,No,63,Yes,No,No,No internet service,No internet service,No internet service,No internet service,No internet service,No internet service,Month-to-month,No,Bank transfer (automatic),24.59,1545.93,Yes
TODY-5776,Male,0,No,Yes,2,Yes,No,Fiber optic,Yes,Yes,Yes,Yes,No,Yes,Two year,Yes,Bank transfer (automatic),65.18,130.33,No
SZQU-9919,Female,0,No,No,24,Yes,No,DSL,No,No,No,No,No,Yes,Month-to-month,No,Electronic check,60.6,1462.7,No
MRWK-2787,Female,0,Yes,No,29,Yes,Yes,DSL,No,Yes,No,No,No,Yes,Month-to-month,No,Bank transfer (automatic),63.22,1837.65,Yes
VECS-6455,Female,1,Yes,No,35,Yes,Yes,Fiber optic,No,Yes,No,Yes,No,Yes,Two year,Yes,Mailed check,106.35,3721.69,Yes
IQHZ-4550,Male,0,Yes,No,40,Yes,Yes,DSL,Yes,Yes,Yes,No,No,No,Month-to-month,Yes,Credit card (automatic),64.25,2567.23,No
CFNO-8550,Male,0,Yes,No,22,Yes,Yes,Fiber optic,No,Yes,No,Yes,Yes,No,One year,Yes,Credit card (automatic),53.52,1174.15,No
YPTO-1022,Female,0,No,Yes,49,Yes,Yes,No,No internet service,No internet service,No internet service,No internet service,No internet service,No internet service,Month-to-month,No,Credit card (automatic),27.33,1339.19,Yes
EQWQ-3506,Female,0,No,No,15,Yes,Yes,DSL,No,No,No,Yes,Yes,Yes,Month-to-month,Yes,Credit card (automatic),48.23,714.94,No
ZOGS-3563,Male,0,No,No,71,Yes,No,DSL,No,No,No,No,No,No,Month-to-month,Yes,Mailed check,57.37,4073.44,No
ZYII-9511,Female,0,No,Yes,29,Yes,Yes,Fiber optic,No,Yes,Yes,Yes,Yes,Yes,Month-to-month,Yes,Electronic check,105.88,3063.75,Yes
TISF-1047,Male,1,Yes,No,59,Yes,Yes,DSL,Yes,Yes,No,Yes,Yes,No,Two year,Yes,Electronic check,27.4,1608.01,No
JJRJ-8720,Male,0,Yes,Yes,60,Yes,No,Fiber optic,Yes,No,No,Yes,No,No,Month-to-month,No,Credit card (automatic),55.25,3317.36,No
DXCJ-1635,Female,0,Yes,Yes,5,Yes,Yes,Fiber optic,Yes,Yes,No,No,No,Yes,Month-to-month,No,Bank transfer (automatic),85.36,431.11,Yes
UBJB-8917,Male,0,No,No,38,Yes,No,No,No internet service,No internet service,No internet service,No internet service,No internet service,No internet service,Month-to-month,Yes,Electronic check,28.28,1073.71,Yes
XQQD-1082,Female,0,No,Yes,4,Yes,No,DSL,No,Yes,No,No,No,Yes,Month-to-month,Yes,Bank transfer (automatic),68.69,264.8,Yes
NNQB-7465,Female,0,No,Yes,2,Yes,No,No,No internet service,No internet service,No internet service,No internet service,No internet service,No internet service,One year,Yes,Credit card (automatic),29.6,54.23,No
PPQV-6377,Female,0,No,No,29,Yes,Yes,Fiber optic,No,No,Yes,No,Yes,No,One year,Yes,Bank transfer (automatic),105.18,3049.87,No
WKOR-5565,Male,1,No,No,10,Yes,No,Fiber optic,Yes,No,No,No,Yes,Yes,One year,Yes,Bank transfer (automatic),99.64,993.91,No
RXTI-7227,Female,1,No,No,2,Yes,Yes,DSL,No,No,Yes,No,No,Yes,Two year,No,Credit card (automatic),47.44,98.55,No
BYDF-2229,Male,1,No,Yes,14,Yes,Yes,No,No internet service,No internet service,No internet service,No internet service,No internet service,No internet service,Month-to-month,Yes,Bank transfer (automatic),19.41,260.5,No
LNRX-8792,Female,0,No,No,43,Yes,No,DSL,Yes,Yes,Yes,Yes,No,Yes,Month-to-month,No,Credit card (automatic),66.58,2861.11,No
WKJR-3548,Male,0,Yes,Yes,53,Yes,Yes,Fiber optic,Yes,No,No,No,No,No,Month-to-month,Yes,Credit card (automatic),49.87,2634.81,No
ZTET-7720,Female,0,Yes,No,0,Yes,Yes,No,No internet service,No internet service,No internet service,No internet service,No internet service,No internet service,Month-to-month,Yes,Electronic check,26.63,0.0,No
VBRS-7269,Female,0,Yes,No,12,Yes,No,No,No internet service,No internet service,No internet service,No internet service,No internet service,No internet service,Month-to-month,No,Electronic check,28.15,332.46,No
NZIH-0667,Male,0,Yes,Yes,62,Yes,Yes,DSL,Yes,Yes,Yes,Yes,Yes,No,Month-to-month,Yes,Credit card (automatic),37.75,2341.98,No
PJUJ-8875,Male,1,Yes,No,55,Yes,No,No,No internet service,No internet service,No internet service,No internet service,No internet service,No internet service,One year,Yes,Bank transfer (automatic),19.94,1102.57,No
VQPO-5331,Female,0,Yes,No,38,Yes,Yes,Fiber optic,Yes,No,No,Yes,Yes,No,Month-to-month,No,Electronic check,78.17,2973.61,No
KDUU-4309,Male,0,Yes,No,38,Yes,No,DSL,No,No,Yes,No,Yes,Yes,Month-to-month,No,Electronic check,38.99,1489.97,No
XSBI-6818,Female,0,Yes,No,66,No,No phone service,Fiber optic,Yes,No,No,No,Yes,No,One year,No,Credit card (automatic),84.09,5552.3,Yes
JIKY-9939,Female,1,Yes,No,29,Yes,No,Fiber optic,Yes,Yes,No,No,No,No,Month-to-month,Yes,Mailed check,79.73,2316.45,Yes
CFCI-2175,Male,0,No,No,40,Yes,No,Fiber optic,No,No,No,No,No,No,Month-to-month,Yes,Mailed check,90.9,3636.61,No
HOMG-2790,Male,0,Yes,No,10,Yes,Yes,Fiber optic,No,No,No,No,Yes,No,Month-to-month,Yes,Credit card (automatic),106.55,1076.68,No
AMZM-7895,Female,0,No,No,69,Yes,Yes,Fiber optic,No,Yes,Yes,No,No,Yes,Month-to-month,Yes,Electronic check,82.13,5664.46,No
EBKI-5788,Female,0,Yes,No,21,Yes,No,Fiber optic,Yes,No,No,No,No,No,One year,Yes,Mailed check,91.37,1915.61,No
HLZH-2210,Female,1,Yes,No,37,Yes,No,No,No internet service,No internet service,No internet service,No internet service,No internet service,No internet service,Month-to-month,Yes,Electronic check,18.97,700.46,No
PDRN-1430,Female,0,No,No,11,Yes,No,DSL,Yes,Yes,No,No,No,Yes,Month-to-month,No,Credit card (automatic),28.53,313.94,No
OYTE-6171,Male,1,No,No,35,Yes,No,Fiber optic,No,No,No,No,Yes,Yes,Two year,Yes,Credit card (automatic),76.86,2689.86,No
ZEMR-1337,Female,0,No,No,49,Yes,No,Fiber optic,No,No,No,No,No,No,Month-to-month,Yes,Electronic check,48.93,2384.9,No
PFZH-6931,Male,0,Yes,No,16,Yes,Yes,DSL,Yes,Yes,No,Yes,No,No,Month-to-month,Yes,Mailed check,42.07,667.81,No
IRQH-9806,Female,0,Yes,Yes,31,Yes,Yes,DSL,Yes,No,Yes,No,No,No,Month-to-month,Yes,Bank transfer (automatic),69.57,2151.09,No
BFEQ-1199,Male,0,Yes,Yes,44,Yes,No,Fiber optic,No,Yes,No,Yes,Yes,Yes,One year,Yes,Electronic check,77.72,3422.8,No
FLQM-3941,Female,0,Yes,No,36,Yes,Yes,DSL,No,Yes,No,No,No,No,Month-to-month,No,Electronic check,48.55,1747.81,Yes
BWGF-0289,Male,0,No,No,66,Yes,Yes,DSL,No,Yes,No,No,Yes,Yes,Month-to-month,Yes,Credit card (automatic),25.34,1677.18,No
QRHG-8933,Female,0,No,No,24,Yes,No,DSL,Yes,No,Yes,No,No,No,Two year,Yes,Credit card (automatic),59.31,1430.05,No
WAZL-8106,Male,0,Yes,No,48,Yes,No,DSL,Yes,Yes,No,No,Yes,Yes,Month-to-month,Yes,Bank transfer (automatic),64.89,3114.2,No
FLSA-4934,Male,0,Yes,No,42,Yes,Yes,No,No internet service,No internet service,No internet service,No internet service,No internet service,No internet service,Month-to-month,No,Credit card (automatic),23.77,1000.02,No
AAUF-4184,Male,0,No,No,18,Yes,No,Fiber optic,Yes,No,No,No,Yes,No,Two year,No,Bank transfer (automatic),63.06,1137.23,No
EZIS-4413,Female,0,Yes,No,25,Yes,Yes,DSL,No,Yes,No,No,No,No,Two year,No,Bank transfer (automatic),32.24,800.43,No
RUJM-1989,Male,0,Yes,No,14,Yes,Yes,No,No internet service,No internet service,No internet service,No internet service,No internet service,No internet service,Month-to-month,No,Electronic check,22.05,307.54,No
VHYO-7445,Male,0,Yes,No,52,Yes,No,Fiber optic,No,Yes,No,No,No,Yes,Two year,Yes,Bank transfer (automatic),78.59,4086.64,No
NAMH-1582,Female,1,Yes,No,19,Yes,No,Fiber optic,Yes,No,No,Yes,No,No,One year,No,Electronic check,64.84,1237.86,No
RJEY-5776,Female,0,No,Yes,4,Yes,No,No,No internet service,No internet service,No internet service,No internet service,No internet service,No internet service,Two year,Yes,Mailed check,27.16,108.41,No
URNO-9946,Female,0,No,No,63,Yes,Yes,No,No internet service,No internet service,No internet service,No internet service,No internet service,No internet service,Month-to-month,No,Mailed check,19.74,1243.13,No
GKMO-1656,Male,0,No,Yes,47,Yes,Yes,Fiber optic,Yes,Yes,No,Yes,No,No,One year,No,Electronic check,53.62,2511.55,No
KHTA-7722,Male,0,No,Yes,39,Yes,No,DSL,No,No,No,No,Yes,Yes,Two year,Yes,Electronic check,28.1,1095.99,No
ECON-4701,Male,0,No,Yes,23,Yes,No,Fiber optic,Yes,No,Yes,No,Yes,Yes,Month-to-month,Yes,Bank transfer (automatic),103.7,2380.38,No
BLPD-8186,Male,0,Yes,No,69,Yes,No,No,No internet service,No internet service,No internet service,No internet service,No internet service,No internet service,Month-to-month,Yes,Bank transfer (automatic),19.79,1362.44,No
JXAU-8315,Female,1,Yes,No,11,Yes,Yes,DSL,No,No,No,No,No,Yes,Month-to-month,No,Bank transfer (automatic),38.55,426.23,No
BCNH-2152,Male,0,Yes,No,3,Yes,No,DSL,Yes,No,No,Yes,No,No,Month-to-month,Yes,Mailed check,30.69,89.53,No
PALN-2528,Female,0,No,No,42,Yes,Yes,Fiber optic,No,No,No,No,No,Yes,Month-to-month,Yes,Electronic check,46.09,1930.6,Yes
GNER-8468,Male,0,Yes,No,51,No,No phone service,No,No internet service,No internet service,No internet service,No internet service,No internet service,No internet service,One year,No,Credit card (automatic),20.39,1035.4,No
DYQL-5174,Female,1,No,No,20,Yes,No,No,No internet service,No internet service,No internet service,No internet service,No internet service,No internet service,Month-to-month,Yes,Credit card (automatic),21.34,429.05,No
OCBX-6873,Female,0,No,No,68,Yes,No,DSL,No,Yes,No,No,No,No,One year,Yes,Bank transfer (automatic),59.35,4044.94,No
BNBB-5651,Male,0,Yes,No,12,Yes,Yes,No,No internet service,No internet service,No internet service,No internet service,No internet service,No internet service,Month-to-month,Yes,Bank transfer (automatic),23.25,271.82,No
DSMT-4681,Male,0,Yes,No,1,Yes,No,Fiber optic,No,Yes,Yes,No,Yes,Yes,Two year,Yes,Bank transfer (automatic),86.19,82.94,No
HSIZ-3295,Male,0,Yes,Yes,5,Yes,Yes,Fiber optic,Yes,Yes,No,No,No,No,Two year,Yes,Mailed check,77.92,382.23,No
PJMI-6329,Female,0,Yes,No,22,Yes,Yes,DSL,Yes,Yes,No,No,Yes,No,Two year,Yes,Mailed check,62.47,1382.51,No
DSSL-8389,Female,0,Yes,Yes,35,Yes,No,Fiber optic,Yes,No,Yes,No,No,No,Month-to-month,No,Credit card (automatic),56.57,1979.31,No
UGEQ-1456,Male,0,Yes,No,9,Yes,Yes,Fiber optic,Yes,Yes,Yes,Yes,Yes,No,Two year,No,Electronic check,102.08,920.98,No
RZYF-1120,Female,0,Yes,No,26,Yes,Yes,DSL,Yes,No,Yes,No,Yes,No,Month-to-month,No,Bank transfer (automatic),43.34,1133.24,No
YZKT-4602,Male,0,Yes,No,6,Yes,Yes,Fiber optic,No,No,No,No,No,No,One year,Yes,Mailed check,106.76,635.15,No
NCBX-4010,Male,0,Yes,No,49,Yes,No,Fiber optic,Yes,No,Yes,No,No,No,Month-to-month,Yes,Electronic check,95.14,4665.9,Yes
OVIW-4279,Male,0,No,No,20,Yes,No,Fiber optic,Yes,No,Yes,No,No,Yes,Two year,No,Bank transfer (automatic),86.84,1725.5,No
TYUN-5496,Male,0,No,Yes,45,Yes,Yes,No,No internet service,No internet service,No internet service,No internet service,No internet service,No internet service,Month-to-month,Yes,Bank transfer (automatic),21.4,956.73,No
GQRG-7359,Female,1,No,No,0,No,No phone service,Fiber optic,No,No,No,No,No,No,One year,No,Bank transfer (automatic),53.38,0.0,Yes
PSWS-6721,Male,0,Yes,No,54,Yes,No,Fiber optic,No,Yes,No,Yes,No,Yes,One year,No,Credit card (automatic),104.89,5662.2,No
FPTX-1311,Female,0,No,No,52,Yes,Yes,DSL,No,No,Yes,Yes,No,No,Two year,No,Mailed check,51.59,2684.5,No
BATB-8865,Female,1,Yes,No,20,Yes,No,Fiber optic,No,Yes,No,No,No,No,Two year,No,Credit card (automatic),71.95,1437.51,No
LCLW-0835,Female,1,Yes,No,31,Yes,Yes,No,No internet service,No internet service,No internet service,No internet service,No internet service,No internet service,Month-to-month,Yes,Credit card (automatic),29.7,924.42,No
FKCD-9250,Female,0,No,No,13,Yes,No,DSL,Yes,Yes,No,Yes,No,No,Month-to-month,No,Bank transfer (automatic),41.11,532.62,No
HHYF-0204,Female,0,Yes,No,38,Yes,No,DSL,No,No,No,No,Yes,No,Month-to-month,No,Credit card (automatic),48.69,1858.85,No
CBCI-7214,Male,0,No,Yes,41,Yes,No,Fiber optic,Yes,No,Yes,No,Yes,No,Month-to-month,No,Credit card (automatic),80.02,3280.52,No
LLAT-7043,Female,1,No,Yes,24,No,No phone service,DSL,Yes,No,No,No,No,Yes,One year,Yes,Electronic check,31.45,758.7,No
VGIQ-9359,Male,0,No,Yes,28,Yes,Yes,Fiber optic,No,No,Yes,Yes,No,No,One year,No,Bank transfer (automatic),54.22,1524.47,No
GGHZ-7777,Male,0,Yes,Yes,31,Yes,Yes,Fiber optic,Yes,Yes,No,No,Yes,Yes,One year,Yes,Electronic check,75.69,2346.36,No
VICV-4733,Male,0,No,Yes,10,Yes,No,No,No internet service,No internet service,No internet service,No internet service,No internet service,No internet service,Month-to-month,Yes,Bank transfer (automatic),19.43,191.08,No
PJKZ-4531,Male,0,Yes,No,27,Yes,No,Fiber optic,Yes,Yes,No,No,No,No,Month-to-month,Yes,Bank transfer (automatic),99.12,2678.26,No
BLPS-1074,Female,0,No,No,68,Yes,Yes,Fiber optic,No,Yes,No,Yes,Yes,Yes,Month-to-month,Yes,Mailed check,103.85,7067.16,No
JQMP-8737,Female,0,No,No,24,Yes,Yes,DSL,No,Yes,No,No,No,No,Two year,Yes,Electronic check,64.15,1533.69,Yes
ZPWK-6053,Male,0,No,No,51,Yes,Yes,DSL,No,No,Yes,No,No,No,Two year,Yes,Electronic check,61.15,3120.43,No
NJJJ-1968,Male,0,No,No,40,Yes,Yes,Fiber optic,Yes,No,No,Yes,No,No,Month-to-month,Yes,Electronic check,106.61,4262.42,Yes
EHUN-6682,Male,0,Yes,Yes,50,Yes,No,No,No internet service,No internet service,No internet service,No internet service,No internet service,No internet service,Month-to-month,No,Electronic check,18.44,923.24,Yes
NQRL-5998,Male,1,No,No,6,Yes,No,Fiber optic,No,No,Yes,Yes,No,No,Month-to-month,No,Electronic check,75.79,452.04,Yes
SZBK-0126,Male,0,Yes,No,32,Yes,Yes,DSL,No,No,No,Yes,Yes,No,One year,No,Credit card (automatic),58.57,1872.15,No
RMER-6977,Male,0,Yes,No,41,Yes,Yes,Fiber optic,Yes,No,No,Yes,Yes,No,One year,No,Credit card (automatic),53.18,2190.31,No
POHZ-8009,Female,0,No,No,56,Yes,No,DSL,No,No,No,No,Yes,Yes,Month-to-month,Yes,Credit card (automatic),42.79,2401.15,Yes
BFQE-4340,Female,0,Yes,No,10,Yes,No,Fiber optic,Yes,No,Yes,Yes,No,No,Month-to-month,Yes,Electronic check,79.01,787.42,No
KKFW-7165,Female,0,No,No,69,Yes,No,DSL,Yes,Yes,No,No,No,No,Month-to-month,Yes,Electronic check,52.91,3647.33,Yes
IOHP-3805,Female,1,Yes,Yes,66,Yes,Yes,No,No internet service,No internet service,No internet service,No internet service,No internet service,No internet service,One year,No,Mailed check,19.25,1269.3,No
HTRR-9045,Male,0,No,No,29,Yes,Yes,Fiber optic,No,No,Yes,Yes,No,No,Month-to-month,Yes,Mailed check,97.65,2827.87,No
DDUN-4878,Female,0,No,Yes,22,Yes,No,Fiber optic,Yes,Yes,No,No,No,No,Two year,Yes,Electronic check,90.28,1985.15,No
NSCQ-9537,Female,0,No,No,50,Yes,Yes,No,No internet service,No internet service,No internet service,No internet service,No internet service,No internet service,Month-to-month,Yes,Mailed check,24.24,1211.77,No
BKBW-4066,Male,0,No,No,4,Yes,Yes,No,No internet service,No internet service,No internet service,No internet service,No internet service,No internet service,Month-to-month,No,Electronic check,23.14,93.12,Yes
JFTL-7111,Female,0,No,No,49,Yes,Yes,DSL,No,Yes,Yes,Yes,Yes,No,Month-to-month,No,Credit card (automatic),56.13,2746.78,No
SFAK-1910,Male,1,Yes,Yes,43,Yes,Yes,Fiber optic,No,Yes,No,Yes,Yes,No,Two year,Yes,Credit card (automatic),56.33,2421.03,No
SPZG-0648,Male,0,No,Yes,14,Yes,No,Fiber optic,No,Yes,No,No,Yes,Yes,Two year,Yes,Electronic check,48.85,682.38,No
BQYX-9547,Male,0,No,No,1,Yes,Yes,Fiber optic,No,No,Yes,No,No,Yes,One year,Yes,Credit card (automatic),85.54,88.15,Yes
HELG-0319,Male,0,Yes,No,23,Yes,No,DSL,No,No,Yes,Yes,Yes,No,Two year,No,Mailed check,59.44,1364.33,No
CLAK-1073,Male,0,Yes,No,53,No,No phone service,DSL,No,Yes,No,Yes,No,No,Month-to-month,Yes,Mailed check,32.33,1707.11,No
SQBC-2597,Female,0,No,No,9,Yes,Yes,No,No internet service,No internet service,No internet service,No internet service,No internet service,No internet service,Two year,No,Mailed check,22.53,204.65,No
VRRN-6006,Male,0,Yes,No,34,Yes,No,Fiber optic,No,No,No,Yes,Yes,No,One year,Yes,Credit card (automatic),59.78,2034.86,No
YEAU-0983,Female,0,Yes,No,40,Yes,Yes,Fiber optic,Yes,No,Yes,No,No,No,Month-to-month,Yes,Electronic check,68.07,2718.26,Yes
YBWP-1351,Male,0,Yes,Yes,46,Yes,No,Fiber optic,Yes,Yes,No,No,Yes,No,Two year,Yes,Bank transfer (automatic),49.18,2266.21,No
BBCE-8589,Male,0,Yes,No,29,No,No phone service,No,No internet service,No internet service,No internet service,No internet service,No internet service,No internet service,Two year,No,Bank transfer (automatic),21.33,615.32,No
NUPK-5972,Male,1,No,No,37,Yes,No,Fiber optic,No,No,No,Yes,Yes,No,Month-to-month,Yes,Credit card (automatic),62.36,2311.92,No
BPSI-5939,Female,0,No,No,25,Yes,No,Fiber optic,No,No,Yes,No,No,No,Month-to-month,No,Bank transfer (automatic),64.12,1599.47,No
SMRO-3834,Male,0,No,No,19,Yes,Yes,DSL,Yes,No,Yes,No,Yes,No,Month-to-month,Yes,Credit card (automatic),35.34,664.92,No
OXBN-2563,Female,0,Yes,Yes,35,Yes,No,Fiber optic,No,No,No,No,No,No,Month-to-month,No,Mailed check,46.27,1630.04,No
AWIQ-0096,Female,1,No,No,63,No,No phone service,No,No internet service,No internet service,No internet service,No internet service,No internet service,No internet service,Month-to-month,Yes,Electronic check,18.26,1148.05,No
PYSX-8220,Female,0,No,Yes,42,Yes,Yes,DSL,No,No,Yes,Yes,No,Yes,Month-to-month,Yes,Credit card (automatic),63.75,2674.45,No
RGSG-4974,Male,1,No,No,39,Yes,Yes,Fiber optic,Yes,No,Yes,No,Yes,No,Two year,Yes,Mailed check,62.08,2415.6,No
PPSY-6469,Female,0,No,Yes,17,Yes,No,DSL,No,Yes,Yes,Yes,Yes,No,Month-to-month,No,Bank transfer (automatic),33.75,564.41,No
YUWI-0307,Male,0,No,No,21,Yes,No,Fiber optic,Yes,No,Yes,Yes,Yes,Yes,Two year,Yes,Mailed check,68.66,1442.63,No
CBDS-4797,Male,1,Yes,No,15,Yes,Yes,DSL,No,No,No,Yes,No,Yes,One year,Yes,Electronic check,68.69,1031.5,No
WHME-9957,Male,0,No,No,2,Yes,No,No,No internet service,No internet service,No internet service,No internet service,No internet service,No internet service,One year,No,Credit card (automatic),21.26,36.72,No
OMAV-5430,Male,0,Yes,Yes,68,Yes,No,No,No internet service,No internet service,No internet service,No internet service,No internet service,No internet service,Month-to-month,Yes,Bank transfer (automatic),24.65,1671.1,No
KZKH-5225,Male,0,No,Yes,26,Yes,No,DSL,Yes,No,Yes,Yes,Yes,No,Month-to-month,No,Mailed check,26.46,686.75,No
WHEJ-5058,Male,0,Yes,No,39,Yes,No,No,No internet service,No internet service,No internet service,No internet service,No internet service,No internet service,Month-to-month,Yes,Bank transfer (automatic),29.22,1141.56,No
JTNN-9083,Female,0,No,No,3,Yes,Yes,Fiber optic,No,Yes,Yes,Yes,No,No,One year,No,Mailed check,90.96,274.13,No
BPAC-6918,Male,0,Yes,No,42,No,No phone service,No,No internet service,No internet service,No internet service,No internet service,No internet service,No internet service,Month-to-month,No,Credit card (automatic),19.35,810.26,No
LREX-9721,Male,0,Yes,No,51,No,No phone service,DSL,No,Yes,No,No,No,No,Two year,No,Electronic check,52.84,2696.0,Yes
YSHB-2056,Female,0,Yes,No,51,Yes,Yes,No,No internet service,No internet service,No internet service,No internet service,No internet service,No internet service,One year,No,Credit card (automatic),24.38,1257.62,No
TQCI-4530,Female,0,No,Yes,65,Yes,No,DSL,Yes,No,No,No,No,No,Month-to-month,Yes,Mailed check,57.93,3767.15,No
UUUP-5101,Male,0,Yes,No,61,No,No phone service,Fiber optic,No,Yes,No,Yes,No,No,Month-to-month,No,Electronic check,87.03,5308.5,No
JFUP-4596,Male,0,Yes,No,62,Yes,No,DSL,Yes,No,Yes,No,Yes,Yes,Month-to-month,Yes,Credit card (automatic),69.28,4294.7,No
PYGB-5861,Female,1,No,No,50,Yes,No,Fiber optic,No,No,No,No,Yes,Yes,Month-to-month,Yes,Bank transfer (automatic),80.3,4008.51,Yes
SHKY-3814,Female,0,No,No,63,Yes,No,DSL,Yes,Yes,Yes,Yes,Yes,No,Month-to-month,Yes,Electronic check,34.33,2161.4,No
BKAM-4167,Male,0,No,No,55,Yes,No,Fiber optic,Yes,No,No,No,No,No,Two year,No,Electronic check,80.41,4421.67,No
RGTQ-2047,Female,0,Yes,No,10,Yes,No,Fiber optic,No,No,No,No,No,Yes,Month-to-month,No,Bank transfer (automatic),72.62,729.07,No
AISU-8489,Female,0,Yes,No,34,Yes,No,DSL,No,No,No,No,No,No,One year,Yes,Electronic check,66.98,2277.82,No
XWKA-3897,Male,0,Yes,Yes,10,Yes,Yes,Fiber optic,No,No,Yes,No,Yes,No,Month-to-month,No,Electronic check,67.75,681.68,No
TLAJ-3254,Female,0,Yes,No,32,Yes,No,DSL,Yes,Yes,Yes,No,Yes,Yes,One year,No,Electronic check,72.21,2312.54,No
ERCV-1318,Female,0,No,No,65,Yes,Yes,DSL,No,No,Yes,No,No,No,Month-to-month,No,Credit card (automatic),47.13,3050.15,No
SZJV-0927,Female,1,No,No,0,Yes,No,DSL,No,No,No,Yes,No,No,Month-to-month,No,Bank transfer (automatic),50.79,0.0,Yes
UPHB-6862,Female,0,No,Yes,32,Yes,No,No,No internet service,No internet service,No internet service,No internet service,No internet service,No internet service,Two year,Yes,Mailed check,18.11,575.45,No
GOHN-0245,Female,1,Yes,Yes,26,Yes,Yes,No,No internet service,No internet service,No internet service,No internet service,No internet service,No internet service,Month-to-month,Yes,Electronic check,20.97,542.48,No
SODU-2341,Female,0,Yes,No,64,No,No phone service,DSL,Yes,No,Yes,Yes,No,No,Month-to-month,Yes,Mailed check,44.85,2863.73,No
ZYJH-5921,Male,0,Yes,Yes,44,Yes,Yes,Fiber optic,No,No,Yes,Yes,Yes,No,Month-to-month,Yes,Credit card (automatic),88.31,3894.06,No
WHZA-5682,Male,0,Yes,No,43,Yes,No,Fiber optic,Yes,No,No,Yes,Yes,Yes,One year,Yes,Mailed check,57.02,2451.97,No
RUMO-9058,Male,0,No,Yes,39,Yes,No,No,No internet service,No internet service,No internet service,No internet service,No internet service,No internet service,Month-to-month,No,Bank transfer (automatic),29.08,1133.68,Yes
JOIW-6791,Female,0,No,Yes,44,Yes,No,Fiber optic,Yes,Yes,Yes,No,No,No,Month-to-month,Yes,Electronic check,74.54,3284.52,Yes
NFEE-2259,Female,0,Yes,Yes,1,Yes,No,Fiber optic,Yes,No,Yes,No,No,No,Two year,Yes,Bank transfer (automatic),70.2,68.34,No
JWNQ-2092,Male,1,Yes,Yes,40,No,No phone service,Fiber optic,Yes,No,No,Yes,No,Yes,Two year,No,Electronic check,49.09,1959.7,No
EYSJ-9805,Female,0,No,Yes,51,Yes,Yes,DSL,Yes,No,No,No,Yes,No,Month-to-month,Yes,Electronic check,43.59,2222.5,No
IENJ-1408,Male,0,Yes,No,16,Yes,No,Fiber optic,No,No,Yes,Yes,No,Yes,Month-to-month,Yes,Mailed check,59.13,950.08,No
JZYV-8235,Female,0,No,No,49,Yes,Yes,Fiber optic,No,Yes,Yes,No,Yes,Yes,Month-to-month,No,Electronic check,48.97,2403.91,No
TQWE-7847,Female,0,No,Yes,40,Yes,No,Fiber optic,Yes,No,No,Yes,No,No,Month-to-month,Yes,Bank transfer (automatic),63.31,2540.22,Yes
MAAG-5448,Female,0,Yes,Yes,4,Yes,No,Fiber optic,No,Yes,No,No,Yes,Yes,Month-to-month,Yes,Electronic check,66.03,270.15,Yes
QXRG-5912,Male,0,Yes,Yes,51,Yes,No,DSL,No,No,Yes,Yes,No,No,Two year,Yes,Electronic check,65.23,3323.7,No
TGHM-1786,Male,1,No,No,47,Yes,No,Fiber optic,No,Yes,No,No,Yes,Yes,Month-to-month,Yes,Electronic check,91.64,4301.65,Yes
AVHU-1471,Male,0,Yes,Yes,12,Yes,Yes,Fiber optic,Yes,Yes,No,No,Yes,Yes,Month-to-month,No,Bank transfer (automatic),71.87,867.66,No
QOTT-8232,Male,0,No,Yes,54,Yes,Yes,No,No internet service,No internet service,No internet service,No internet service,No internet service,No internet service,One year,Yes,Bank transfer (automatic),21.09,1132.86,No
RTHA-7729,Male,0,Yes,No,33,Yes,Yes,Fiber optic,Yes,Yes,No,No,No,No,Two year,Yes,Mailed check,77.34,2557.35,No
JLFM-3004,Female,0,No,No,54,Yes,No,DSL,Yes,No,Yes,No,No,Yes,Month-to-month,Yes,Credit card (automatic),53.61,2894.87,No
XQRG-7270,Female,0,No,Yes,43,Yes,No,Fiber optic,Yes,No,No,Yes,No,No,Month-to-month,No,Bank transfer (automatic),71.59,3077.42,No
IBNM-1392,Female,1,Yes,Yes,40,No,No phone service,Fiber optic,No,No,No,No,No,Yes,One year,Yes,Electronic check,107.81,4318.13,No
DFWE-1292,Female,0,No,No,1,Yes,No,Fiber optic,No,Yes,Yes,No,No,No,Month-to-month,No,Mailed check,77.1,77.16,Yes
NUKU-3755,Male,0,Yes,No,55,Yes,No,Fiber optic,No,No,No,Yes,No,No,One year,Yes,Electronic check,91.12,5018.66,No
QVSM-5951,Male,0,Yes,No,12,Yes,No,DSL,Yes,No,Yes,Yes,Yes,No,Month-to-month,Yes,Electronic check,70.18,838.27,No
AKPC-4363,Male,0,No,No,47,Yes,No,Fiber optic,No,Yes,No,No,No,Yes,One year,No,Credit card (automatic),102.36,4810.46,No
HGZY-0435,Female,1,No,Yes,39,Yes,Yes,No,No internet service,No internet service,No internet service,No internet service,No internet service,No internet service,One year,No,Credit card (automatic),22.42,880.94,No
QVQN-0719,Male,1,No,No,59,Yes,No,Fiber optic,No,No,No,Yes,No,Yes,One year,No,Bank transfer (automatic),48.68,2880.35,No
MVPP-5573,Male,0,Yes,No,36,Yes,No,DSL,No,Yes,Yes,No,Yes,No,One year,Yes,Electronic check,38.9,1392.55,No
CFDR-5948,Female,0,No,Yes,20,Yes,No,DSL,Yes,No,No,No,Yes,No,One year,Yes,Mailed check,50.89,1009.73,No
KFPS-4978,Female,0,No,No,17,Yes,No,DSL,No,Yes,No,Yes,Yes,No,Two year,No,Electronic check,26.57,446.04,No
XSYS-7986,Male,0,No,No,54,Yes,Yes,Fiber optic,No,No,No,No,No,Yes,Two year,No,Electronic check,47.62,2562.34,No
DJIS-2192,Male,0,No,No,62,No,No phone service,Fiber optic,No,No,Yes,No,No,No,Month-to-month,No,Credit card (automatic),54.72,3391.63,Yes
QTXU-1201,Male,0,No,No,59,Yes,Yes,Fiber optic,Yes,Yes,No,Yes,Yes,No,Month-to-month,No,Credit card (automatic),46.68,2745.44,Yes
QBSA-8947,Female,0,No,Yes,45,Yes,Yes,Fiber optic,No,No,No,Yes,No,No,Two year,Yes,Credit card (automatic),61.78,2791.72,No
EXWL-3652,Female,0,No,No,15,Yes,No,DSL,No,Yes,No,No,Yes,No,Month-to-month,Yes,Electronic check,41.45,629.38,No
ILZO-8476,Female,1,No,Yes,43,Yes,No,No,No internet service,No internet service,No internet service,No internet service,No internet service,No internet service,Month-to-month,Yes,Electronic check,25.43,1092.48,Yes
YWTD-7589,Female,0,Yes,No,11,Yes,No,DSL,No,Yes,No,No,Yes,No,Two year,Yes,Credit card (automatic),55.08,610.62,No
GGDC-7633,Female,0,Yes,Yes,63,Yes,Yes,No,No internet service,No internet service,No internet service,No internet service,No internet service,No internet service,Month-to-month,No,Mailed check,18.3,1153.73,No
QGQZ-9322,Female,0,No,No,27,No,No phone service,Fiber optic,Yes,Yes,No,Yes,Yes,Yes,Month-to-month,Yes,Electronic check,49.59,1338.19,No
LADN-0705,Male,0,No,No,54,Yes,No,Fiber optic,Yes,No,Yes,No,No,No,Month-to-month,Yes,Bank transfer (automatic),84.94,4588.87,Yes
WZNL-1328,Male,0,Yes,No,27,Yes,Yes,DSL,No,No,No,Yes,Yes,No,Month-to-month,No,Bank transfer (automatic),60.69,1630.48,Yes
WRKF-8252,Male,0,No,Yes,37,Yes,No,Fiber optic,Yes,No,Yes,Yes,No,No,Month-to-month,Yes,Mailed check,78.16,2886.56,No
STYK-7006,Female,1,Yes,No,54,Yes,Yes,DSL,Yes,No,No,Yes,Yes,No,Month-to-month,No,Mailed check,41.23,2231.75,No
CNGY-2219,Female,0,No,No,13,Yes,No,Fiber optic,No,No,No,Yes,Yes,No,Month-to-month,No,Mailed check,107.35,1393.44,No
QIVF-7484,Male,0,No,No,30,No,No phone service,DSL,Yes,Yes,No,No,No,Yes,One year,No,Electronic check,41.16,1235.63,No
BVOI-2939,Male,1,Yes,No,62,No,No phone service,DSL,Yes,Yes,Yes,Yes,No,Yes,Month-to-month,Yes,Mailed check,41.77,2588.82,No
HVMG-6358,Female,0,No,No,45,Yes,No,Fiber optic,Yes,No,No,Yes,Yes,Yes,Month-to-month,Yes,Mailed check,69.98,3146.11,No
CHGD-9269,Female,0,Yes,No,3,Yes,No,DSL,No,No,Yes,Yes,Yes,No,Two year,No,Mailed check,38.06,113.85,No
YLZC-9872,Female,0,No,No,19,Yes,No,Fiber optic,No,Yes,No,Yes,No,No,Two year,Yes,Mailed check,82.27,1566.02,No
OHLT-5917,Male,0,Yes,No,71,Yes,No,DSL,No,Yes,No,No,No,No,Two year,No,Mailed check,33.06,2345.67,No
MYGH-6930,Female,0,No,No,23,Yes,Yes,DSL,No,No,No,No,Yes,No,Month-to-month,Yes,Electronic check,44.68,1025.2,No
PSWK-6209,Female,0,No,Yes,37,Yes,Yes,Fiber optic,No,No,No,No,Yes,No,Month-to-month,Yes,Bank transfer (automatic),87.33,3230.13,Yes
YVML-6003,Female,0,Yes,No,72,Yes,No,DSL,No,Yes,Yes,Yes,No,Yes,Month-to-month,Yes,Electronic check,42.95,3097.15,No
WNOK-7980,Female,0,No,No,23,No,No phone service,No,No internet service,No internet service,No internet service,No internet service,No internet service,No internet service,Two year,No,Credit card (automatic),23.46,538.52,Yes
DTSG-0871,Male,0,No,No,68,No,No phone service,DSL,Yes,No,Yes,Yes,Yes,No,Two year,Yes,Electronic check,26.22,1778.83,No
BXOQ-6826,Male,0,No,No,47,Yes,Yes,DSL,Yes,No,No,No,Yes,Yes,Month-to-month,Yes,Electronic check,55.72,2614.13,Yes
VOGW-9029,Female,1,No,Yes,44,Yes,Yes,Fiber optic,Yes,No,No,No,No,No,Month-to-month,Yes,Bank transfer (automatic),77.29,3398.53,No
AECQ-1942,Female,0,No,No,20,Yes,No,No,No internet service,No internet service,No internet service,No internet service,No internet service,No internet service,Month-to-month,No,Electronic check,28.82,579.49,Yes
VYVR-1775,Female,0,No,No,72,No,No phone service,Fiber optic,No,No,No,No,Yes,Yes,Two year,Yes,Credit card (automatic),45.27,3262.03,No
JWAL-8481,Female,0,No,No,65,Yes,No,No,No internet service,No internet service,No internet service,No internet service,No internet service,No internet service,Month-to-month,No,Electronic check,24.14,1574.12,No
HWKT-2339,Female,0,No,No,52,Yes,No,No,No internet service,No internet service,No internet service,No internet service,No internet service,No internet service,Two year,No,Credit card (automatic),21.46,1110.41,No
JXMT-4136,Female,0,Yes,No,64,Yes,Yes,DSL,No,Yes,No,No,No,Yes,Month-to-month,Yes,Bank transfer (automatic),52.63,3366.82,No
SQPM-7756,Female,0,Yes,No,7,Yes,No,Fiber optic,No,No,Yes,No,No,No,Month-to-month,Yes,Electronic check,52.39,366.86,No
ZRUL-6802,Female,0,Yes,No,33,Yes,Yes,Fiber optic,No,Yes,No,Yes,No,Yes,Month-to-month,Yes,Electronic check,87.93,2911.58,No
FNWF-0357,Male,0,Yes,No,9,Yes,No,DSL,Yes,Yes,No,No,No,No,Month-to-month,Yes,Mailed check,34.16,308.59,No
ZONP-3627,Male,0,Yes,No,0,Yes,Yes,DSL,Yes,No,Yes,No,Yes,No,Two year,No,Credit card (automatic),49.04,0.0,No
ADXJ-3113,Female,0,Yes,No,34,Yes,Yes,Fiber optic,No,No,No,No,No,Yes,Month-to-month,No,Mailed check,46.4,1577.38,Yes
ODPO-1652,Male,0,Yes,No,54,Yes,Yes,DSL,No,Yes,Yes,No,Yes,No,Month-to-month,Yes,Electronic check,71.25,3836.82,No
HXAC-4149,Male,0,Yes,No,25,Yes,Yes,Fiber optic,No,No,No,No,No,Yes,Month-to-month,No,Mailed check,97.49,2442.61,Yes
SIKQ-3958,Male,0,No,Yes,67,Yes,Yes,Fiber optic,Yes,No,Yes,Yes,Yes,No,Month-to-month,No,Mailed check,62.57,4197.37,No
SCUW-4746,Male,1,Yes,No,4,Yes,No,No,No internet service,No internet service,No internet service,No internet service,No internet service,No internet service,Month-to-month,Yes,Credit card (automatic),28.5,116.42,Yes
FZMB-2348,Female,1,Yes,No,66,Yes,No,DSL,Yes,Yes,Yes,Yes,No,No,Two year,No,Electronic check,65.14,4299.4,No
FQSW-7649,Female,0,No,No,18,Yes,No,Fiber optic,Yes,Yes,No,No,No,Yes,Month-to-month,No,Electronic check,99.99,1798.12,No
XPIG-8082,Female,0,No,No,42,Yes,No,No,No internet service,No internet service,No internet service,No internet service,No internet service,No internet service,Month-to-month,No,Electronic check,25.92,1097.35,Yes
VHST-6638,Female,0,No,No,38,Yes,No,Fiber optic,Yes,No,No,No,Yes,No,One year,Yes,Mailed check,65.35,2485.64,No
MCLX-7363,Male,0,No,No,26,Yes,No,No,No internet service,No internet service,No internet service,No internet service,No internet service,No internet service,One year,Yes,Electronic check,26.62,689.97,No
LQAQ-1594,Male,0,Yes,No,21,Yes,Yes,DSL,Yes,Yes,Yes,No,No,No,Month-to-month,Yes,Electronic check,60.22,1268.13,No
KRHY-6836,Male,0,Yes,No,48,No,No phone service,Fiber optic,No,No,No,No,No,Yes,Month-to-month,Yes,Electronic check,108.0,5196.56,Yes
UPUS-8945,Male,0,No,No,57,Yes,Yes,DSL,Yes,No,No,No,No,No,Two year,No,Credit card (automatic),65.62,3745.24,No
SJGI-8994,Female,1,No,No,58,Yes,No,No,No internet service,No internet service,No internet service,No internet service,No internet service,No internet service,Month-to-month,Yes,Mailed check,18.89,1095.87,No
WLSF-7715,Female,0,No,No,39,Yes,Yes,No,No internet service,No internet service,No internet service,No internet service,No internet service,No internet service,Month-to-month,No,Mailed check,20.47,801.02,No
GLGS-8121,Female,0,Yes,No,14,Yes,No,DSL,Yes,No,Yes,No,No,Yes,Two year,Yes,Electronic check,32.66,454.96,No
KYDR-2395,Male,0,Yes,No,31,Yes,No,Fiber optic,No,Yes,No,No,No,Yes,Month-to-month,Yes,Credit card (automatic),51.08,1591.23,Yes
ECPZ-7762,Female,0,Yes,Yes,57,Yes,No,DSL,No,No,Yes,Yes,No,No,Month-to-month,Yes,Bank transfer (automatic),27.64,1560.32,No
NOQU-0564,Female,0,No,Yes,55,Yes,Yes,No,No internet service,No internet service,No internet service,No internet service,No internet service,No internet service,One year,Yes,Electronic check,25.36,1384.52,No
TBEI-3157,Female,0,No,No,51,Yes,No,No,No internet service,No internet service,No internet service,No internet service,No internet service,No internet service,Month-to-month,No,Bank transfer (automatic),19.59,1004.33,No
BIGR-4464,Male,0,No,No,27,Yes,No,No,No internet service,No internet service,No internet service,No internet service,No internet service,No internet service,Two year,No,Credit card (automatic),20.52,558.62,No
KVNY-2279,Female,0,No,Yes,23,No,No phone service,Fiber optic,Yes,No,No,No,Yes,No,Two year,Yes,Electronic check,103.7,2387.59,No
FZCB-1144,Female,0,No,Yes,36,Yes,No,DSL,Yes,No,No,No,No,Yes,Month-to-month,Yes,Credit card (automatic),70.8,2549.89,No
QBRO-3624,Female,0,Yes,No,61,Yes,Yes,Fiber optic,No,No,No,No,No,No,Two year,Yes,Bank transfer (automatic),50.58,3092.59,Yes
KIEY-0847,Female,1,Yes,No,4,Yes,No,No,No internet service,No internet service,No internet service,No internet service,No internet service,No internet service,Month-to-month,Yes,Credit card (automatic),25.07,107.14,No
UNPF-7128,Male,0,No,Yes,43,Yes,No,DSL,Yes,Yes,No,Yes,Yes,Yes,Month-to-month,No,Mailed check,66.94,2879.14,No
EEYZ-2361,Female,0,No,No,49,Yes,No,DSL,Yes,No,No,No,No,Yes,Month-to-month,Yes,Bank transfer (automatic),70.39,3441.91,No
XUAC-8470,Male,0,No,No,0,Yes,Yes,Fiber optic,No,Yes,No,Yes,Yes,Yes,Month-to-month,No,Bank transfer (automatic),79.4,0.0,No
GGHS-0805,Female,1,Yes,No,63,Yes,No,Fiber optic,Yes,No,No,No,Yes,No,One year,No,Credit card (automatic),95.6,6025.5,No
IRTB-3102,Female,0,No,No,71,Yes,Yes,Fiber optic,No,No,No,No,No,No,Two year,No,Bank transfer (automatic),54.61,3882.09,No
HETU-5545,Female,0,No,No,0,Yes,Yes,Fiber optic,Yes,Yes,Yes,Yes,Yes,No,Month-to-month,No,Electronic check,75.53,0.0,No
IUMV-3254,Female,0,No,No,14,Yes,Yes,Fiber optic,No,No,Yes,Yes,No,No,Two year,No,Electronic check,70.85,994.87,No
TUGQ-0018,Female,0,No,No,0,Yes,No,No,No internet service,No internet service,No internet service,No internet service,No internet service,No internet service,Two year,No,Electronic check,27.88,0.0,Yes
MEIM-4651,Male,0,No,No,51,Yes,No,Fiber optic,No,Yes,Yes,No,Yes,No,Month-to-month,Yes,Electronic check,76.94,3932.15,Yes
PSED-5772,Female,0,Yes,Yes,40,Yes,No,Fiber optic,Yes,No,Yes,No,Yes,No,One year,Yes,Electronic check,47.14,1886.3,No
DABM-8991,Female,0,No,No,62,Yes,No,DSL,Yes,No,No,Yes,Yes,No,Month-to-month,Yes,Electronic check,63.52,3945.21,No
LVPW-5787,Female,0,No,No,45,Yes,No,DSL,No,No,No,Yes,No,Yes,Month-to-month,Yes,Bank transfer (automatic),52.48,2361.71,No
UXJO-9871,Male,0,No,No,20,Yes,Yes,No,No internet service,No internet service,No internet service,No internet service,No internet service,No internet service,Month-to-month,Yes,Credit card (automatic),20.21,406.26,No
RLCG-8785,Male,0,No,No,64,Yes,No,No,No internet service,No internet service,No internet service,No internet service,No internet service,No internet service,One year,No,Mailed check,25.41,1623.11,No
ANPP-3557,Female,0,Yes,No,51,Yes,No,Fiber optic,No,No,No,No,Yes,No,Month-to-month,No,Credit card (automatic),45.11,2303.46,No
AMRR-5614,Male,0,Yes,No,30,Yes,No,DSL,No,Yes,Yes,No,No,Yes,Two year,No,Electronic check,67.44,2024.89,No
VDQS-9851,Female,0,No,No,70,Yes,No,DSL,No,No,Yes,No,Yes,No,One year,No,Electronic check,51.93,3630.87,No
YDKM-7962,Male,0,Yes,Yes,35,No,No phone service,No,No internet service,No internet service,No internet service,No internet service,No internet service,No internet service,One year,Yes,Mailed check,23.33,821.14,No
OHTR-4077,Female,0,Yes,No,23,Yes,Yes,Fiber optic,Yes,Yes,No,Yes,No,No,One year,Yes,Electronic check,96.99,2237.27,No
CATY-8065,Male,0,No,No,37,Yes,No,DSL,Yes,Yes,Yes,No,Yes,No,One year,No,Credit card (automatic),58.45,2158.97,No
WGXP-7913,Male,0,Yes,No,67,Yes,No,DSL,No,Yes,No,Yes,Yes,No,Two year,No,Mailed check,71.78,4806.68,No
TMOZ-7221,Male,0,Yes,No,1,Yes,No,DSL,Yes,Yes,No,No,No,Yes,Month-to-month,Yes,Electronic check,35.79,35.97,No
AHIY-7408,Male,0,Yes,Yes,65,No,No phone service,DSL,No,No,No,No,Yes,Yes,One year,Yes,Electronic check,72.74,4724.76,No
FOWX-4566,Male,0,Yes,No,56,Yes,No,No,No internet service,No internet service,No internet service,No internet service,No internet service,No internet service,Month-to-month,No,Bank transfer (automatic),28.37,1585.54,No
RNKN-0749,Male,1,Yes,No,62,Yes,No,No,No internet service,No internet service,No internet service,No internet service,No internet service,No internet service,One year,Yes,Mailed check,29.15,1812.44,No
BSPV-9574,Male,1,No,No,70,Yes,No,DSL,No,No,No,No,Yes,No,Month-to-month,Yes,Mailed check,58.85,4120.01,No
EGZM-4856,Male,1,Yes,Yes,40,Yes,Yes,DSL,No,Yes,No,Yes,No,No,Two year,No,Electronic check,66.18,2641.43,No
LHME-3798,Female,1,No,No,6,Yes,Yes,Fiber optic,No,No,No,Yes,Yes,Yes,Month-to-month,No,Mailed check,88.55,531.98,No
ACLT-6599,Female,0,Yes,No,56,Yes,No,Fiber optic,Yes,Yes,No,No,No,No,Two year,Yes,Bank transfer (automatic),65.6,3680.55,No
PAPD-5211,Female,0,Yes,No,44,Yes,No,DSL,Yes,No,No,No,Yes,Yes,Month-to-month,No,Mailed check,59.21,2611.14,No
JDAO-9191,Female,0,No,No,7,Yes,Yes,No,No internet service,No internet service,No internet service,No internet service,No internet service,No internet service,Two year,Yes,Electronic check,28.05,201.43,No
TDAG-6999,Female,0,Yes,No,2,Yes,No,No,No internet service,No internet service,No internet service,No internet service,No internet service,No internet service,Two year,Yes,Bank transfer (automatic),28.63,58.55,No
AKXJ-6653,Female,1,No,Yes,31,Yes,No,DSL,Yes,No,No,No,Yes,Yes,Two year,Yes,Electronic check,25.32,783.89,No
XBGS-2624,Male,0,No,No,67,Yes,No,Fiber optic,No,No,Yes,Yes,No,No,Month-to-month,Yes,Bank transfer (automatic),46.64,3122.57,No
HNDG-6179,Male,0,Yes,No,9,Yes,Yes,Fiber optic,No,No,Yes,Yes,No,No,Two year,No,Mailed check,75.35,680.67,No
LJNI-5400,Male,0,No,No,17,Yes,No,DSL,No,Yes,Yes,Yes,No,Yes,Two year,No,Electronic check,53.73,913.84,No
YTQK-9257,Female,1,Yes,Yes,52,Yes,No,Fiber optic,Yes,No,No,No,No,No,Month-to-month,No,Bank transfer (automatic),59.09,3082.79,Yes
JBXN-0176,Male,0,Yes,Yes,10,No,No phone service,Fiber optic,Yes,Yes,No,No,No,No,Month-to-month,No,Electronic check,81.34,815.14,No
EPPZ-1847,Male,0,No,Yes,31,Yes,No,Fiber optic,No,No,No,No,No,Yes,Month-to-month,Yes,Bank transfer (automatic),103.48,3207.33,No
TNYJ-6121,Male,0,Yes,No,5,Yes,No,DSL,Yes,Yes,Yes,Yes,No,Yes,Month-to-month,Yes,Electronic check,48.09,238.62,No
UBUI-1866,Male,1,Yes,Yes,37,Yes,Yes,Fiber optic,Yes,No,No,No,No,Yes,Two year,No,Credit card (automatic),107.93,3999.67,No
NEHW-5151,Female,1,Yes,Yes,54,Yes,Yes,Fiber optic,No,Yes,No,No,Yes,Yes,Month-to-month,Yes,Electronic check,61.63,3333.92,No
QIMP-4993,Male,0,No,No,27,Yes,No,Fiber optic,No,No,No,No,Yes,No,One year,No,Credit card (automatic),45.92,1227.32,No
LHOU-6277,Male,0,No,No,25,Yes,Yes,No,No internet service,No internet service,No internet service,No internet service,No internet service,No internet service,Month-to-month,Yes,Electronic check,22.7,574.15,No
SIXQ-7359,Female,0,Yes,Yes,71,Yes,No,Fiber optic,Yes,Yes,No,No,No,No,Two year,No,Mailed check,107.7,7646.44,No
YEWM-0853,Female,0,Yes,No,21,Yes,Yes,No,No internet service,No internet service,No internet service,No internet service,No internet service,No internet service,Month-to-month,Yes,Mailed check,22.71,472.52,No
VESG-2136,Female,1,No,No,5,Yes,Yes,No,No internet service,No internet service,No internet service,No internet service,No internet service,No internet service,Month-to-month,Yes,Mailed check,23.17,115.15,No
ENIJ-6881,Male,0,Yes,No,35,No,No phone service,Fiber optic,No,Yes,Yes,No,No,No,Month-to-month,Yes,Mailed check,62.54,2183.23,No
QTDM-1224,Male,0,Yes,No,10,Yes,No,Fiber optic,No,No,No,Yes,Yes,No,One year,Yes,Credit card (automatic),67.13,665.33,No
AIXH-2105,Male,0,No,No,33,Yes,Yes,Fiber optic,No,Yes,No,Yes,No,No,Two year,Yes,Mailed check,55.13,1823.71,No
MJQK-4883,Female,0,Yes,Yes,2,Yes,No,No,No internet service,No internet service,No internet service,No internet service,No internet service,No internet service,Month-to-month,Yes,Mailed check,24.82,42.51,No
WKWD-4866,Male,0,Yes,No,49,Yes,No,Fiber optic,Yes,Yes,No,No,No,Yes,Two year,Yes,Electronic check,67.98,3338.95,No
ZWYE-5201,Female,0,No,Yes,35,No,No phone service,DSL,Yes,No,Yes,Yes,Yes,Yes,Month-to-month,Yes,Electronic check,43.09,1508.76,No
XMAJ-6457,Female,0,Yes,No,54,Yes,Yes,DSL,Yes,No,No,No,Yes,No,Month-to-month,Yes,Mailed check,25.78,1390.1,No
TVNK-2617,Female,0,No,No,29,Yes,Yes,No,No internet service,No internet service,No internet service,No internet service,No internet service,No internet service,Month-to-month,No,Credit card (automatic),21.37,617.82,No
MGLH-1238,Male,0,No,Yes,61,Yes,No,DSL,Yes,No,No,No,Yes,Yes,One year,Yes,Electronic check,47.66,2910.91,No
LPUV-0339,Female,1,Yes,No,52,Yes,No,No,No internet service,No internet service,No internet service,No internet service,No internet service,No internet service,One year,No,Credit card (automatic),20.76,1076.26,No
XXZV-7840,Female,0,No,No,49,Yes,Yes,No,No internet service,No internet service,No internet service,No internet service,No internet service,No internet service,Month-to-month,No,Bank transfer (automatic),20.81,1015.9,Yes
QBBU-6633,Male,0,No,Yes,31,Yes,No,Fiber optic,No,No,No,Yes,No,No,Month-to-month,No,Mailed check,77.93,2420.18,No
KZCB-2703,Female,0,No,Yes,8,No,No phone service,No,No internet service,No internet service,No internet service,No internet service,No internet service,No internet service,Two year,Yes,Bank transfer (automatic),29.3,233.39,No
GPEB-0542,Female,0,No,Yes,15,Yes,No,DSL,No,Yes,No,Yes,No,Yes,Month-to-month,Yes,Bank transfer (automatic),37.28,565.94,No
OPKY-2148,Male,0,Yes,Yes,37,Yes,Yes,No,No internet service,No internet service,No internet service,No internet service,No internet service,No internet service,Month-to-month,Yes,Credit card (automatic),20.48,742.53,No
HVSV-4046,Male,0,No,No,18,Yes,No,Fiber optic,Yes,No,No,Yes,No,Yes,Two year,Yes,Electronic check,68.74,1240.35,No
IQCH-5491,Female,0,Yes,No,35,Yes,No,No,No internet service,No internet service,No internet service,No internet service,No internet service,No internet service,One year,Yes,Bank transfer (automatic),28.2,986.27,No
CLPR-0626,Female,0,No,No,10,Yes,Yes,DSL,No,No,Yes,Yes,Yes,No,Month-to-month,Yes,Credit card (automatic),57.02,568.45,Yes
WHQU-9860,Male,1,No,No,62,Yes,No,DSL,No,Yes,No,No,Yes,Yes,Month-to-month,Yes,Bank transfer (automatic),63.48,3934.31,No
HSTT-9707,Female,0,Yes,No,42,Yes,Yes,DSL,No,Yes,No,No,Yes,No,Month-to-month,No,Electronic check,63.07,2643.29,No
YYUD-3879,Female,0,Yes,No,32,Yes,No,Fiber optic,No,Yes,No,Yes,No,No,Month-to-month,No,Electronic check,69.24,2216.44,Yes
OZGL-2387,Female,0,Yes,No,48,No,No phone service,DSL,No,No,No,Yes,No,No,Month-to-month,Yes,Mailed check,27.27,1319.6,No
LASP-9117,Female,0,No,No,50,Yes,Yes,DSL,Yes,No,Yes,No,No,No,Month-to-month,No,Mailed check,65.43,3270.94,No
FLVD-0671,Male,1,Yes,No,49,Yes,No,DSL,No,No,No,No,Yes,No,Month-to-month,Yes,Electronic check,39.58,1940.35,Yes
BPAD-5433,Female,0,No,Yes,23,Yes,No,Fiber optic,Yes,Yes,No,Yes,Yes,No,Month-to-month,Yes,Credit card (automatic),72.23,1658.15,No
ZOGG-1613,Female,0,Yes,No,20,Yes,No,Fiber optic,Yes,No,Yes,Yes,No,Yes,Month-to-month,Yes,Credit card (automatic),72.02,1442.89,Yes
OAUQ-3875,Male,0,Yes,No,25,Yes,No,Fiber optic,Yes,Yes,No,No,Yes,Yes,Month-to-month,No,Credit card (automatic),87.29,2177.36,Yes
OXEG-7634,Female,0,No,No,18,Yes,Yes,Fiber optic,No,No,Yes,Yes,No,Yes,Month-to-month,Yes,Mailed check,77.98,1398.27,Yes
NJVP-5891,Female,0,No,Yes,66,Yes,No,No,No internet service,No internet service,No internet service,No internet service,No internet service,No internet service,Two year,Yes,Mailed check,26.81,1771.8,No
VMCR-5344,Female,0,Yes,Yes,65,Yes,Yes,No,No internet service,No internet service,No internet service,No internet service,No internet service,No internet service,Month-to-month,No,Bank transfer (automatic),22.39,1465.72,Yes
SPDS-6053,Female,0,Yes,Yes,40,No,No phone service,Fiber optic,Yes,Yes,No,No,No,No,Two year,Yes,Electronic check,97.05,3884.37,No
AQEE-9638,Male,1,Yes,No,63,Yes,Yes,Fiber optic,No,Yes,No,Yes,Yes,Yes,Month-to-month,Yes,Mailed check,88.56,5582.13,No
DWUU-5742,Male,0,No,No,32,Yes,Yes,Fiber optic,No,Yes,No,No,No,Yes,Two year,Yes,Electronic check,54.65,1750.31,No
FLNR-7727,Female,0,No,Yes,31,Yes,No,DSL,No,No,Yes,No,No,No,Month-to-month,No,Bank transfer (automatic),58.15,1803.58,No
IEEF-6240,Male,0,Yes,No,24,Yes,No,Fiber optic,No,No,No,Yes,No,No,One year,Yes,Mailed check,58.99,1423.15,No
KZUT-0607,Male,0,No,No,59,Yes,No,Fiber optic,No,Yes,No,No,Yes,No,Two year,No,Mailed check,70.18,4136.52,No
ZBZM-4586,Male,0,Yes,No,2,Yes,No,Fiber optic,No,No,Yes,Yes,Yes,Yes,Month-to-month,No,Electronic check,51.59,116.57,No
VUVK-3084,Female,0,No,No,50,Yes,Yes,Fiber optic,No,No,Yes,Yes,Yes,Yes,Month-to-month,No,Mailed check,64.92,3238.85,No
XGHA-8027,Female,0,Yes,No,6,Yes,Yes,Fiber optic,No,Yes,Yes,No,No,Yes,One year,Yes,Electronic check,102.22,603.42,No
KANA-5452,Male,0,Yes,Yes,60,Yes,Yes,DSL,No,No,Yes,No,Yes,Yes,Month-to-month,No,Bank transfer (automatic),59.29,3558.05,No
JLJV-1753,Male,0,Yes,No,24,Yes,No,No,No internet service,No internet service,No internet service,No internet service,No internet service,No internet service,One year,Yes,Credit card (automatic),18.41,430.34,No
DKWN-2258,Male,0,No,No,7,Yes,No,No,No internet service,No internet service,No internet service,No internet service,No internet service,No internet service,Two year,No,Credit card (automatic),29.65,203.39,No
AEQA-2232,Male,0,Yes,Yes,24,Yes,No,Fiber optic,No,Yes,Yes,Yes,No,No,One year,Yes,Mailed check,49.44,1181.04,No
FODX-0700,Male,1,Yes,No,62,Yes,Yes,DSL,No,Yes,No,Yes,No,No,Month-to-month,No,Mailed check,30.09,1868.89,No
WAIN-7011,Male,1,No,Yes,31,Yes,No,Fiber optic,No,No,No,No,Yes,Yes,One year,Yes,Electronic check,96.08,2984.81,No
RFTH-0939,Male,0,No,No,31,Yes,No,Fiber optic,Yes,Yes,Yes,No,No,No,Two year,Yes,Electronic check,49.53,1528.96,No
KEIE-2396,Female,0,Yes,Yes,52,Yes,No,No,No internet service,No internet service,No internet service,No internet service,No internet service,No internet service,Month-to-month,No,Credit card (automatic),22.84,1192.46,No
AFHQ-7608,Female,1,No,No,24,Yes,No,DSL,No,No,No,Yes,Yes,Yes,Two year,Yes,Bank transfer (automatic),74.95,1790.38,No
KSBW-2092,Female,1,Yes,No,25,Yes,No,Fiber optic,Yes,No,Yes,Yes,Yes,No,One year,Yes,Credit card (automatic),50.57,1262.04,No
VCUY-6106,Female,0,Yes,No,7,Yes,Yes,Fiber optic,No,Yes,No,Yes,No,Yes,Month-to-month,Yes,Mailed check,66.72,470.22,No
TKWF-6324,Male,0,Yes,No,68,Yes,Yes,DSL,Yes,No,No,No,No,No,Two year,Yes,Mailed check,39.1,2665.34,Yes
SNCD-7132,Female,0,No,Yes,1,Yes,No,DSL,No,No,No,No,Yes,No,Month-to-month,Yes,Electronic check,35.02,32.78,No
GBAZ-0526,Male,0,No,No,18,Yes,Yes,Fiber optic,No,No,No,No,No,No,Month-to-month,No,Mailed check,106.58,1922.84,Yes
XEUR-7909,Female,0,Yes,No,66,Yes,No,No,No internet service,No internet service,No internet service,No internet service,No internet service,No internet service,One year,Yes,Electronic check,24.96,1656.36,No
IQAA-6364,Female,0,No,No,69,Yes,Yes,No,No internet service,No internet service,No internet service,No internet service,No internet service,No internet service,Month-to-month,No,Mailed check,20.84,1443.11,No
LPNW-9631,Male,0,No,No,7,No,No phone service,Fiber optic,Yes,Yes,Yes,No,Yes,No,Two year,Yes,Credit card (automatic),69.04,490.09,No
XRPI-4887,Male,0,No,No,58,No,No phone service,Fiber optic,Yes,No,No,No,Yes,Yes,Month-to-month,Yes,Credit card (automatic),64.37,3733.26,No
XTPT-1335,Female,0,Yes,No,4,Yes,No,Fiber optic,No,No,Yes,Yes,Yes,Yes,Month-to-month,Yes,Electronic check,106.01,425.98,No
CROH-1762,Female,0,No,Yes,30,No,No phone service,Fiber optic,No,Yes,No,Yes,No,No,Month-to-month,Yes,Mailed check,95.85,2873.23,Yes
FVZU-7465,Female,1,No,No,12,Yes,No,DSL,Yes,No,No,No,No,No,Month-to-month,Yes,Credit card (automatic),25.25,298.27,No
OGMY-2969,Female,0,No,No,0,Yes,Yes,Fiber optic,No,No,No,Yes,Yes,No,Month-to-month,Yes,Electronic check,74.02,0.0,No
CBWD-0555,Female,0,Yes,No,45,Yes,No,DSL,No,No,No,Yes,No,No,Month-to-month,Yes,Electronic check,74.21,3332.39,No
BQCL-1554,Male,0,Yes,Yes,3,Yes,No,No,No internet service,No internet service,No internet service,No internet service,No internet service,No internet service,Month-to-month,Yes,Electronic check,29.84,94.43,No
JJUI-4953,Male,0,No,No,19,Yes,No,No,No internet service,No internet service,No internet service,No internet service,No internet service,No internet service,One year,No,Credit card (automatic),24.69,479.42,No
ZNQT-1926,Male,1,Yes,No,31,Yes,No,Fiber optic,Yes,No,No,No,Yes,Yes,Month-to-month,No,Mailed check,107.85,3345.58,No
GAHW-0717,Male,0,Yes,No,2,Yes,No,DSL,Yes,No,No,Yes,No,Yes,One year,No,Electronic check,74.81,151.14,No
SJGM-5491,Male,1,Yes,No,51,Yes,No,Fiber optic,No,Yes,Yes,No,No,No,Month-to-month,No,Electronic check,50.35,2563.42,Yes
BLOQ-8770,Male,0,Yes,Yes,10,Yes,Yes,No,No internet service,No internet service,No internet service,No internet service,No internet service,No internet service,Month-to-month,Yes,Mailed check,22.72,229.9,No
ELFR-9458,Female,0,No,No,8,Yes,Yes,No,No internet service,No internet service,No internet service,No internet service,No internet service,No internet service,Month-to-month,No,Electronic check,21.3,167.83,Yes
OJQZ-2800,Male,0,No,No,56,No,No phone service,No,No internet service,No internet service,No internet service,No internet service,No internet service,No internet service,Month-to-month,No,Electronic check,21.79,1216.95,No
AWUV-7112,Female,0,Yes,Yes,61,Yes,Yes,Fiber optic,No,No,Yes,No,Yes,Yes,One year,Yes,Mailed check,58.92,3593.1,No
MSMS-3218,Female,0,No,No,55,Yes,Yes,No,No internet service,No internet service,No internet service,No internet service,No internet service,No internet service,Month-to-month,Yes,Bank transfer (automatic),25.48,1403.45,No
FSYD-3766,Female,0,No,Yes,50,No,No phone service,DSL,No,No,Yes,Yes,Yes,Yes,Month-to-month,Yes,Mailed check,71.03,3557.38,No
ZWZP-4637,Female,1,No,No,1,Yes,No,DSL,Yes,Yes,Yes,No,Yes,Yes,Two year,Yes,Credit card (automatic),35.98,41.35,No
YMSG-9801,Female,0,No,Yes,14,Yes,Yes,Fiber optic,Yes,No,No,No,No,Yes,Month-to-month,Yes,Electronic check,55.12,776.32,No
PGRG-0245,Female,0,Yes,Yes,68,Yes,No,DSL,Yes,Yes,Yes,Yes,Yes,Yes,Month-to-month,No,Bank transfer (automatic),70.37,4775.89,No
OYYC-7365,Female,0,No,No,38,Yes,No,DSL,No,Yes,Yes,Yes,No,Yes,Month-to-month,Yes,Bank transfer (automatic),27.42,1048.43,Yes
HVDR-6388,Female,0,No,Yes,33,Yes,Yes,Fiber optic,No,Yes,Yes,Yes,No,No,Month-to-month,Yes,Electronic check,84.05,2760.7,Yes
WUSC-8830,Male,1,Yes,No,42,Yes,No,Fiber optic,No,No,No,No,No,No,Month-to-month,Yes,Electronic check,48.98,2056.11,No
ZUNP-7939,Male,0,No,No,65,Yes,No,DSL,No,Yes,Yes,No,No,Yes,Month-to-month,Yes,Bank transfer (automatic),58.49,3800.0,No
ZTLI-8697,Female,0,No,No,44,No,No phone service,Fiber optic,No,Yes,No,Yes,Yes,No,Two year,No,Credit card (automatic),87.32,3850.2,No
LTXN-5262,Female,0,No,No,26,Yes,Yes,No,No internet service,No internet service,No internet service,No internet service,No internet service,No internet service,Month-to-month,Yes,Electronic check,21.53,561.05,No
KWUT-2737,Male,0,Yes,No,66,Yes,Yes,DSL,No,No,Yes,No,Yes,No,One year,Yes,Mailed check,63.91,4219.61,No
ZCJM-8544,Female,0,No,No,61,Yes,No,No,No internet service,No internet service,No internet service,No internet service,No internet service,No internet service,One year,No,Electronic check,23.28,1426.98,No
MSBF-0643,Male,0,Yes,Yes,63,Yes,No,Fiber optic,No,Yes,No,No,No,Yes,Two year,Yes,Credit card (automatic),97.15,6122.0,No
YZPQ-3254,Female,1,Yes,Yes,1,Yes,No,Fiber optic,No,No,Yes,No,Yes,No,Month-to-month,No,Electronic check,78.33,90.11,No
WMAU-1118,Female,0,Yes,Yes,27,Yes,No,DSL,Yes,Yes,Yes,No,Yes,Yes,Month-to-month,No,Bank transfer (automatic),26.53,713.33,No
ZCDO-4334,Female,1,Yes,No,40,Yes,No,DSL,Yes,No,No,Yes,Yes,Yes,One year,No,Mailed check,40.15,1616.42,No
JPYL-8525,Female,0,Yes,No,51,Yes,No,Fiber optic,No,Yes,No,Yes,No,No,Month-to-month,No,Mailed check,97.51,4977.3,No
JTCV-5187,Female,1,Yes,No,13,Yes,No,DSL,No,Yes,No,Yes,Yes,Yes,Month-to-month,No,Mailed check,69.59,894.67,No
FQRD-6894,Male,1,No,No,60,Yes,No,DSL,No,No,Yes,Yes,Yes,No,One year,Yes,Electronic check,67.59,4054.38,No
ZBKK-0904,Female,1,Yes,No,49,Yes,No,No,No internet service,No internet service,No internet service,No internet service,No internet service,No internet service,One year,Yes,Bank transfer (automatic),28.41,1401.96,No
WYIX-0455,Female,0,Yes,No,12,Yes,No,DSL,No,No,Yes,No,No,No,Month-to-month,Yes,Credit card (automatic),38.02,449.89,No
DASJ-3334,Male,0,Yes,No,67,No,No phone service,Fiber optic,No,Yes,No,No,Yes,No,Month-to-month,Yes,Electronic check,61.19,4093.78,No
OOYP-3880,Female,0,Yes,No,18,Yes,Yes,Fiber optic,Yes,No,No,Yes,Yes,No,Month-to-month,No,Mailed check,101.87,1832.26,No
EITE-3191,Male,0,No,No,35,Yes,No,DSL,No,No,No,No,Yes,Yes,Month-to-month,Yes,Mailed check,64.2,2247.51,No
BPAP-2903,Male,1,Yes,Yes,69,Yes,Yes,Fiber optic,No,No,No,Yes,Yes,Yes,Two year,No,Electronic check,45.01,3100.7,No
QDSY-0786,Male,0,Yes,No,11,Yes,Yes,Fiber optic,No,Yes,No,No,No,No,Month-to-month,Yes,Credit card (automatic),109.21,1204.19,No
QDJQ-3210,Female,1,Yes,No,72,Yes,Yes,Fiber optic,Yes,Yes,No,No,Yes,Yes,Month-to-month,Yes,Credit card (automatic),47.05,3388.5,No
FGFY-8118,Male,0,No,No,12,Yes,No,Fiber optic,Yes,No,No,No,Yes,No,One year,No,Credit card (automatic),68.16,807.01,No
QUAW-8515,Female,0,Yes,No,23,Yes,Yes,DSL,No,Yes,No,No,No,Yes,Month-to-month,No,Electronic check,38.25,889.26,No
ICPY-7679,Female,0,Yes,Yes,45,Yes,Yes,Fiber optic,Yes,No,Yes,Yes,No,Yes,Month-to-month,Yes,Bank transfer (automatic),79.74,3577.17,No
FCWD-9476,Female,0,No,No,14,Yes,Yes,DSL,Yes,Yes,No,No,Yes,Yes,Month-to-month,Yes,Mailed check,50.69,706.06,No
GHJS-2109,Male,0,No,Yes,45,Yes,Yes,Fiber optic,Yes,Yes,Yes,No,Yes,No,One year,No,Mailed check,90.46,4070.93,No
FVMJ-7550,Male,0,No,No,34,Yes,No,No,No internet service,No internet service,No internet service,No internet service,No internet service,No internet service,Month-to-month,Yes,Credit card (automatic),26.99,914.87,Yes
LWWJ-8673,Female,0,No,Yes,17,Yes,No,DSL,No,No,Yes,No,No,No,Two year,Yes,Mailed check,32.21,554.45,No
YAHC-0154,Female,0,No,No,21,Yes,No,Fiber optic,No,Yes,No,Yes,Yes,No,One year,No,Electronic check,101.8,2141.19,No
NSIH-2174,Male,0,Yes,No,24,Yes,No,Fiber optic,Yes,Yes,Yes,No,No,No,Two year,Yes,Mailed check,60.76,1462.43,No
OPYA-9241,Female,1,Yes,No,23,Yes,Yes,DSL,No,No,Yes,No,Yes,Yes,Two year,No,Credit card (automatic),73.67,1693.93,No
CDDK-8088,Male,0,No,No,5,Yes,No,DSL,No,No,No,Yes,No,No,Two year,Yes,Bank transfer (automatic),71.63,360.15,No
KFQL-5744,Female,0,Yes,No,35,Yes,No,No,No internet service,No internet service,No internet service,No internet service,No internet service,No internet service,Two year,No,Bank transfer (automatic),27.68,974.16,No
AQXU-7913,Male,1,Yes,No,9,No,No phone service,Fiber optic,Yes,No,Yes,Yes,No,No,Two year,Yes,Credit card (automatic),71.44,643.18,No
MJIM-2562,Male,0,No,Yes,11,Yes,No,Fiber optic,Yes,Yes,No,No,No,No,One year,Yes,Bank transfer (automatic),56.4,612.63,No
ABKN-9660,Male,0,No,Yes,68,Yes,Yes,No,No internet service,No internet service,No internet service,No internet service,No internet service,No internet service,Month-to-month,No,Bank transfer (automatic),22.8,1554.23,No
ZGOZ-5566,Male,1,Yes,Yes,19,Yes,No,Fiber optic,No,No,No,No,No,Yes,Two year,Yes,Bank transfer (automatic),69.42,1318.4,No
AJUO-7722,Female,0,No,No,36,Yes,No,No,No internet service,No internet service,No internet service,No internet service,No internet service,No internet service,Month-to-month,Yes,Mailed check,26.09,947.54,No
WODF-8911,Male,0,No,No,17,Yes,No,Fiber optic,Yes,No,Yes,Yes,Yes,No,Month-to-month,No,Mailed check,91.16,1548.51,Yes
FSQR-6317,Female,0,Yes,No,40,Yes,Yes,DSL,Yes,No,Yes,No,No,Yes,Month-to-month,No,Credit card (automatic),63.52,2547.41,No
DDRP-0025,Male,0,Yes,Yes,11,Yes,No,Fiber optic,No,No,Yes,No,Yes,No,Month-to-month,Yes,Electronic check,100.29,1111.38,No
WMIU-8702,Male,0,No,No,68,Yes,Yes,DSL,No,No,No,Yes,No,No,Month-to-month,Yes,Bank transfer (automatic),36.79,2509.87,No
XPYN-3538,Female,0,Yes,No,72,Yes,No,Fiber optic,No,Yes,No,Yes,No,Yes,One year,Yes,Bank transfer (automatic),95.71,6894.62,No
BVCJ-3179,Male,0,No,No,63,Yes,Yes,No,No internet service,No internet service,No internet service,No internet service,No internet service,No internet service,Two year,Yes,Mailed check,21.68,1361.6,No
HQZV-0561,Female,0,No,Yes,29,Yes,No,Fiber optic,No,No,Yes,Yes,No,No,Month-to-month,No,Mailed check,72.83,2107.12,No
IHYJ-3370,Female,0,No,No,16,Yes,Yes,Fiber optic,Yes,No,Yes,No,No,No,One year,No,Mailed check,55.52,888.91,No
HWLW-8961,Male,0,Yes,No,34,Yes,Yes,No,No internet service,No internet service,No internet service,No internet service,No internet service,No internet service,Month-to-month,Yes,Bank transfer (automatic),24.62,842.31,No
AQPW-4349,Female,0,No,No,39,Yes,No,DSL,Yes,Yes,Yes,No,No,No,Month-to-month,Yes,Bank transfer (automatic),25.75,1007.15,Yes
ZFLJ-5012,Female,0,Yes,No,18,Yes,Yes,No,No internet service,No internet service,No internet service,No internet service,No internet service,No internet service,Month-to-month,No,Electronic check,29.35,529.1,No
TFMI-1781,Male,0,Yes,No,59,Yes,No,Fiber optic,No,No,Yes,Yes,No,No,One year,No,Mailed check,46.32,2733.75,No
YWYV-1798,Female,0,Yes,No,46,Yes,No,Fiber optic,Yes,No,No,No,No,No,Two year,Yes,Electronic check,83.65,3841.03,No
XRHS-2888,Female,0,Yes,No,1,Yes,No,Fiber optic,Yes,No,No,No,No,No,Month-to-month,No,Bank transfer (automatic),84.27,81.52,No
TLWM-7408,Male,0,Yes,Yes,69,Yes,No,DSL,Yes,No,No,Yes,Yes,Yes,Two year,No,Bank transfer (automatic),46.14,3180.58,No
VSCN-9071,Female,1,Yes,Yes,41,Yes,No,Fiber optic,Yes,Yes,No,No,Yes,Yes,One year,Yes,Bank transfer (automatic),56.05,2310.15,No
LQWK-8577,Male,0,No,No,59,Yes,No,Fiber optic,No,Yes,Yes,No,Yes,Yes,One year,Yes,Electronic check,86.68,5114.62,No
YWYO-8057,Female,0,Yes,Yes,10,Yes,Yes,DSL,Yes,No,No,No,No,No,Month-to-month,Yes,Mailed check,27.0,268.49,No
JYOD-1887,Male,0,Yes,Yes,72,Yes,No,DSL,No,No,No,No,No,No,Month-to-month,No,Mailed check,41.58,2996.34,No
CURN-2034,Female,0,No,No,26,No,No phone service,Fiber optic,Yes,No,Yes,Yes,Yes,Yes,Month-to-month,Yes,Bank transfer (automatic),48.91,1272.34,Yes
ROSV-5683,Female,0,No,No,13,Yes,No,Fiber optic,No,Yes,Yes,Yes,Yes,Yes,One year,No,Bank transfer (automatic),96.05,1250.63,No
EKBV-3465,Male,0,No,No,58,Yes,Yes,Fiber optic,Yes,Yes,No,No,Yes,Yes,Two year,Yes,Mailed check,88.14,5104.13,No
XVJN-7362,Female,1,No,Yes,7,Yes,No,Fiber optic,No,No,Yes,Yes,Yes,No,Month-to-month,Yes,Credit card (automatic),80.37,561.2,No
AIIV-1795,Male,0,No,No,65,Yes,No,DSL,Yes,No,No,No,Yes,No,Month-to-month,Yes,Electronic check,48.21,3129.76,No
WMAS-0900,Female,0,Yes,Yes,4,Yes,Yes,No,No internet service,No internet service,No internet service,No internet service,No internet service,No internet service,Month-to-month,Yes,Mailed check,24.78,109.8,No
DWGL-4514,Male,1,Yes,No,29,Yes,No,Fiber optic,Yes,Yes,Yes,No,No,No,Month-to-month,No,Credit card (automatic),89.21,2584.77,No
GNYV-9328,Male,0,Yes,No,24,No,No phone service,No,No internet service,No internet service,No internet service,No internet service,No internet service,No internet service,Two year,Yes,Credit card (automatic),24.44,582.82,No
WNFW-7422,Female,1,Yes,No,24,Yes,Yes,Fiber optic,No,Yes,Yes,Yes,No,No,Month-to-month,No,Credit card (automatic),59.01,1421.8,Yes
MBXA-7281,Male,0,Yes,No,61,Yes,Yes,Fiber optic,No,Yes,No,No,Yes,Yes,Month-to-month,No,Electronic check,74.52,4544.88,No
JIFA-4985,Male,0,No,No,64,Yes,Yes,DSL,Yes,Yes,No,No,Yes,No,Month-to-month,Yes,Bank transfer (automatic),66.7,4269.25,No
WDAU-1730,Female,0,No,No,0,Yes,Yes,No,No internet service,No internet service,No internet service,No internet service,No internet service,No internet service,One year,No,Bank transfer (automatic),22.0,0.0,No
JWLB-2881,Female,0,No,No,46,Yes,No,No,No internet service,No internet service,No internet service,No internet service,No internet service,No internet service,Two year,Yes,Credit card (automatic),20.7,948.89,No
SPKL-8011,Male,0,Yes,No,72,Yes,No,Fiber optic,No,No,No,No,No,No,Month-to-month,Yes,Mailed check,64.46,4643.97,No
ZSJS-9177,Male,0,Yes,No,26,Yes,Yes,No,No internet service,No internet service,No internet service,No internet service,No internet service,No internet service,Month-to-month,No,Credit card (automatic),22.31,582.11,No
XRMY-6467,Male,0,No,No,37,Yes,No,DSL,Yes,Yes,No,Yes,No,Yes,Month-to-month,Yes,Credit card (automatic),73.63,2721.71,No
YRFI-5102,Female,0,No,Yes,18,Yes,No,Fiber optic,Yes,No,Yes,No,No,Yes,Month-to-month,Yes,Electronic check,72.44,1294.84,No
EGJJ-2893,Male,0,Yes,Yes,39,Yes,Yes,Fiber optic,No,No,Yes,No,No,Yes,Month-to-month,No,Bank transfer (automatic),97.52,3806.41,Yes
JRCU-2439,Male,0,Yes,Yes,11,No,No phone service,No,No internet service,No internet service,No internet service,No internet service,No internet service,No internet service,One year,No,Electronic check,26.0,287.56,No
MSFX-3854,Male,0,Yes,No,65,Yes,No,DSL,No,No,No,Yes,No,Yes,Month-to-month,Yes,Bank transfer (automatic),69.41,4507.31,No
SEUN-3529,Female,0,Yes,No,71,No,No phone service,Fiber optic,No,Yes,Yes,Yes,No,Yes,Month-to-month,Yes,Mailed check,96.8,6875.72,No
AWWP-3810,Male,0,No,Yes,32,Yes,No,DSL,Yes,Yes,Yes,No,No,Yes,Month-to-month,Yes,Electronic check,69.78,2227.49,No
OSGY-1524,Male,0,Yes,No,12,Yes,Yes,DSL,No,No,No,Yes,No,No,Month-to-month,No,Bank transfer (automatic),64.07,769.78,No
LYCA-4076,Female,0,Yes,Yes,42,Yes,Yes,DSL,No,No,Yes,No,Yes,Yes,Month-to-month,No,Electronic check,37.83,1579.94,No
OKRN-8463,Male,0,No,No,20,Yes,Yes,No,No internet service,No internet service,No internet service,No internet service,No internet service,No internet service,One year,No,Electronic check,21.89,442.45,No
LAXM-0257,Female,0,No,Yes,33,Yes,No,No,No internet service,No internet service,No internet service,No internet service,No internet service,No internet service,Month-to-month,Yes,Credit card (automatic),29.75,983.84,Yes
XRYP-3310,Male,1,No,No,29,Yes,Yes,DSL,No,No,No,No,Yes,Yes,Two year,Yes,Bank transfer (automatic),50.42,1465.24,Yes
JGJS-3850,Female,0,Yes,Yes,19,Yes,No,DSL,Yes,Yes,No,Yes,No,Yes,Month-to-month,No,Credit card (automatic),48.33,918.82,No
IIEX-6781,Female,1,Yes,No,35,Yes,No,Fiber optic,No,No,Yes,Yes,No,No,Month-to-month,Yes,Mailed check,101.46,3552.52,No
JUXP-2556,Male,0,No,No,6,Yes,No,Fiber optic,No,No,Yes,No,No,No,Two year,No,Mailed check,104.08,626.5,No
PMCX-7872,Male,0,No,Yes,68,Yes,Yes,No,No internet service,No internet service,No internet service,No internet service,No internet service,No internet service,Month-to-month,Yes,Bank transfer (automatic),20.68,1400.81,No
FYQC-1759,Female,0,No,Yes,8,Yes,No,DSL,Yes,No,No,Yes,Yes,Yes,Month-to-month,No,Mailed check,44.48,358.67,No
KPPX-1567,Female,0,No,No,44,Yes,No,No,No internet service,No internet service,No internet service,No internet service,No internet service,No internet service,Month-to-month,Yes,Credit card (automatic),23.84,1043.58,Yes
IUSB-7095,Male,0,Yes,Yes,17,Yes,No,Fiber optic,Yes,Yes,No,Yes,No,No,Month-to-month,Yes,Mailed check,95.29,1630.24,No
RCXA-5252,Male,1,No,No,46,Yes,No,DSL,No,Yes,No,Yes,No,No,Two year,No,Bank transfer (automatic),63.01,2899.99,No
KHET-8437,Female,0,No,Yes,0,Yes,Yes,DSL,No,No,Yes,Yes,No,No,Two year,No,Electronic check,68.66,0.0,No
XHTQ-1391,Male,0,No,Yes,71,Yes,No,DSL,No,Yes,No,No,No,Yes,Month-to-month,No,Electronic check,51.81,3674.19,No
KJSY-8863,Male,0,No,Yes,52,Yes,Yes,DSL,Yes,Yes,No,No,Yes,Yes,Month-to-month,Yes,Electronic check,56.48,2938.79,No
QCON-7399,Male,0,No,No,36,Yes,Yes,No,No internet service,No internet service,No internet service,No internet service,No internet service,No internet service,Month-to-month,Yes,Bank transfer (automatic),25.76,925.3,Yes
BNHW-9814,Male,0,No,No,19,Yes,Yes,No,No internet service,No internet service,No internet service,No internet service,No internet service,No internet service,One year,Yes,Mailed check,27.27,519.41,No
VMRB-9374,Female,0,Yes,Yes,70,Yes,Yes,No,No internet service,No internet service,No internet service,No internet service,No internet service,No internet service,Two year,Yes,Mailed check,20.63,1444.87,No
ITCZ-7083,Male,0,No,No,57,Yes,No,DSL,No,Yes,Yes,Yes,Yes,No,Month-to-month,No,Electronic check,72.08,4109.34,Yes
KYHC-2823,Male,0,No,No,40,Yes,No,Fiber optic,No,Yes,No,Yes,No,Yes,Month-to-month,No,Electronic check,86.27,3442.33,No
YDKS-6509,Female,0,Yes,Yes,37,Yes,No,No,No internet service,No internet service,No internet service,No internet service,No internet service,No internet service,Month-to-month,No,Bank transfer (automatic),29.53,1094.73,No
XQPT-5564,Female,0,No,Yes,43,Yes,No,Fiber optic,Yes,No,Yes,No,Yes,No,Month-to-month,Yes,Mailed check,60.3,2590.54,Yes
ETVW-9908,Male,0,No,No,14,Yes,No,DSL,Yes,No,No,No,Yes,Yes,One year,Yes,Bank transfer (automatic),62.21,870.22,No
XWIC-9365,Male,0,Yes,No,34,Yes,No,DSL,Yes,Yes,No,No,Yes,Yes,Two year,Yes,Credit card (automatic),35.63,1217.7,No
NPRP-1968,Female,0,No,No,26,No,No phone service,Fiber optic,Yes,Yes,No,No,Yes,No,Month-to-month,No,Electronic check,98.29,2551.28,Yes
OIGX-9206,Male,0,Yes,Yes,20,Yes,Yes,Fiber optic,No,No,Yes,No,Yes,No,One year,Yes,Mailed check,82.99,1659.12,No
HBYT-9827,Female,0,Yes,No,39,No,No phone service,No,No internet service,No internet service,No internet service,No internet service,No internet service,No internet service,Month-to-month,Yes,Mailed check,18.18,715.1,No
BSQE-3098,Male,0,No,Yes,43,Yes,No,No,No internet service,No internet service,No internet service,No internet service,No internet service,No internet service,Two year,Yes,Bank transfer (automatic),22.98,980.06,No
VFKB-6857,Male,0,Yes,No,43,Yes,Yes,DSL,No,Yes,Yes,Yes,No,Yes,Month-to-month,Yes,Electronic check,36.79,1583.41,No
LURM-3005,Male,0,Yes,Yes,4,Yes,Yes,DSL,No,Yes,No,Yes,No,Yes,One year,No,Electronic check,46.92,192.46,Yes
RVPA-9281,Male,0,No,No,48,Yes,No,No,No internet service,No internet service,No internet service,No internet service,No internet service,No internet service,Month-to-month,No,Mailed check,19.29,934.1,No
XFVW-4357,Male,0,No,No,68,Yes,No,Fiber optic,No,No,No,Yes,Yes,Yes,Two year,Yes,Electronic check,60.13,4085.51,No
DEGF-3393,Male,1,No,No,20,No,No phone service,DSL,Yes,No,No,No,Yes,Yes,Month-to-month,Yes,Credit card (automatic),43.91,877.99,No
AUHG-4206,Female,1,Yes,No,7,Yes,Yes,No,No internet service,No internet service,No internet service,No internet service,No internet service,No internet service,One year,Yes,Electronic check,20.58,153.98,No
MOST-4768,Male,0,No,Yes,65,Yes,Yes,Fiber optic,Yes,No,No,Yes,Yes,Yes,Two year,Yes,Electronic check,106.93,6945.17,No
CKJA-0901,Male,0,Yes,No,36,Yes,Yes,DSL,Yes,Yes,No,No,Yes,No,Two year,No,Electronic check,53.83,1937.66,No
BGIX-3129,Male,0,No,No,13,Yes,No,Fiber optic,No,Yes,No,No,Yes,No,Two year,Yes,Electronic check,84.2,1104.95,No
EIXM-2892,Male,0,No,No,33,Yes,No,Fiber optic,No,Yes,Yes,Yes,No,Yes,Month-to-month,Yes,Electronic check,76.63,2528.2,No
JLNH-0335,Female,0,No,No,59,Yes,Yes,DSL,Yes,Yes,No,Yes,Yes,No,One year,Yes,Credit card (automatic),56.3,3317.07,No
LRGE-9555,Female,0,No,No,60,Yes,No,Fiber optic,Yes,Yes,No,No,No,Yes,Month-to-month,Yes,Credit card (automatic),97.27,5836.12,No
ZLHJ-3978,Male,0,No,No,45,Yes,Yes,Fiber optic,Yes,Yes,No,No,Yes,No,Month-to-month,Yes,Bank transfer (automatic),86.72,3906.73,No
MTQS-0603,Male,1,Yes,Yes,20,Yes,No,Fiber optic,No,No,Yes,Yes,No,Yes,Month-to-month,Yes,Bank transfer (automatic),51.32,1019.98,Yes
NQMB-0462,Female,1,Yes,No,17,No,No phone service,DSL,No,No,Yes,No,No,Yes,Month-to-month,Yes,Bank transfer (automatic),36.85,623.9,No
NXNO-4447,Male,0,No,No,60,Yes,No,Fiber optic,Yes,No,Yes,Yes,No,Yes,Month-to-month,No,Credit card (automatic),106.05,6369.17,No
BRXI-9913,Male,0,Yes,Yes,68,Yes,Yes,Fiber optic,No,No,Yes,No,Yes,No,Two year,No,Bank transfer (automatic),106.54,7251.21,No
HRTZ-0160,Female,0,Yes,Yes,33,Yes,No,No,No internet service,No internet service,No internet service,No internet service,No internet service,No internet service,One year,Yes,Electronic check,23.52,781.6,No
ARDW-3433,Female,1,Yes,No,53,Yes,No,Fiber optic,Yes,Yes,No,Yes,No,No,Month-to-month,Yes,Credit card (automatic),84.04,4442.43,No
YFCF-6673,Male,0,No,Yes,28,Yes,No,DSL,No,No,No,No,Yes,Yes,Month-to-month,Yes,Mailed check,57.1,1590.66,No
AFXE-2375,Male,0,No,No,40,Yes,No,Fiber optic,No,No,No,Yes,Yes,No,One year,No,Electronic check,70.36,2815.08,No
MEMY-9268,Female,0,No,Yes,69,Yes,Yes,DSL,No,No,No,No,Yes,Yes,Month-to-month,No,Credit card (automatic),41.62,2879.74,No
MLDJ-9208,Female,0,Yes,Yes,57,Yes,No,Fiber optic,No,Yes,Yes,No,Yes,No,One year,Yes,Electronic check,50.89,2909.82,No
ARIU-3881,Male,0,No,No,29,Yes,Yes,DSL,No,No,No,No,No,Yes,Month-to-month,Yes,Credit card (automatic),69.53,2013.64,Yes
SPCP-4295,Male,1,Yes,No,32,Yes,No,Fiber optic,Yes,No,No,Yes,No,Yes,Month-to-month,Yes,Mailed check,46.55,1479.19,No
RFFR-5554,Female,0,No,No,62,Yes,No,DSL,Yes,Yes,No,Yes,Yes,No,Two year,Yes,Mailed check,62.33,3865.5,No
GMOL-4082,Male,0,No,No,33,Yes,No,Fiber optic,Yes,Yes,Yes,No,Yes,Yes,Month-to-month,Yes,Bank transfer (automatic),95.35,3151.48,No
RZVH-1318,Female,0,Yes,Yes,48,Yes,No,Fiber optic,Yes,Yes,No,No,No,No,Two year,Yes,Credit card (automatic),61.81,2970.84,No
ZMOB-9144,Female,0,Yes,No,11,Yes,No,Fiber optic,No,Yes,No,No,Yes,No,Month-to-month,Yes,Mailed check,91.7,1007.87,No
LWAB-5139,Female,1,No,No,21,Yes,No,No,No internet service,No internet service,No internet service,No internet service,No internet service,No internet service,Month-to-month,Yes,Mailed check,18.26,388.77,No
PFML-6947,Male,0,Yes,Yes,23,Yes,Yes,Fiber optic,No,Yes,No,Yes,Yes,No,Month-to-month,No,Electronic check,94.05,2169.86,No
FETV-5505,Female,1,Yes,Yes,55,Yes,Yes,DSL,Yes,Yes,No,Yes,No,Yes,Month-to-month,No,Electronic check,47.03,2587.09,No
QEWQ-0565,Female,0,No,No,24,Yes,No,Fiber optic,No,Yes,No,No,Yes,No,One year,No,Mailed check,99.28,2388.05,No
UFNP-2841,Male,1,Yes,No,65,Yes,No,No,No internet service,No internet service,No internet service,No internet service,No internet service,No internet service,Month-to-month,Yes,Bank transfer (automatic),20.03,1303.14,No
JJWC-0284,Female,0,No,No,0,No,No phone service,Fiber optic,No,No,Yes,No,No,Yes,Two year,No,Bank transfer (automatic),49.77,0.0,No
GCDQ-2631,Female,0,Yes,No,33,Yes,Yes,No,No internet service,No internet service,No internet service,No internet service,No internet service,No internet service,Month-to-month,No,Bank transfer (automatic),29.13,955.95,No
NEUB-5930,Male,0,No,Yes,4,Yes,Yes,No,No internet service,No internet service,No internet service,No internet service,No internet service,No internet service,Month-to-month,No,Electronic check,27.73,107.08,No
SNYZ-6508,Female,0,Yes,No,16,Yes,No,No,No internet service,No internet service,No internet service,No internet service,No internet service,No internet service,Month-to-month,No,Electronic check,28.22,449.71,Yes
IQNM-5619,Male,0,Yes,No,0,Yes,Yes,No,No internet service,No internet service,No internet service,No internet service,No internet service,No internet service,Month-to-month,No,Mailed check,27.1,0.0,Yes
HXFY-2115,Male,0,No,Yes,20,Yes,Yes,Fiber optic,No,No,Yes,Yes,No,No,Two year,Yes,Bank transfer (automatic),89.73,1796.94,No
WFKC-4751,Female,0,Yes,No,5,Yes,No,Fiber optic,No,No,Yes,No,Yes,No,One year,Yes,Bank transfer (automatic),63.91,314.95,No
OPGP-7301,Female,1,No,No,38,No,No phone service,Fiber optic,No,No,No,No,No,No,Two year,Yes,Bank transfer (automatic),96.02,3647.29,No
PDGR-5161,Female,0,No,No,58,Yes,No,Fiber optic,Yes,Yes,Yes,No,Yes,No,Month-to-month,No,Electronic check,85.44,4956.18,Yes
SIDN-4867,Female,1,Yes,No,19,Yes,No,DSL,No,Yes,No,Yes,Yes,No,Month-to-month,Yes,Electronic check,71.81,1362.19,No
OSKT-6319,Female,0,No,No,63,Yes,No,DSL,Yes,Yes,No,Yes,Yes,No,Month-to-month,No,Bank transfer (automatic),72.42,4559.61,No
FYPR-0700,Male,0,No,No,23,Yes,No,No,No internet service,No internet service,No internet service,No internet service,No internet service,No internet service,Month-to-month,Yes,Electronic check,24.25,562.57,Yes
SUYJ-1007,Male,0,Yes,Yes,40,Yes,No,Fiber optic,No,No,No,Yes,No,No,Month-to-month,Yes,Bank transfer (automatic),72.15,2894.37,Yes
JZJR-8812,Female,0,Yes,No,66,Yes,Yes,Fiber optic,Yes,Yes,No,Yes,No,Yes,One year,No,Electronic check,72.68,4800.22,No
BFWL-5221,Female,0,No,No,37,Yes,Yes,Fiber optic,No,Yes,No,Yes,Yes,Yes,Month-to-month,Yes,Electronic check,47.11,1736.1,Yes
PBKL-4758,Male,1,No,Yes,37,Yes,No,DSL,No,Yes,Yes,No,No,No,Two year,Yes,Mailed check,42.11,1554.61,No
KUJD-8940,Female,0,No,Yes,27,Yes,Yes,Fiber optic,Yes,No,Yes,Yes,No,No,Month-to-month,Yes,Electronic check,58.15,1559.19,Yes
EPEE-1541,Female,0,No,Yes,9,Yes,Yes,No,No internet service,No internet service,No internet service,No internet service,No internet service,No internet service,One year,Yes,Electronic check,19.65,173.16,No
JOXV-9283,Female,0,No,No,23,Yes,No,Fiber optic,Yes,No,No,Yes,Yes,No,One year,No,Electronic check,89.39,2059.82,No
CPGL-7600,Male,0,No,No,61,Yes,Yes,Fiber optic,Yes,Yes,Yes,No,Yes,No,Month-to-month,Yes,Bank transfer (automatic),96.44,5887.29,No
UHNJ-2723,Male,0,No,No,51,Yes,No,DSL,Yes,No,No,No,Yes,No,Two year,No,Electronic check,52.46,2675.45,No
JWCD-7383,Male,0,Yes,No,70,Yes,No,Fiber optic,Yes,No,No,Yes,No,Yes,Month-to-month,No,Electronic check,90.76,6344.3,No
TMUQ-6880,Male,0,No,Yes,23,No,No phone service,Fiber optic,Yes,No,No,No,No,Yes,One year,No,Credit card (automatic),98.62,2272.03,No
FCTX-3738,Female,0,No,Yes,49,Yes,No,Fiber optic,No,Yes,No,Yes,Yes,No,Month-to-month,Yes,Credit card (automatic),58.01,2845.31,No
VAMZ-1696,Female,0,No,No,37,Yes,No,DSL,No,Yes,Yes,Yes,No,Yes,One year,Yes,Mailed check,26.41,970.55,No
SQXM-9969,Female,1,No,No,68,Yes,Yes,No,No internet service,No internet service,No internet service,No internet service,No internet service,No internet service,Month-to-month,Yes,Electronic check,24.67,1681.09,No
XANC-1042,Male,0,No,No,17,Yes,Yes,Fiber optic,No,No,No,Yes,No,No,One year,Yes,Bank transfer (automatic),52.88,898.1,No
ZOHF-9885,Female,0,Yes,No,71,Yes,Yes,No,No internet service,No internet service,No internet service,No internet service,No internet service,No internet service,Month-to-month,No,Mailed check,23.3,1648.01,No
BIRS-5141,Male,0,Yes,No,48,Yes,No,Fiber optic,No,No,No,Yes,Yes,No,One year,Yes,Electronic check,77.12,3699.19,No
LDOK-2456,Female,0,No,No,16,Yes,Yes,No,No internet service,No internet service,No internet service,No internet service,No internet service,No internet service,Two year,Yes,Credit card (automatic),22.92,365.81,No
JXYN-3369,Male,0,Yes,Yes,52,Yes,No,Fiber optic,No,No,No,No,No,Yes,Month-to-month,Yes,Bank transfer (automatic),73.54,3824.76,No
JKIK-1599,Female,0,No,No,5,Yes,No,DSL,No,Yes,Yes,Yes,Yes,No,One year,Yes,Bank transfer (automatic),29.76,143.29,No
HUUH-0598,Female,0,Yes,No,65,Yes,Yes,No,No internet service,No internet service,No internet service,No internet service,No internet service,No internet service,Month-to-month,No,Bank transfer (automatic),28.02,1819.87,No
FOWP-3908,Female,0,No,No,4,Yes,Yes,DSL,No,No,Yes,No,No,No,Month-to-month,Yes,Electronic check,52.55,207.52,No
LVST-9558,Female,1,No,No,1,Yes,Yes,No,No internet service,No internet service,No internet service,No internet service,No internet service,No internet service,Month-to-month,Yes,Mailed check,29.21,30.84,No
TEUC-1798,Female,0,Yes,Yes,61,Yes,Yes,Fiber optic,No,No,No,No,Yes,No,Two year,Yes,Electronic check,103.47,6317.25,No
JKIN-4831,Female,0,Yes,Yes,4,Yes,No,DSL,Yes,No,No,No,No,No,Month-to-month,Yes,Electronic check,28.69,115.06,No
SAUA-0617,Female,0,Yes,No,30,Yes,Yes,DSL,Yes,No,Yes,Yes,No,No,Month-to-month,Yes,Electronic check,63.91,1911.53,No
VTYO-9792,Female,0,No,No,62,No,No phone service,DSL,No,No,Yes,No,No,Yes,Month-to-month,Yes,Mailed check,45.12,2805.88,No
CTNI-8485,Female,0,Yes,No,17,Yes,No,Fiber optic,Yes,No,No,No,Yes,No,Month-to-month,No,Electronic check,67.36,1147.82,No
HKHL-9633,Male,0,Yes,No,56,Yes,No,Fiber optic,No,No,No,No,Yes,No,Month-to-month,Yes,Bank transfer (automatic),45.98,2579.25,No
FIWE-4750,Male,0,Yes,No,71,Yes,Yes,DSL,No,Yes,Yes,Yes,No,No,One year,Yes,Credit card (automatic),30.07,2139.06,No
QYXV-0192,Male,0,No,Yes,61,Yes,Yes,DSL,Yes,Yes,No,Yes,No,Yes,Month-to-month,No,Credit card (automatic),49.98,3040.67,No
ZCBB-5630,Male,0,No,Yes,3,Yes,No,Fiber optic,No,No,No,Yes,Yes,Yes,Two year,No,Bank transfer (automatic),69.93,209.32,No
FGTF-8393,Male,0,No,No,61,No,No phone service,DSL,No,Yes,Yes,No,Yes,Yes,Month-to-month,Yes,Credit card (automatic),52.2,3179.44,No
ZESJ-1804,Male,0,Yes,Yes,45,No,No phone service,Fiber optic,Yes,No,Yes,Yes,No,No,Month-to-month,Yes,Mailed check,97.35,4378.38,No
EHVV-5302,Female,0,No,Yes,70,Yes,No,Fiber optic,Yes,No,No,Yes,No,Yes,Month-to-month,No,Credit card (automatic),85.23,5967.56,No
MZVU-9041,Female,0,No,Yes,20,Yes,No,Fiber optic,Yes,No,No,No,Yes,No,Month-to-month,No,Credit card (automatic),83.3,1672.59,No
QDVG-8477,Male,0,Yes,No,59,Yes,No,DSL,No,No,Yes,No,No,Yes,One year,Yes,Bank transfer (automatic),52.46,3093.27,No
KISS-8630,Male,0,Yes,No,44,Yes,Yes,DSL,No,Yes,No,Yes,No,No,Month-to-month,No,Credit card (automatic),64.79,2851.55,No
PGZV-2427,Female,0,Yes,No,21,Yes,Yes,Fiber optic,Yes,No,Yes,Yes,No,Yes,Month-to-month,Yes,Electronic check,50.03,1046.61,No
EZZF-1782,Female,0,Yes,No,64,Yes,No,No,No internet service,No internet service,No internet service,No internet service,No internet service,No internet service,Month-to-month,Yes,Electronic check,20.51,1317.2,No
MFFB-9747,Female,0,No,Yes,5,Yes,Yes,Fiber optic,No,No,Yes,Yes,Yes,Yes,One year,No,Electronic check,57.1,287.55,No
NMHO-2464,Female,0,Yes,No,64,Yes,Yes,No,No internet service,No internet service,No internet service,No internet service,No internet service,No internet service,Month-to-month,Yes,Electronic check,23.69,1508.9,No
FBHE-5091,Male,1,No,No,26,Yes,Yes,DSL,Yes,No,Yes,Yes,Yes,Yes,Two year,No,Electronic check,59.27,1546.45,No
KDKI-5719,Male,0,Yes,No,9,Yes,No,DSL,No,No,Yes,No,Yes,No,Month-to-month,Yes,Electronic check,61.04,554.04,Yes
OELM-0390,Female,0,No,Yes,54,Yes,No,Fiber optic,No,Yes,No,No,Yes,No,Month-to-month,No,Credit card (automatic),102.7,5553.74,Yes
KPKI-1621,Male,0,Yes,No,33,Yes,Yes,Fiber optic,Yes,No,No,Yes,No,No,Two year,Yes,Electronic check,91.85,3033.49,No
TGWI-2659,Male,1,No,No,40,Yes,No,No,No internet service,No internet service,No internet service,No internet service,No internet service,No internet service,Two year,Yes,Electronic check,24.43,983.1,No
PGWZ-4866,Female,0,No,No,31,Yes,Yes,Fiber optic,No,No,No,No,No,No,Month-to-month,No,Electronic check,94.94,2951.71,No
SQPU-7492,Female,0,No,No,66,Yes,No,DSL,Yes,Yes,No,Yes,Yes,No,Month-to-month,No,Electronic check,68.44,4515.87,No
YRSD-9033,Female,0,No,No,50,Yes,Yes,Fiber optic,No,Yes,Yes,Yes,No,Yes,Two year,Yes,Electronic check,87.15,4362.06,No
IHBW-5634,Female,0,No,No,38,Yes,No,Fiber optic,Yes,No,Yes,No,Yes,No,Two year,No,Credit card (automatic),105.18,3991.96,No
VIBY-9034,Male,1,No,No,4,Yes,Yes,Fiber optic,No,Yes,Yes,No,No,Yes,Two year,No,Electronic check,54.77,216.12,Yes
IVDP-1477,Female,0,Yes,No,57,Yes,Yes,DSL,No,No,Yes,No,No,Yes,One year,Yes,Electronic check,63.96,3640.42,No
VKAO-7310,Female,0,No,No,16,Yes,No,No,No internet service,No internet service,No internet service,No internet service,No internet service,No internet service,Two year,Yes,Credit card (automatic),29.09,479.34,No
GRMT-3901,Male,0,No,No,22,Yes,No,Fiber optic,No,No,No,No,No,No,Two year,Yes,Electronic check,50.0,1099.0,No
QVCQ-7396,Female,0,Yes,No,45,No,No phone service,Fiber optic,No,Yes,Yes,No,No,No,Month-to-month,Yes,Credit card (automatic),69.83,3146.38,No
JRVF-6001,Female,0,No,No,6,Yes,Yes,Fiber optic,No,No,No,No,No,Yes,One year,No,Mailed check,54.72,323.9,Yes
NKBU-0152,Male,0,Yes,Yes,61,Yes,Yes,Fiber optic,No,Yes,Yes,Yes,Yes,Yes,Two year,Yes,Electronic check,100.92,6154.46,No
TAUT-7290,Female,0,No,No,6,Yes,No,Fiber optic,Yes,Yes,Yes,No,No,No,Month-to-month,Yes,Electronic check,101.44,618.51,No
ZEAK-4841,Female,1,No,No,14,Yes,No,DSL,Yes,No,No,No,No,No,Month-to-month,No,Credit card (automatic),33.56,474.06,No
MRZY-4793,Male,0,No,No,29,Yes,No,Fiber optic,No,Yes,No,No,No,Yes,Two year,No,Electronic check,53.12,1532.62,No
BDLK-3895,Female,1,No,No,19,Yes,Yes,DSL,No,Yes,Yes,No,Yes,No,Two year,No,Bank transfer (automatic),56.37,1074.13,No
OJVU-5045,Female,0,Yes,Yes,66,Yes,No,Fiber optic,Yes,No,No,No,No,Yes,One year,Yes,Electronic check,100.64,6639.23,No
XTUD-6953,Male,0,Yes,Yes,53,Yes,Yes,No,No internet service,No internet service,No internet service,No internet service,No internet service,No internet service,One year,No,Mailed check,19.04,1000.42,No
VTHK-2715,Male,0,Yes,No,49,Yes,Yes,Fiber optic,No,No,No,Yes,No,No,Month-to-month,No,Bank transfer (automatic),100.62,4931.0,No
XQFY-9910,Female,1,No,Yes,70,Yes,Yes,Fiber optic,No,No,Yes,No,No,No,Month-to-month,No,Electronic check,107.77,7555.82,No
REFA-6385,Female,0,Yes,No,48,No,No phone service,DSL,Yes,No,No,Yes,No,Yes,Month-to-month,Yes,Electronic check,74.46,3576.28,No
YQTR-5382,Female,0,Yes,No,49,Yes,No,No,No internet service,No internet service,No internet service,No internet service,No internet service,No internet service,Two year,No,Electronic check,28.02,1377.57,No
AKAL-8841,Female,0,No,Yes,2,Yes,No,Fiber optic,No,Yes,No,No,No,Yes,Two year,No,Credit card (automatic),69.13,136.03,No
IMMX-9956,Male,1,Yes,Yes,63,Yes,Yes,Fiber optic,Yes,No,No,No,Yes,Yes,One year,Yes,Credit card (automatic),54.46,3429.55,No
VETG-3999,Male,0,No,No,45,Yes,No,Fiber optic,No,No,No,No,No,No,One year,No,Bank transfer (automatic),95.72,4312.19,No
YUXM-5325,Male,0,No,No,21,Yes,No,DSL,No,No,Yes,No,No,No,One year,No,Electronic check,53.81,1128.15,No
ABWO-3490,Female,0,Yes,Yes,51,Yes,No,DSL,Yes,No,Yes,Yes,No,Yes,Month-to-month,Yes,Mailed check,50.49,2573.55,No
BTXJ-3224,Male,0,No,Yes,36,Yes,No,DSL,Yes,No,Yes,Yes,Yes,No,One year,No,Mailed check,35.99,1289.99,No
CHEL-6747,Female,0,Yes,No,59,Yes,Yes,Fiber optic,Yes,No,Yes,No,No,No,Month-to-month,Yes,Mailed check,80.1,4721.4,No
LOSP-6761,Female,0,No,Yes,66,Yes,No,DSL,No,No,Yes,Yes,Yes,No,Month-to-month,No,Electronic check,46.82,3087.42,Yes
XFZS-3620,Male,0,No,Yes,47,Yes,No,Fiber optic,Yes,No,Yes,No,No,No,Two year,No,Electronic check,82.4,3870.45,No
VSOZ-5925,Male,0,Yes,No,29,Yes,No,No,No internet service,No internet service,No internet service,No internet service,No internet service,No internet service,Month-to-month,No,Mailed check,23.62,685.08,No
KTTJ-9133,Male,0,Yes,No,42,Yes,No,DSL,No,No,Yes,No,Yes,No,Two year,No,Electronic check,54.06,2274.54,No
WUHG-9878,Female,1,No,Yes,9,Yes,Yes,DSL,No,No,No,No,No,No,Month-to-month,No,Mailed check,30.4,273.19,No
QJCU-8796,Male,0,No,Yes,70,Yes,No,Fiber optic,Yes,No,No,No,No,No,Month-to-month,Yes,Credit card (automatic),102.77,7192.18,No
PRKF-3443,Female,0,Yes,Yes,1,Yes,No,Fiber optic,No,Yes,Yes,No,Yes,No,Month-to-month,Yes,Credit card (automatic),104.35,105.28,Yes
TTKR-0160,Male,0,No,No,71,Yes,No,Fiber optic,No,No,No,No,No,No,Month-to-month,Yes,Mailed check,49.22,3496.44,No
VDRO-2655,Female,0,No,No,66,Yes,No,DSL,No,No,Yes,Yes,Yes,No,Month-to-month,Yes,Electronic check,61.93,4087.17,No
HHVA-9674,Male,0,No,Yes,45,Yes,Yes,DSL,No,Yes,No,No,Yes,No,Month-to-month,Yes,Mailed check,46.66,2095.33,No
MKDG-5529,Female,0,No,No,40,Yes,No,Fiber optic,No,No,No,No,Yes,Yes,Month-to-month,No,Electronic check,65.89,2636.21,No
DEIX-2590,Female,0,Yes,No,3,No,No phone service,No,No internet service,No internet service,No internet service,No internet service,No internet service,No internet service,One year,Yes,Electronic check,21.79,60.76,No
SJLW-6126,Male,0,Yes,No,7,Yes,Yes,DSL,Yes,Yes,No,No,Yes,Yes,Two year,No,Credit card (automatic),42.08,293.97,No
LVGJ-8753,Female,0,Yes,Yes,9,Yes,Yes,No,No internet service,No internet service,No internet service,No internet service,No internet service,No internet service,Month-to-month,Yes,Electronic check,26.71,237.76,No
JYWE-1868,Male,0,Yes,No,4,Yes,No,DSL,No,Yes,No,Yes,Yes,Yes,Month-to-month,Yes,Mailed check,68.88,267.66,Yes
YJEG-4297,Female,0,No,No,58,Yes,No,No,No internet service,No internet service,No internet service,No internet service,No internet service,No internet service,Two year,Yes,Electronic check,23.47,1363.02,No
XIKV-1295,Male,0,Yes,Yes,57,Yes,No,DSL,Yes,Yes,No,No,No,No,One year,Yes,Electronic check,31.47,1789.49,No
ANRX-7521,Male,0,Yes,Yes,22,Yes,Yes,DSL,No,Yes,Yes,No,Yes,Yes,One year,Yes,Bank transfer (automatic),47.74,1044.24,No
PFAN-9586,Female,0,No,Yes,60,Yes,Yes,No,No internet service,No internet service,No internet service,No internet service,No internet service,No internet service,One year,Yes,Mailed check,21.7,1301.33,No
YBKN-4868,Male,0,No,No,16,Yes,No,Fiber optic,Yes,Yes,No,Yes,Yes,No,Month-to-month,Yes,Credit card (automatic),88.91,1421.96,No
NPVP-6945,Female,0,No,Yes,27,Yes,Yes,Fiber optic,No,No,No,No,Yes,Yes,One year,Yes,Bank transfer (automatic),71.75,1933.5,No
QABN-3865,Female,1,Yes,Yes,17,Yes,No,Fiber optic,No,No,Yes,Yes,Yes,No,Two year,Yes,Mailed check,73.64,1257.5,No
QUKD-4823,Male,0,Yes,Yes,51,Yes,No,Fiber optic,Yes,Yes,Yes,Yes,No,Yes,Two year,Yes,Mailed check,57.66,2943.67,No
XCMS-8490,Male,0,No,No,57,Yes,No,No,No internet service,No internet service,No internet service,No internet service,No internet service,No internet service,Month-to-month,Yes,Electronic check,26.56,1520.89,No
WWFV-2298,Female,0,No,No,40,Yes,No,DSL,No,No,Yes,Yes,Yes,No,Month-to-month,No,Mailed check,41.59,1671.19,No
QGMK-9675,Female,0,Yes,Yes,0,Yes,No,No,No internet service,No internet service,No internet service,No internet service,No internet service,No internet service,Month-to-month,Yes,Credit card (automatic),21.6,0.0,No
XAQY-3259,Female,0,Yes,Yes,72,No,No phone service,No,No internet service,No internet service,No internet service,No internet service,No internet service,No internet service,Month-to-month,Yes,Mailed check,25.18,1812.72,No
PMIZ-3846,Female,0,Yes,No,16,Yes,No,Fiber optic,No,Yes,No,No,No,Yes,One year,No,Bank transfer (automatic),70.97,1139.73,No
SCLS-7588,Female,0,Yes,No,3,Yes,No,Fiber optic,No,Yes,Yes,No,Yes,Yes,Month-to-month,Yes,Mailed check,106.32,320.45,Yes
XQFD-3281,Male,0,Yes,No,45,Yes,Yes,No,No internet service,No internet service,No internet service,No internet service,No internet service,No internet service,One year,No,Mailed check,28.49,1286.42,No
QOJC-3350,Male,0,No,No,69,Yes,No,DSL,No,Yes,Yes,No,Yes,Yes,Month-to-month,Yes,Electronic check,36.98,2552.26,Yes
ARDW-5864,Female,0,Yes,No,5,Yes,Yes,Fiber optic,Yes,Yes,No,No,No,Yes,Month-to-month,Yes,Electronic check,48.4,247.09,No
VJYQ-8534,Female,0,Yes,No,22,Yes,Yes,DSL,Yes,Yes,No,No,No,Yes,Month-to-month,No,Electronic check,53.43,1184.64,No
PQWO-7417,Female,0,Yes,Yes,0,Yes,No,DSL,No,Yes,No,No,Yes,Yes,One year,Yes,Bank transfer (automatic),31.09,0.0,No
JGJY-3832,Male,0,No,No,72,Yes,Yes,No,No internet service,No internet service,No internet service,No internet service,No internet service,No internet service,Month-to-month,Yes,Electronic check,21.72,1558.57,Yes
KCZR-9277,Male,0,No,No,60,Yes,No,Fiber optic,Yes,No,Yes,Yes,No,Yes,One year,Yes,Credit card (automatic),56.36,3387.78,No
BBBJ-6501,Male,0,No,No,21,Yes,Yes,DSL,No,Yes,No,No,Yes,No,Month-to-month,Yes,Bank transfer (automatic),56.75,1195.88,No
NQOL-6511,Female,0,Yes,Yes,64,Yes,No,Fiber optic,Yes,No,Yes,Yes,Yes,No,Month-to-month,No,Electronic check,47.77,3055.93,No
PBHG-0336,Male,0,Yes,No,56,Yes,No,Fiber optic,Yes,Yes,Yes,No,No,Yes,One year,Yes,Mailed check,48.25,2698.42,No
RDQK-3011,Male,0,No,No,35,No,No phone service,DSL,Yes,No,Yes,Yes,Yes,Yes,Two year,Yes,Credit card (automatic),64.08,2234.58,No
PLJP-2755,Male,0,Yes,Yes,24,Yes,No,Fiber optic,No,No,No,Yes,Yes,Yes,One year,Yes,Electronic check,80.01,1921.25,No
YXBV-0833,Male,0,Yes,No,15,Yes,No,DSL,Yes,Yes,No,No,No,Yes,Two year,Yes,Electronic check,50.83,764.48,Yes
ICEA-5209,Female,1,Yes,No,25,Yes,No,DSL,Yes,No,No,Yes,Yes,Yes,Month-to-month,Yes,Electronic check,66.73,1671.39,Yes
VLJB-7132,Female,1,Yes,Yes,4,Yes,Yes,Fiber optic,No,No,No,Yes,No,Yes,Month-to-month,No,Mailed check,71.45,293.74,Yes
IRSG-3520,Male,1,No,No,21,Yes,Yes,DSL,No,Yes,No,Yes,No,Yes,Two year,No,Electronic check,40.87,858.34,Yes
PKVD-1694,Male,0,Yes,No,13,Yes,No,Fiber optic,Yes,No,Yes,No,No,No,Two year,Yes,Electronic check,106.47,1375.3,No
VFYB-5835,Female,0,Yes,Yes,72,No,No phone service,DSL,Yes,Yes,Yes,Yes,Yes,No,Month-to-month,Yes,Credit card (automatic),66.16,4758.83,No
WQET-9111,Female,0,Yes,No,69,Yes,No,Fiber optic,Yes,Yes,No,No,No,No,Month-to-month,No,Bank transfer (automatic),88.52,6110.09,No
WKMK-3568,Male,0,No,No,16,Yes,No,DSL,No,Yes,Yes,No,No,No,Month-to-month,Yes,Electronic check,60.81,972.01,No
KRPJ-8455,Male,0,Yes,No,0,Yes,Yes,DSL,Yes,Yes,No,No,Yes,No,Month-to-month,Yes,Electronic check,38.96,0.0,Yes
KSKJ-6674,Male,0,Yes,No,17,Yes,No,Fiber optic,No,Yes,No,No,No,No,Month-to-month,Yes,Mailed check,85.34,1449.36,Yes
BPMS-8577,Female,0,No,No,10,Yes,Yes,Fiber optic,No,Yes,Yes,No,No,No,Month-to-month,No,Mailed check,77.84,784.41,Yes
NEQV-6811,Male,0,No,No,11,Yes,Yes,Fiber optic,No,No,Yes,Yes,Yes,Yes,Month-to-month,No,Bank transfer (automatic),93.07,1031.66,No
JAUR-2132,Female,0,Yes,No,33,Yes,Yes,Fiber optic,No,Yes,No,No,No,Yes,Month-to-month,No,Bank transfer (automatic),92.08,3039.25,No
IJBG-2973,Male,0,No,Yes,7,Yes,Yes,Fiber optic,No,No,No,No,Yes,Yes,Month-to-month,Yes,Mailed check,81.37,574.33,No
NDYK-2606,Male,0,Yes,No,41,Yes,No,Fiber optic,No,No,No,No,No,No,Two year,Yes,Bank transfer (automatic),49.48,2028.85,No
ZKRN-5852,Female,0,No,No,13,Yes,Yes,DSL,Yes,No,Yes,No,No,Yes,Month-to-month,No,Mailed check,41.75,542.9,Yes
QLDT-7996,Male,0,No,No,50,Yes,No,No,No internet service,No internet service,No internet service,No internet service,No internet service,No internet service,One year,Yes,Mailed check,18.66,932.52,No
JGWR-8510,Male,0,Yes,No,8,Yes,Yes,DSL,Yes,No,Yes,Yes,No,Yes,Month-to-month,Yes,Electronic check,65.54,514.76,No
KAQD-3802,Male,1,No,No,37,Yes,Yes,No,No internet service,No internet service,No internet service,No internet service,No internet service,No internet service,Month-to-month,Yes,Electronic check,18.84,689.67,No
SHRF-3954,Male,0,No,Yes,28,Yes,Yes,Fiber optic,Yes,No,Yes,No,No,No,Two year,No,Mailed check,75.72,2119.82,No
LIIQ-2052,Male,0,No,No,28,Yes,Yes,DSL,No,Yes,No,No,Yes,Yes,Two year,Yes,Credit card (automatic),55.89,1568.34,No
NQVP-4717,Female,0,No,No,27,Yes,No,Fiber optic,Yes,Yes,Yes,No,No,Yes,Month-to-month,Yes,Bank transfer (automatic),95.74,2585.93,No
LUPH-9339,Male,1,Yes,No,5,No,No phone service,No,No internet service,No internet service,No internet service,No internet service,No internet service,No internet service,Month-to-month,Yes,Credit card (automatic),23.13,112.06,No
ODKF-3882,Female,0,Yes,Yes,1,Yes,Yes,DSL,Yes,No,No,No,Yes,Yes,Month-to-month,No,Electronic check,42.68,46.33,No
WEOI-1294,Female,0,Yes,No,52,Yes,No,DSL,Yes,Yes,Yes,No,No,No,Month-to-month,No,Bank transfer (automatic),26.77,1390.57,No
LPEJ-6770,Female,0,No,No,30,No,No phone service,DSL,Yes,No,No,No,Yes,Yes,Month-to-month,No,Mailed check,56.27,1688.69,No
QCAQ-9708,Female,0,Yes,No,36,Yes,No,Fiber optic,No,No,Yes,No,No,No,Month-to-month,Yes,Mailed check,106.25,3825.35,Yes
BYNG-8200,Male,1,No,No,55,Yes,No,Fiber optic,No,No,No,No,Yes,No,Month-to-month,Yes,Mailed check,64.49,3562.19,No
JFGY-5411,Female,0,Yes,Yes,39,Yes,Yes,DSL,No,No,Yes,No,Yes,No,Month-to-month,No,Electronic check,37.26,1448.25,No
XQXZ-6642,Female,0,Yes,Yes,11,Yes,No,Fiber optic,Yes,Yes,Yes,No,Yes,No,Month-to-month,No,Mailed check,108.55,1200.78,No
GWGP-1223,Female,0,Yes,Yes,54,Yes,Yes,DSL,No,No,Yes,Yes,No,Yes,One year,No,Electronic check,62.97,3392.47,No
YZOP-0663,Female,1,Yes,No,56,No,No phone service,Fiber optic,No,No,No,Yes,No,No,One year,No,Electronic check,89.71,5028.32,No
KQCP-4169,Female,0,Yes,Yes,44,Yes,No,Fiber optic,Yes,Yes,No,No,Yes,Yes,One year,Yes,Mailed check,109.56,4826.89,No
ZGJE-9503,Female,1,Yes,No,24,Yes,No,DSL,No,Yes,Yes,Yes,No,No,Month-to-month,No,Electronic check,33.59,800.96,Yes
TKHO-1065,Female,0,Yes,Yes,41,Yes,No,No,No internet service,No internet service,No internet service,No internet service,No internet service,No internet service,Month-to-month,No,Electronic check,27.17,1117.79,No
UMHK-1180,Male,1,No,No,17,Yes,No,Fiber optic,No,No,Yes,Yes,No,Yes,Month-to-month,No,Electronic check,59.43,1013.81,Yes
VMCU-7637,Male,0,No,No,29,Yes,No,DSL,No,Yes,Yes,No,Yes,Yes,Month-to-month,Yes,Mailed check,54.54,1578.5,No
ZKNR-6452,Male,0,Yes,No,17,Yes,Yes,Fiber optic,No,No,No,Yes,Yes,No,Two year,Yes,Electronic check,91.24,1552.16,No
PKJW-6109,Female,0,No,Yes,6,Yes,No,DSL,Yes,No,Yes,No,Yes,No,Month-to-month,Yes,Bank transfer (automatic),31.15,185.61,Yes
RLHZ-2372,Male,0,Yes,No,29,Yes,Yes,Fiber optic,Yes,Yes,No,Yes,No,Yes,Month-to-month,Yes,Electronic check,65.11,1879.57,No
FBCQ-8356,Female,0,Yes,No,4,Yes,Yes,Fiber optic,No,Yes,Yes,No,No,No,Two year,No,Bank transfer (automatic),92.62,359.19,No
BXIN-9141,Male,0,Yes,No,68,Yes,Yes,DSL,No,No,Yes,No,Yes,No,Two year,No,Credit card (automatic),65.52,4453.28,No
EGVD-1698,Male,0,Yes,Yes,32,Yes,Yes,Fiber optic,Yes,Yes,No,No,No,No,Month-to-month,Yes,Bank transfer (automatic),63.32,2029.2,No
ASWP-8469,Male,0,No,No,5,Yes,No,DSL,No,No,No,No,No,No,Month-to-month,Yes,Electronic check,36.06,178.35,Yes
GDUR-7012,Male,0,Yes,No,47,Yes,Yes,No,No internet service,No internet service,No internet service,No internet service,No internet service,No internet service,Month-to-month,No,Mailed check,29.4,1381.99,No
GFNW-4362,Female,0,No,No,3,No,No phone service,No,No internet service,No internet service,No internet service,No internet service,No internet service,No internet service,Month-to-month,No,Electronic check,28.11,78.75,Yes
MJWB-7522,Male,0,No,No,12,Yes,Yes,Fiber optic,No,No,Yes,No,No,No,Month-to-month,No,Bank transfer (automatic),99.65,1205.65,No
UCFB-7862,Female,0,Yes,No,25,No,No phone service,DSL,No,No,Yes,No,No,No,Month-to-month,No,Mailed check,70.39,1745.74,No
KNPJ-3918,Male,0,Yes,Yes,48,No,No phone service,Fiber optic,No,Yes,Yes,Yes,No,Yes,Two year,No,Mailed check,106.32,5114.04,No
PNUR-9561,Male,0,Yes,Yes,19,Yes,No,Fiber optic,No,Yes,No,No,Yes,No,Month-to-month,Yes,Electronic check,102.2,1937.42,No
OQMG-0231,Female,0,Yes,No,31,Yes,No,Fiber optic,No,Yes,No,No,Yes,Yes,One year,No,Electronic check,100.17,3109.68,No
GUQL-7963,Female,0,Yes,No,64,Yes,No,Fiber optic,Yes,Yes,No,No,Yes,No,Month-to-month,No,Credit card (automatic),57.97,3715.03,No
ROWK-1506,Female,0,Yes,No,52,Yes,No,DSL,No,No,No,Yes,Yes,Yes,One year,Yes,Electronic check,63.12,3287.91,No
GLTD-9418,Female,0,No,No,64,Yes,No,Fiber optic,Yes,No,Yes,No,No,No,Two year,Yes,Credit card (automatic),99.28,6358.71,No
JTKY-2806,Female,0,No,Yes,2,Yes,Yes,Fiber optic,Yes,No,Yes,No,Yes,Yes,Month-to-month,No,Credit card (automatic),56.58,111.31,No
DGPJ-5337,Male,0,Yes,No,20,Yes,Yes,No,No internet service,No internet service,No internet service,No internet service,No internet service,No internet service,One year,No,Mailed check,21.55,427.74,No
WDVV-0135,Female,0,No,Yes,42,Yes,No,Fiber optic,No,No,Yes,No,No,Yes,One year,No,Electronic check,107.04,4499.36,No
VAHR-4344,Female,0,Yes,No,24,Yes,No,DSL,No,No,No,No,No,Yes,Month-to-month,No,Bank transfer (automatic),28.11,679.87,No
OJHZ-6805,Female,0,No,No,66,Yes,No,Fiber optic,Yes,Yes,No,No,Yes,Yes,Month-to-month,Yes,Mailed check,93.62,6166.08,No
VRHF-9894,Female,0,Yes,No,34,Yes,Yes,Fiber optic,No,No,No,Yes,Yes,Yes,Month-to-month,Yes,Mailed check,93.87,3200.88,Yes
GVOU-5320,Female,0,No,No,22,Yes,No,No,No internet service,No internet service,No internet service,No internet service,No internet service,No internet service,Month-to-month,Yes,Bank transfer (automatic),25.02,554.42,No
AVNI-7187,Female,0,No,No,12,Yes,No,Fiber optic,No,Yes,No,No,No,Yes,Month-to-month,No,Electronic check,95.25,1148.71,No
NITY-1089,Male,0,No,No,22,Yes,No,No,No internet service,No internet service,No internet service,No internet service,No internet service,No internet service,Month-to-month,No,Credit card (automatic),24.42,542.01,Yes
HGXL-0898,Female,1,No,No,62,Yes,Yes,DSL,No,Yes,Yes,No,No,Yes,One year,No,Bank transfer (automatic),59.4,3680.74,No
LKYN-5313,Female,0,Yes,No,14,Yes,No,Fiber optic,No,No,No,No,Yes,No,Month-to-month,Yes,Electronic check,61.87,863.04,Yes
GAYC-3423,Male,0,Yes,Yes,25,Yes,No,Fiber optic,No,Yes,Yes,No,No,No,Month-to-month,No,Electronic check,59.95,1501.99,No
EAPI-9938,Male,0,No,No,66,Yes,Yes,DSL,Yes,Yes,No,Yes,No,Yes,Two year,No,Bank transfer (automatic),70.45,4653.48,No
DNQE-8242,Male,0,Yes,Yes,60,Yes,No,Fiber optic,Yes,No,Yes,No,No,Yes,Two year,No,Bank transfer (automatic),91.94,5515.46,No
SQRR-8671,Male,0,Yes,No,27,Yes,No,No,No internet service,No internet service,No internet service,No internet service,No internet service,No internet service,Two year,Yes,Electronic check,25.46,689.45,No
ISJB-0873,Male,0,No,No,33,Yes,No,DSL,Yes,No,Yes,No,No,No,Month-to-month,No,Electronic check,37.94,1249.39,Yes
GCPS-3193,Male,0,No,No,15,No,No phone service,No,No internet service,No internet service,No internet service,No internet service,No internet service,No internet service,One year,Yes,Electronic check,27.49,412.6,No
JSXK-1823,Female,0,Yes,No,42,Yes,Yes,Fiber optic,No,Yes,No,No,Yes,No,Month-to-month,No,Mailed check,81.92,3436.85,No
JZCC-7753,Male,0,No,No,10,Yes,No,No,No internet service,No internet service,No internet service,No internet service,No internet service,No internet service,One year,No,Bank transfer (automatic),27.12,268.5,No
ATXF-1263,Female,0,No,No,23,Yes,Yes,Fiber optic,No,No,Yes,No,Yes,No,Two year,No,Electronic check,90.7,2079.33,No
TPEX-6840,Male,1,Yes,No,24,Yes,Yes,No,No internet service,No internet service,No internet service,No internet service,No internet service,No internet service,Two year,Yes,Bank transfer (automatic),25.11,597.3,No
TVVI-9445,Male,0,Yes,No,18,Yes,Yes,No,No internet service,No internet service,No internet service,No internet service,No internet service,No internet service,Month-to-month,No,Mailed check,21.82,395.59,No
FCFH-5420,Male,0,No,No,33,Yes,No,No,No internet service,No internet service,No internet service,No internet service,No internet service,No internet service,Month-to-month,Yes,Credit card (automatic),27.41,907.66,No
UFFV-2321,Female,0,Yes,No,65,Yes,No,Fiber optic,No,Yes,No,No,No,No,Two year,Yes,Credit card (automatic),77.05,5003.49,No
HGHM-5609,Male,0,No,No,71,Yes,Yes,Fiber optic,Yes,Yes,No,No,No,No,Two year,Yes,Mailed check,65.71,4663.18,No
ETJS-1879,Male,0,No,No,4,Yes,No,Fiber optic,No,Yes,No,Yes,No,No,Month-to-month,No,Electronic check,61.6,246.51,No
BFCS-4669,Male,0,Yes,No,65,Yes,No,Fiber optic,Yes,Yes,No,No,Yes,Yes,Two year,No,Bank transfer (automatic),97.3,6325.31,No
AKWG-5512,Male,0,No,Yes,53,Yes,No,Fiber optic,No,No,Yes,Yes,No,No,Two year,Yes,Bank transfer (automatic),71.61,3795.85,No
SSRY-5129,Male,0,No,No,23,Yes,Yes,Fiber optic,No,No,No,No,No,Yes,Month-to-month,Yes,Mailed check,83.96,1922.67,No
FTWV-5278,Male,0,No,Yes,50,Yes,No,DSL,Yes,Yes,Yes,Yes,Yes,No,Two year,No,Mailed check,48.81,2436.06,No
VRQS-2740,Female,0,No,No,23,No,No phone service,DSL,Yes,Yes,Yes,Yes,Yes,No,One year,No,Bank transfer (automatic),68.31,1577.37,No
DGEZ-5931,Male,0,Yes,Yes,49,Yes,No,DSL,Yes,Yes,Yes,Yes,Yes,No,Two year,Yes,Mailed check,58.26,2849.46,No
YRRM-1025,Male,0,No,No,53,Yes,Yes,DSL,No,No,No,Yes,No,Yes,Month-to-month,Yes,Mailed check,53.34,2819.41,No
GAEU-0390,Male,0,No,No,16,No,No phone service,DSL,No,No,No,Yes,Yes,No,Two year,No,Credit card (automatic),27.67,449.74,No
MNOQ-6626,Male,0,Yes,No,34,Yes,Yes,DSL,No,Yes,No,No,No,No,Month-to-month,Yes,Electronic check,35.41,1198.14,No
CRZD-9260,Male,1,Yes,No,29,Yes,No,Fiber optic,Yes,No,Yes,Yes,No,No,One year,No,Bank transfer (automatic),46.17,1336.65,No
FOBH-4296,Female,0,No,No,46,Yes,No,Fiber optic,No,No,Yes,No,No,Yes,Month-to-month,No,Credit card (automatic),72.71,3339.9,No
KOBE-7002,Male,0,No,Yes,41,Yes,No,Fiber optic,Yes,No,Yes,No,Yes,Yes,Two year,Yes,Bank transfer (automatic),106.64,4379.79,No
PSMW-5631,Female,0,No,Yes,21,Yes,Yes,No,No internet service,No internet service,No internet service,No internet service,No internet service,No internet service,Month-to-month,Yes,Bank transfer (automatic),21.98,465.46,No
RJQM-8692,Female,0,No,No,30,Yes,No,Fiber optic,No,No,No,No,Yes,No,Month-to-month,No,Electronic check,75.69,2271.11,Yes
BSGE-2816,Male,0,Yes,No,50,No,No phone service,DSL,Yes,Yes,Yes,Yes,Yes,Yes,One year,Yes,Electronic check,42.73,2136.51,No
ZVFN-6514,Male,0,No,Yes,36,Yes,No,Fiber optic,No,No,No,No,No,Yes,Month-to-month,Yes,Bank transfer (automatic),52.41,1892.78,No
CIHZ-1033,Male,0,No,No,12,Yes,No,Fiber optic,No,Yes,No,No,No,Yes,Month-to-month,Yes,Mailed check,66.34,801.65,No
JKRW-2660,Female,0,No,No,30,No,No phone service,No,No internet service,No internet service,No internet service,No internet service,No internet service,No internet service,Month-to-month,Yes,Electronic check,19.55,586.13,Yes
VTXP-7230,Female,0,No,No,13,No,No phone service,Fiber optic,No,Yes,No,No,No,Yes,Month-to-month,Yes,Electronic check,48.53,625.39,Yes
JBGN-6898,Male,0,No,No,38,Yes,No,DSL,Yes,No,No,Yes,No,Yes,Month-to-month,No,Electronic check,67.3,2557.43,Yes
IFXY-6335,Male,0,No,No,37,Yes,No,Fiber optic,No,No,Yes,No,No,No,Month-to-month,Yes,Bank transfer (automatic),91.11,3375.55,Yes
NTGH-7719,Female,1,No,No,17,No,No phone service,Fiber optic,Yes,Yes,Yes,No,No,Yes,Month-to-month,Yes,Credit card (automatic),106.59,1814.11,Yes
RRRP-3434,Female,1,No,No,38,Yes,Yes,No,No internet service,No internet service,No internet service,No internet service,No internet service,No internet service,One year,Yes,Mailed check,28.03,1063.79,No
TWJQ-0109,Female,0,No,No,66,No,No phone service,DSL,Yes,No,No,No,Yes,Yes,Month-to-month,Yes,Bank transfer (automatic),46.24,3044.74,No
LJMK-2595,Male,0,No,No,40,Yes,No,No,No internet service,No internet service,No internet service,No internet service,No internet service,No internet service,Month-to-month,Yes,Electronic check,28.0,1129.27,No
AFEG-5610,Male,0,No,No,45,Yes,Yes,No,No internet service,No internet service,No internet service,No internet service,No internet service,No internet service,One year,Yes,Mailed check,24.33,1098.84,No
WYRL-6252,Male,0,Yes,No,48,Yes,Yes,No,No internet service,No internet service,No internet service,No internet service,No internet service,No internet service,Month-to-month,No,Bank transfer (automatic),20.12,966.09,No
JKEB-7765,Female,0,No,No,26,Yes,No,Fiber optic,Yes,Yes,No,Yes,No,No,Month-to-month,No,Mailed check,87.7,2283.6,Yes
AXAH-1793,Male,0,Yes,No,22,Yes,Yes,Fiber optic,Yes,No,Yes,No,No,No,Month-to-month,Yes,Mailed check,75.94,1666.01,No
WPEP-7540,Male,0,No,Yes,34,Yes,No,No,No internet service,No internet service,No internet service,No internet service,No internet service,No internet service,Month-to-month,No,Bank transfer (automatic),28.41,972.9,Yes
SJYN-8425,Female,0,Yes,No,12,Yes,Yes,No,No internet service,No internet service,No internet service,No internet service,No internet service,No internet service,Two year,Yes,Bank transfer (automatic),20.07,241.25,No
EQRL-4838,Male,0,Yes,No,25,Yes,No,DSL,No,No,Yes,No,No,No,One year,Yes,Bank transfer (automatic),62.57,1568.87,No
CAVO-9639,Female,0,Yes,No,34,Yes,Yes,DSL,Yes,Yes,No,Yes,Yes,No,One year,Yes,Bank transfer (automatic),27.84,948.92,No
ETPC-0594,Male,0,Yes,No,40,Yes,No,Fiber optic,No,No,Yes,Yes,Yes,No,Month-to-month,No,Mailed check,78.01,3124.51,Yes
PKQE-5940,Male,0,Yes,No,5,No,No phone service,DSL,No,No,No,No,No,Yes,One year,No,Electronic check,48.12,241.03,Yes
UJQC-1031,Male,0,No,No,71,Yes,No,Fiber optic,Yes,No,No,No,No,No,One year,No,Credit card (automatic),62.31,4424.36,No
EJAZ-0936,Male,1,Yes,Yes,51,Yes,Yes,No,No internet service,No internet service,No internet service,No internet service,No internet service,No internet service,One year,No,Mailed check,22.91,1166.19,No
NNRB-0455,Male,0,No,Yes,52,Yes,No,DSL,Yes,Yes,No,No,Yes,No,Two year,Yes,Credit card (automatic),57.87,3002.74,No
RPWV-7589,Male,0,Yes,No,7,No,No phone service,Fiber optic,No,Yes,Yes,No,No,Yes,Two year,No,Electronic check,108.96,763.67,No
BGUQ-2316,Male,0,No,No,46,Yes,Yes,No,No internet service,No internet service,No internet service,No internet service,No internet service,No internet service,Month-to-month,Yes,Bank transfer (automatic),20.96,972.36,No
QSLI-1432,Female,0,No,No,63,Yes,Yes,Fiber optic,No,Yes,Yes,No,No,Yes,Two year,Yes,Mailed check,99.76,6283.81,No
UPVQ-1027,Female,0,Yes,No,33,Yes,No,DSL,No,No,No,No,No,Yes,Month-to-month,No,Electronic check,70.32,2323.51,No
XTFL-8611,Male,1,Yes,No,28,Yes,No,DSL,Yes,Yes,No,No,Yes,Yes,One year,No,Mailed check,38.69,1076.59,No
SXJY-2897,Female,0,No,No,34,Yes,No,Fiber optic,No,Yes,No,No,No,No,Month-to-month,Yes,Credit card (automatic),64.29,2186.94,Yes
EKJC-6852,Female,0,No,Yes,47,No,No phone service,DSL,No,Yes,No,Yes,No,Yes,Month-to-month,No,Credit card (automatic),72.62,3409.81,No
PUWX-3191,Male,0,No,No,64,Yes,Yes,DSL,Yes,No,No,No,No,No,Two year,No,Credit card (automatic),25.53,1638.86,No
LSHA-6518,Female,0,No,Yes,68,Yes,No,Fiber optic,No,Yes,Yes,Yes,Yes,Yes,Month-to-month,Yes,Electronic check,81.26,5521.4,No
LEBS-6690,Male,1,Yes,Yes,66,Yes,No,DSL,No,No,No,No,Yes,Yes,Month-to-month,Yes,Credit card (automatic),64.99,4292.16,Yes
ZNKT-5722,Male,0,No,No,13,Yes,No,No,No internet service,No internet service,No internet service,No internet service,No internet service,No internet service,Month-to-month,Yes,Bank transfer (automatic),26.76,346.84,No
XXXQ-7718,Female,1,No,No,45,Yes,Yes,No,No internet service,No internet service,No internet service,No internet service,No internet service,No internet service,Two year,No,Mailed check,29.36,1308.97,No
WXPR-3656,Male,0,No,No,26,Yes,No,Fiber optic,Yes,No,No,No,No,No,Month-to-month,Yes,Bank transfer (automatic),71.58,1861.54,No
AXWT-0796,Female,0,No,No,45,Yes,Yes,DSL,No,No,Yes,No,No,No,Month-to-month,Yes,Bank transfer (automatic),27.7,1244.35,Yes
HJAU-8492,Female,0,Yes,Yes,28,Yes,No,DSL,No,No,No,Yes,Yes,No,Month-to-month,Yes,Electronic check,39.45,1105.61,No
YPIT-3764,Female,0,No,No,0,Yes,Yes,Fiber optic,No,No,Yes,No,Yes,No,Month-to-month,No,Credit card (automatic),89.88,0.0,Yes
FOSN-5798,Female,0,No,Yes,2,Yes,Yes,DSL,No,No,No,No,Yes,No,Two year,Yes,Credit card (automatic),43.22,86.15,No
CHCB-4345,Female,0,No,No,25,Yes,Yes,No,No internet service,No internet service,No internet service,No internet service,No internet service,No internet service,Two year,Yes,Credit card (automatic),25.75,640.98,No
OCAO-3511,Female,0,No,No,20,Yes,No,No,No internet service,No internet service,No internet service,No internet service,No internet service,No internet service,Two year,Yes,Credit card (automatic),20.48,414.4,No
AICB-3508,Female,0,Yes,No,23,Yes,No,Fiber optic,Yes,Yes,No,No,No,No,Month-to-month,Yes,Bank transfer (automatic),69.91,1612.93,Yes
YHFT-1763,Female,0,Yes,Yes,44,Yes,No,Fiber optic,Yes,No,No,No,No,No,Month-to-month,No,Electronic check,77.7,3409.38,No
COFA-1620,Male,0,Yes,No,28,Yes,No,DSL,No,Yes,No,No,Yes,Yes,Month-to-month,No,Electronic check,63.73,1784.22,No
RZZN-8669,Male,1,Yes,Yes,17,Yes,No,No,No internet service,No internet service,No internet service,No internet service,No internet service,No internet service,Two year,Yes,Credit card (automatic),27.2,464.01,No
XOLL-7817,Female,0,No,Yes,2,Yes,Yes,Fiber optic,Yes,Yes,No,Yes,No,No,One year,Yes,Mailed check,66.9,128.74,No
XPEE-3411,Female,1,No,Yes,50,Yes,Yes,No,No internet service,No internet service,No internet service,No internet service,No internet service,No internet service,Month-to-month,No,Mailed check,28.38,1418.61,No
EKMC-0819,Female,0,Yes,No,17,Yes,Yes,Fiber optic,No,No,No,No,No,Yes,One year,Yes,Credit card (automatic),100.75,1721.35,No
RTBG-9014,Male,0,No,No,36,No,No phone service,Fiber optic,Yes,No,Yes,Yes,Yes,No,Month-to-month,No,Bank transfer (automatic),95.4,3436.48,Yes
RYDI-0003,Female,0,No,No,62,Yes,Yes,No,No internet service,No internet service,No internet service,No internet service,No internet service,No internet service,Two year,Yes,Bank transfer (automatic),23.05,1422.76,No
YHWO-0288,Female,0,Yes,No,18,Yes,No,No,No internet service,No internet service,No internet service,No internet service,No internet service,No internet service,Two year,Yes,Mailed check,29.13,526.46,No
EPMP-5593,Female,0,Yes,Yes,22,Yes,Yes,Fiber optic,Yes,No,Yes,No,Yes,Yes,Month-to-month,Yes,Credit card (automatic),104.94,2304.52,Yes
QEQA-4461,Female,0,Yes,No,54,Yes,Yes,DSL,Yes,Yes,Yes,No,Yes,No,Month-to-month,Yes,Credit card (automatic),36.91,1994.17,No
FBMJ-4394,Female,0,Yes,No,23,Yes,Yes,Fiber optic,Yes,No,No,No,Yes,Yes,One year,No,Mailed check,52.38,1207.06,No
BHXV-2308,Female,0,No,No,25,Yes,No,Fiber optic,Yes,Yes,Yes,Yes,Yes,No,Month-to-month,No,Bank transfer (automatic),92.4,2305.94,No
JENX-2337,Female,0,No,Yes,53,Yes,No,Fiber optic,Yes,Yes,Yes,No,Yes,Yes,Month-to-month,Yes,Mailed check,98.2,5208.87,No
OICW-8132,Male,0,No,Yes,32,Yes,Yes,Fiber optic,No,No,No,No,No,Yes,Two year,No,Mailed check,61.42,1969.44,No
XDIA-0322,Female,0,Yes,Yes,56,Yes,Yes,Fiber optic,No,No,Yes,Yes,Yes,Yes,One year,Yes,Electronic check,58.23,3267.58,No
JLRN-9917,Male,1,No,No,8,Yes,Yes,Fiber optic,No,Yes,Yes,No,No,No,Month-to-month,Yes,Credit card (automatic),52.14,417.91,Yes
AOHZ-2184,Female,0,No,Yes,63,Yes,Yes,Fiber optic,Yes,Yes,Yes,Yes,No,No,Month-to-month,Yes,Bank transfer (automatic),98.67,6220.95,Yes
OEMV-3668,Male,1,Yes,Yes,58,Yes,No,DSL,Yes,No,No,Yes,No,Yes,Two year,Yes,Bank transfer (automatic),39.26,2284.99,No
VPMQ-8984,Female,1,Yes,No,15,Yes,No,Fiber optic,Yes,Yes,Yes,No,No,No,Month-to-month,Yes,Electronic check,70.52,1053.83,Yes
GADZ-3453,Male,0,No,No,4,Yes,No,No,No internet service,No internet service,No internet service,No internet service,No internet service,No internet service,Two year,Yes,Electronic check,25.19,100.53,Yes
FZWC-8701,Male,0,No,No,43,Yes,Yes,DSL,Yes,No,No,No,Yes,No,Month-to-month,Yes,Bank transfer (automatic),56.0,2418.7,No
RZYL-8806,Female,1,No,No,45,Yes,Yes,Fiber optic,No,No,Yes,Yes,No,No,One year,No,Credit card (automatic),89.75,4046.99,No
LKMC-8720,Male,0,No,No,9,Yes,No,DSL,No,Yes,No,No,No,No,One year,Yes,Bank transfer (automatic),43.49,388.15,No
YMJQ-2559,Female,0,Yes,No,57,Yes,Yes,Fiber optic,Yes,Yes,Yes,Yes,No,No,Month-to-month,No,Bank transfer (automatic),85.85,4896.07,No
TPRM-9594,Female,0,No,No,69,Yes,No,Fiber optic,No,Yes,Yes,No,No,No,Month-to-month,Yes,Electronic check,69.11,4773.41,Yes
FGKP-8639,Female,0,No,Yes,63,Yes,No,Fiber optic,No,Yes,No,No,No,No,Month-to-month,Yes,Electronic check,55.69,3506.01,Yes
EPFI-4461,Male,0,No,No,69,Yes,Yes,Fiber optic,No,No,No,No,Yes,No,Month-to-month,Yes,Electronic check,104.78,7230.17,No
SLBZ-9125,Male,0,Yes,No,59,Yes,Yes,DSL,Yes,No,Yes,Yes,No,No,One year,Yes,Mailed check,51.54,3036.73,No
EPNM-4110,Male,0,No,No,24,Yes,No,Fiber optic,No,No,Yes,No,Yes,No,One year,Yes,Mailed check,64.07,1535.36,Yes
SPGU-6851,Female,0,Yes,No,10,Yes,No,DSL,Yes,Yes,Yes,No,Yes,No,Month-to-month,Yes,Mailed check,52.76,526.42,No
AAZY-5531,Female,0,No,No,62,Yes,No,DSL,No,No,Yes,No,No,Yes,Two year,No,Electronic check,42.45,2639.08,No
JCCH-5680,Male,0,No,No,25,Yes,No,DSL,No,Yes,No,Yes,Yes,Yes,One year,No,Bank transfer (automatic),38.9,969.48,No
ROYU-3088,Female,0,No,Yes,40,Yes,Yes,Fiber optic,Yes,Yes,Yes,Yes,No,No,One year,Yes,Credit card (automatic),92.94,3716.63,No
TYJM-0403,Female,1,No,Yes,52,Yes,No,No,No internet service,No internet service,No internet service,No internet service,No internet service,No internet service,Month-to-month,No,Electronic check,26.65,1390.11,No
PPUC-1529,Male,0,Yes,No,23,Yes,Yes,DSL,Yes,No,No,Yes,Yes,No,Month-to-month,Yes,Electronic check,48.41,1107.38,No
AKME-1133,Female,0,No,No,72,Yes,Yes,Fiber optic,No,No,No,No,Yes,Yes,Month-to-month,Yes,Credit card (automatic),86.1,6201.07,No
TGQH-9895,Female,0,Yes,No,71,Yes,No,No,No internet service,No internet service,No internet service,No internet service,No internet service,No internet service,Month-to-month,Yes,Credit card (automatic),20.45,1453.76,No
TVZG-5047,Male,1,Yes,No,6,Yes,Yes,DSL,Yes,Yes,No,Yes,No,Yes,Month-to-month,No,Bank transfer (automatic),60.33,359.4,No
HLZY-3956,Male,0,Yes,No,72,Yes,Yes,DSL,Yes,No,No,Yes,No,No,Month-to-month,Yes,Mailed check,35.09,2527.34,No
UHCH-4051,Male,0,No,No,63,Yes,Yes,No,No internet service,No internet service,No internet service,No internet service,No internet service,No internet service,Month-to-month,No,Mailed check,28.16,1779.6,No
OGOY-2933,Female,0,No,Yes,71,Yes,Yes,DSL,Yes,No,No,No,No,No,Month-to-month,No,Bank transfer (automatic),71.54,5073.69,No
DCEY-7918,Female,0,No,No,45,No,No phone service,DSL,Yes,Yes,No,Yes,No,No,Month-to-month,No,Electronic check,73.61,3299.18,Yes
JRGE-6457,Female,0,Yes,No,50,Yes,No,Fiber optic,No,No,Yes,Yes,Yes,Yes,Month-to-month,Yes,Bank transfer (automatic),47.99,2400.95,No
AKML-0402,Male,0,Yes,No,70,Yes,No,DSL,No,No,Yes,Yes,No,Yes,Month-to-month,Yes,Electronic check,30.73,2149.71,Yes
ZOIN-6577,Female,0,Yes,Yes,5,Yes,Yes,No,No internet service,No internet service,No internet service,No internet service,No internet service,No internet service,Month-to-month,No,Mailed check,18.45,91.11,Yes
VDTT-5015,Male,0,No,No,29,Yes,No,No,No internet service,No internet service,No internet service,No internet service,No internet service,No internet service,Two year,Yes,Electronic check,18.02,526.65,No
NKQI-5607,Female,0,Yes,Yes,15,Yes,Yes,Fiber optic,Yes,Yes,No,No,No,Yes,Month-to-month,Yes,Electronic check,56.83,853.3,Yes
PLLE-4566,Female,0,No,No,56,Yes,No,DSL,No,No,No,Yes,No,No,Month-to-month,No,Credit card (automatic),25.22,1407.04,No
UQIV-8312,Female,0,No,No,64,Yes,Yes,DSL,Yes,Yes,No,No,Yes,No,Month-to-month,Yes,Mailed check,65.52,4195.58,No
LDJP-7275,Female,0,Yes,No,60,Yes,No,DSL,Yes,Yes,Yes,No,No,Yes,Month-to-month,Yes,Electronic check,51.35,3088.95,No
DGNM-4482,Female,0,No,No,16,Yes,No,DSL,No,No,Yes,Yes,Yes,Yes,One year,No,Electronic check,38.53,620.25,No
JOTU-0675,Female,0,No,No,62,Yes,No,No,No internet service,No internet service,No internet service,No internet service,No internet service,No internet service,Month-to-month,No,Credit card (automatic),22.27,1390.55,No
YCRE-8009,Female,0,Yes,No,6,Yes,Yes,Fiber optic,No,No,Yes,Yes,Yes,Yes,One year,Yes,Credit card (automatic),60.5,365.47,No
CZSU-3577,Male,0,Yes,No,34,Yes,No,No,No internet service,No internet service,No internet service,No internet service,No internet service,No internet service,Two year,Yes,Bank transfer (automatic),23.01,785.28,No
OKTA-6543,Female,0,No,Yes,68,Yes,Yes,Fiber optic,No,No,Yes,No,Yes,Yes,Month-to-month,No,Electronic check,83.09,5646.36,No
VHVS-8234,Male,0,Yes,No,29,Yes,No,Fiber optic,Yes,No,Yes,Yes,No,Yes,One year,No,Bank transfer (automatic),66.31,1920.73,No
BKPJ-9151,Female,0,Yes,No,43,Yes,Yes,No,No internet service,No internet service,No internet service,No internet service,No internet service,No internet service,Month-to-month,Yes,Mailed check,28.79,1234.62,No
JQHZ-9095,Male,1,No,Yes,5,Yes,No,Fiber optic,No,Yes,No,Yes,Yes,Yes,One year,Yes,Mailed check,69.36,348.59,Yes
LQXN-4240,Male,0,No,No,55,Yes,No,Fiber optic,No,No,Yes,Yes,No,No,Month-to-month,Yes,Credit card (automatic),72.58,3996.41,No
ANDY-8023,Male,0,No,No,7,Yes,No,Fiber optic,No,No,Yes,No,Yes,Yes,Month-to-month,Yes,Bank transfer (automatic),55.82,389.96,No
RWCQ-0253,Female,1,No,No,19,Yes,No,Fiber optic,Yes,Yes,Yes,No,Yes,No,Month-to-month,No,Bank transfer (automatic),91.48,1734.35,Yes
QGBL-4767,Male,0,Yes,No,72,Yes,Yes,No,No internet service,No internet service,No internet service,No internet service,No internet service,No internet service,One year,No,Electronic check,29.44,2118.07,No
MZNK-5685,Male,0,Yes,Yes,29,Yes,Yes,DSL,No,Yes,No,No,Yes,No,One year,Yes,Mailed check,59.94,1747.12,No
YOPM-1115,Male,0,Yes,No,61,Yes,No,DSL,Yes,No,No,Yes,No,No,Two year,Yes,Electronic check,60.52,3686.57,No
BCXH-3870,Female,0,No,Yes,25,Yes,No,Fiber optic,No,No,No,Yes,No,No,Two year,No,Bank transfer (automatic),60.27,1508.18,No
XPQO-3956,Male,0,Yes,No,65,Yes,Yes,No,No internet service,No internet service,No internet service,No internet service,No internet service,No internet service,Month-to-month,Yes,Electronic check,18.22,1184.96,No
JDXX-8531,Male,0,No,Yes,60,Yes,No,Fiber optic,No,Yes,No,No,No,No,Two year,Yes,Electronic check,102.74,6172.66,No
OWZS-2231,Male,0,No,No,60,Yes,No,DSL,No,No,No,No,Yes,No,Month-to-month,Yes,Bank transfer (automatic),37.46,2254.82,No
UCJE-6818,Male,0,Yes,Yes,44,Yes,No,DSL,No,No,No,Yes,No,Yes,One year,Yes,Credit card (automatic),50.55,2223.02,No
JFLF-2983,Female,0,No,No,45,Yes,No,No,No internet service,No internet service,No internet service,No internet service,No internet service,No internet service,Month-to-month,No,Electronic check,28.21,1269.24,No
ECEH-7750,Male,0,Yes,Yes,23,Yes,Yes,DSL,No,Yes,No,No,Yes,No,Month-to-month,Yes,Mailed check,48.24,1117.91,No
KZPF-9687,Male,1,Yes,No,15,No,No phone service,Fiber optic,No,No,Yes,Yes,No,No,Month-to-month,No,Bank transfer (automatic),102.11,1536.42,No
XOGR-0151,Male,0,Yes,Yes,15,Yes,No,DSL,No,Yes,Yes,No,Yes,No,Month-to-month,No,Mailed check,58.85,881.56,No
JTOJ-2575,Male,1,No,No,65,Yes,Yes,DSL,No,No,No,No,Yes,Yes,Month-to-month,Yes,Bank transfer (automatic),30.16,1964.21,No
BUMV-8594,Male,0,No,No,0,Yes,No,DSL,No,No,Yes,Yes,No,Yes,Month-to-month,Yes,Electronic check,60.26,0.0,No
AZEU-5636,Female,0,Yes,Yes,24,Yes,No,DSL,No,Yes,No,Yes,No,No,Month-to-month,No,Bank transfer (automatic),68.89,1653.47,No
UFTL-7813,Male,0,No,No,13,Yes,No,Fiber optic,No,Yes,No,No,No,Yes,Month-to-month,Yes,Mailed check,67.21,882.32,No
KXXO-8208,Female,1,No,No,6,Yes,Yes,Fiber optic,No,No,No,Yes,Yes,No,Month-to-month,Yes,Credit card (automatic),108.19,649.12,No
QCSI-0616,Male,0,Yes,No,20,Yes,No,DSL,No,No,Yes,No,Yes,Yes,Month-to-month,No,Electronic check,26.19,516.87,No
OAZJ-7991,Male,1,No,No,48,No,No phone service,Fiber optic,Yes,Yes,No,Yes,Yes,No,Two year,Yes,Electronic check,75.41,3621.59,No
SNHS-0873,Female,0,Yes,No,3,Yes,Yes,Fiber optic,No,Yes,Yes,No,Yes,No,One year,Yes,Electronic check,63.02,189.25,Yes
XECQ-9453,Female,0,Yes,No,11,Yes,No,DSL,No,Yes,No,No,No,No,Month-to-month,No,Electronic check,62.02,680.6,Yes
GSGN-0600,Female,0,No,No,21,Yes,Yes,No,No internet service,No internet service,No internet service,No internet service,No internet service,No internet service,Two year,Yes,Bank transfer (automatic),25.28,538.17,No
BRDM-0313,Male,0,No,Yes,33,No,No phone service,Fiber optic,No,Yes,Yes,No,Yes,Yes,Month-to-month,Yes,Electronic check,69.23,2292.59,No
PDYI-0463,Female,0,Yes,Yes,25,Yes,No,Fiber optic,No,Yes,Yes,No,Yes,Yes,Two year,No,Mailed check,47.53,1174.43,No
UBCW-9630,Female,0,Yes,No,27,Yes,Yes,DSL,No,No,No,No,Yes,Yes,One year,Yes,Mailed check,70.64,1904.28,No
QDDV-6889,Male,0,Yes,Yes,18,Yes,No,Fiber optic,No,Yes,Yes,No,Yes,No,Month-to-month,Yes,Electronic check,52.3,938.34,No
UJSS-5062,Male,0,No,No,30,Yes,Yes,DSL,Yes,Yes,No,No,No,Yes,Month-to-month,Yes,Credit card (automatic),25.47,764.67,Yes
EPWG-8028,Male,0,No,No,13,Yes,Yes,Fiber optic,No,No,No,Yes,Yes,No,Month-to-month,No,Electronic check,87.09,1134.98,Yes
HRXX-1726,Male,0,Yes,No,22,Yes,No,DSL,Yes,Yes,Yes,No,No,Yes,Two year,Yes,Electronic check,74.65,1632.04,Yes
YTFY-4028,Female,0,Yes,Yes,7,Yes,No,Fiber optic,Yes,Yes,No,No,Yes,No,One year,Yes,Credit card (automatic),48.43,343.36,No
PCKK-9134,Female,0,No,No,37,No,No phone service,Fiber optic,No,No,Yes,No,No,Yes,Two year,No,Bank transfer (automatic),79.49,2945.17,No
WWYH-1774,Female,0,No,No,9,Yes,No,DSL,Yes,Yes,No,No,No,No,Month-to-month,Yes,Bank transfer (automatic),28.46,246.99,Yes
SYWA-7945,Male,0,Yes,No,29,Yes,No,Fiber optic,No,No,No,No,No,Yes,Month-to-month,No,Credit card (automatic),67.74,1967.72,No
IJNX-2430,Male,0,No,No,6,Yes,Yes,DSL,Yes,Yes,Yes,Yes,No,Yes,Month-to-month,Yes,Mailed check,39.19,235.74,Yes
EZGQ-3587,Male,0,No,Yes,1,Yes,Yes,Fiber optic,No,Yes,Yes,No,Yes,No,Month-to-month,Yes,Credit card (automatic),76.69,77.97,No
BSZE-6264,Male,0,No,No,21,No,No phone service,No,No internet service,No internet service,No internet service,No internet service,No internet service,No internet service,Month-to-month,No,Credit card (automatic),27.75,589.76,Yes
ZVFK-3781,Female,1,No,No,4,No,No phone service,No,No internet service,No internet service,No internet service,No internet service,No internet service,No internet service,Month-to-month,Yes,Credit card (automatic),27.28,119.46,No
YKTV-6379,Female,1,No,No,66,Yes,No,No,No internet service,No internet service,No internet service,No internet service,No internet service,No internet service,Two year,Yes,Credit card (automatic),18.85,1253.0,No
XAXZ-2497,Male,1,No,No,72,Yes,Yes,Fiber optic,Yes,Yes,Yes,Yes,No,Yes,One year,Yes,Bank transfer (automatic),96.37,6934.14,No
KVDO-3356,Male,0,Yes,No,68,Yes,No,No,No internet service,No internet service,No internet service,No internet service,No internet service,No internet service,Two year,No,Electronic check,20.08,1367.27,No
UJXP-6737,Male,0,Yes,No,55,No,No phone service,DSL,No,No,Yes,Yes,Yes,No,Month-to-month,Yes,Bank transfer (automatic),69.8,3850.23,No
FCHW-9430,Male,0,No,No,19,Yes,No,DSL,Yes,Yes,Yes,Yes,No,No,Month-to-month,Yes,Electronic check,47.35,898.89,No
ZCRH-7443,Female,0,No,No,69,No,No phone service,DSL,No,No,No,No,Yes,No,Two year,No,Electronic check,28.63,1975.41,No
AAVO-3328,Male,0,Yes,No,67,Yes,Yes,Fiber optic,No,No,No,Yes,Yes,No,Month-to-month,Yes,Electronic check,68.04,4553.35,No
SHBD-0410,Female,0,No,No,56,Yes,No,DSL,No,Yes,No,No,Yes,No,Month-to-month,Yes,Mailed check,40.33,2258.35,No
QRUI-5327,Male,0,No,Yes,20,Yes,Yes,Fiber optic,No,Yes,No,No,Yes,Yes,One year,Yes,Bank transfer (automatic),90.0,1797.99,No
CATM-4447,Male,1,No,No,16,Yes,No,DSL,No,Yes,Yes,No,Yes,No,Month-to-month,Yes,Electronic check,63.27,1006.86,Yes
PXLM-3804,Male,1,No,Yes,26,Yes,No,DSL,No,Yes,No,No,No,Yes,Month-to-month,Yes,Electronic check,56.14,1463.85,No
UEXY-2872,Male,0,No,No,38,Yes,No,No,No internet service,No internet service,No internet service,No internet service,No internet service,No internet service,Month-to-month,No,Bank transfer (automatic),25.02,953.25,No
RODO-1341,Male,0,No,Yes,66,Yes,No,Fiber optic,No,Yes,Yes,No,No,No,Two year,No,Electronic check,83.81,5531.91,No
HASW-9012,Male,0,No,No,69,Yes,No,Fiber optic,No,No,No,Yes,No,No,Two year,No,Mailed check,60.05,4141.52,No
PRBF-6558,Male,0,Yes,No,68,Yes,Yes,Fiber optic,Yes,Yes,No,No,No,Yes,Two year,Yes,Electronic check,104.09,7079.15,No
HXVU-8165,Male,0,No,No,12,Yes,Yes,DSL,No,No,Yes,No,Yes,No,Two year,Yes,Mailed check,50.95,609.9,No
WDYG-1341,Female,1,No,No,49,Yes,No,Fiber optic,Yes,Yes,Yes,No,No,Yes,Month-to-month,No,Electronic check,49.78,2440.97,Yes
JHAO-2047,Male,0,No,No,9,Yes,No,Fiber optic,No,No,Yes,No,No,Yes,Month-to-month,Yes,Credit card (automatic),91.46,816.85,No
GIRL-7752,Male,0,Yes,Yes,55,Yes,No,No,No internet service,No internet service,No internet service,No internet service,No internet service,No internet service,Two year,No,Mailed check,19.6,1080.28,No
BNHF-3448,Male,0,Yes,No,43,Yes,No,DSL,No,No,No,No,No,No,Month-to-month,Yes,Credit card (automatic),64.15,2752.22,No
MIXX-1274,Female,0,No,No,27,Yes,Yes,Fiber optic,Yes,No,No,Yes,No,Yes,One year,Yes,Mailed check,62.06,1671.59,No
WXFU-7000,Female,0,Yes,No,36,Yes,No,DSL,Yes,Yes,No,No,No,Yes,Month-to-month,Yes,Electronic check,63.92,2293.85,No
CZML-5546,Male,0,No,No,35,Yes,Yes,Fiber optic,No,No,Yes,Yes,No,Yes,One year,Yes,Credit card (automatic),48.32,1698.63,No
ENRD-0633,Male,1,No,Yes,55,Yes,Yes,DSL,No,No,No,Yes,No,No,Month-to-month,Yes,Electronic check,44.05,2418.92,Yes
MDCH-3780,Female,0,Yes,Yes,56,Yes,No,Fiber optic,No,No,Yes,No,Yes,Yes,Two year,Yes,Mailed check,92.22,5169.44,No
ODFX-5593,Female,0,Yes,No,35,No,No phone service,Fiber optic,Yes,No,Yes,No,Yes,Yes,Month-to-month,Yes,Electronic check,90.96,3187.36,Yes
IPGN-5015,Female,1,Yes,Yes,0,Yes,No,No,No internet service,No internet service,No internet service,No internet service,No internet service,No internet service,Month-to-month,No,Bank transfer (automatic),29.76,0.0,Yes
OAOO-4026,Male,0,Yes,No,42,Yes,Yes,Fiber optic,Yes,No,No,Yes,No,No,Two year,Yes,Credit card (automatic),76.38,3208.82,No
EZAA-7862,Male,0,Yes,No,8,Yes,No,Fiber optic,No,Yes,No,No,No,No,One year,Yes,Electronic check,62.26,501.34,No
LVSZ-3329,Female,1,No,No,66,Yes,Yes,Fiber optic,Yes,No,Yes,No,Yes,No,One year,No,Electronic check,92.15,6071.22,No
FEKY-8282,Female,0,Yes,Yes,31,Yes,Yes,Fiber optic,No,No,No,No,Yes,Yes,One year,Yes,Credit card (automatic),60.68,1878.72,No
TQUL-8139,Male,0,Yes,No,69,Yes,No,No,No internet service,No internet service,No internet service,No internet service,No internet service,No internet service,Two year,Yes,Mailed check,26.48,1824.63,No
RHIS-8556,Male,0,Yes,Yes,57,Yes,Yes,Fiber optic,No,No,Yes,No,No,Yes,Month-to-month,No,Credit card (automatic),87.92,5019.2,No
UFKQ-2844,Male,0,Yes,No,51,Yes,No,Fiber optic,No,No,No,No,No,Yes,Month-to-month,Yes,Bank transfer (automatic),84.39,4307.62,Yes
XMRG-8645,Male,0,Yes,No,69,No,No phone service,No,No internet service,No internet service,No internet service,No internet service,No internet service,No internet service,Two year,Yes,Credit card (automatic),29.08,2009.84,No
DWAD-2301,Female,0,No,No,27,Yes,Yes,DSL,No,No,No,Yes,Yes,No,Month-to-month,No,Bank transfer (automatic),59.23,1599.62,No
IGMV-1016,Male,0,Yes,No,64,Yes,Yes,DSL,No,No,Yes,No,No,No,Month-to-month,No,Electronic check,40.28,2573.29,No
RSHW-8360,Male,1,No,Yes,39,Yes,No,DSL,No,Yes,Yes,No,Yes,Yes,Two year,Yes,Bank transfer (automatic),29.79,1159.22,No
KBWR-5984,Female,0,No,Yes,19,Yes,Yes,DSL,Yes,No,No,No,Yes,Yes,Month-to-month,No,Mailed check,74.67,1420.64,Yes
ZGAX-8457,Male,1,No,No,9,No,No phone service,DSL,No,No,No,Yes,No,No,Two year,Yes,Electronic check,69.39,624.23,No
TBOJ-7145,Female,1,Yes,No,61,Yes,No,Fiber optic,Yes,No,Yes,No,No,Yes,Two year,Yes,Credit card (automatic),63.71,3881.93,No
EVVC-2822,Female,0,Yes,No,36,Yes,Yes,DSL,No,No,No,No,No,Yes,Two year,Yes,Credit card (automatic),72.08,2595.78,No
KNBG-9930,Male,0,Yes,No,59,Yes,No,No,No internet service,No internet service,No internet service,No internet service,No internet service,No internet service,Month-to-month,Yes,Bank transfer (automatic),18.52,1097.06,No
FUNB-5023,Male,0,No,Yes,66,Yes,No,DSL,No,Yes,No,Yes,No,No,Month-to-month,Yes,Electronic check,45.91,3028.05,No
MCOM-5304,Female,0,Yes,No,51,Yes,No,DSL,Yes,Yes,Yes,No,Yes,Yes,Two year,No,Electronic check,26.21,1342.18,No
UYXH-4796,Female,0,No,Yes,34,Yes,Yes,Fiber optic,Yes,No,No,Yes,Yes,No,One year,No,Mailed check,102.06,3471.85,No
QGXS-8715,Male,0,Yes,Yes,61,Yes,No,DSL,No,No,Yes,Yes,Yes,No,Month-to-month,Yes,Credit card (automatic),45.44,2772.15,No
TSFJ-8199,Male,0,No,No,11,Yes,No,Fiber optic,No,No,Yes,Yes,No,Yes,Month-to-month,Yes,Bank transfer (automatic),78.34,856.83,No
ZEVD-6161,Male,0,No,No,28,No,No phone service,No,No internet service,No internet service,No internet service,No internet service,No internet service,No internet service,Month-to-month,No,Electronic check,22.39,621.84,No
QKUR-7703,Female,0,Yes,No,29,Yes,No,Fiber optic,No,No,No,No,No,Yes,Month-to-month,No,Electronic check,57.52,1672.34,No
YULZ-5240,Male,0,Yes,No,21,Yes,Yes,Fiber optic,No,No,Yes,No,Yes,No,Month-to-month,No,Mailed check,92.94,1951.8,Yes
XOFL-1338,Female,0,Yes,No,52,Yes,Yes,Fiber optic,Yes,Yes,Yes,No,No,No,One year,Yes,Mailed check,79.66,4151.29,No
YULC-0570,Male,0,Yes,No,21,Yes,Yes,No,No internet service,No internet service,No internet service,No internet service,No internet service,No internet service,One year,Yes,Bank transfer (automatic),26.61,559.41,No
QKWG-1215,Female,0,Yes,Yes,59,Yes,No,DSL,No,Yes,Yes,Yes,No,Yes,Month-to-month,Yes,Bank transfer (automatic),67.31,3979.55,Yes
MXXP-0878,Female,0,Yes,No,48,Yes,Yes,No,No internet service,No internet service,No internet service,No internet service,No internet service,No internet service,Month-to-month,Yes,Electronic check,26.24,1254.35,No
NMYK-5207,Female,0,No,No,48,Yes,No,Fiber optic,No,No,No,Yes,No,Yes,Month-to-month,Yes,Credit card (automatic),90.02,4327.64,Yes
ZSMG-9525,Male,0,No,Yes,6,Yes,Yes,Fiber optic,No,No,No,No,Yes,Yes,Month-to-month,No,Electronic check,106.17,635.8,No
CMMY-0743,Male,0,No,No,45,Yes,Yes,Fiber optic,No,No,No,Yes,No,No,Month-to-month,Yes,Mailed check,85.12,3835.27,No
QIMY-4898,Female,0,No,No,10,Yes,Yes,DSL,No,Yes,Yes,Yes,Yes,Yes,Two year,Yes,Electronic check,66.75,664.48,No
GXQD-9938,Male,0,No,No,15,Yes,Yes,DSL,Yes,Yes,No,Yes,No,No,Month-to-month,Yes,Electronic check,58.35,880.04,No
COLZ-9046,Female,0,Yes,No,53,Yes,No,Fiber optic,No,Yes,No,Yes,No,Yes,One year,Yes,Bank transfer (automatic),99.16,5241.39,No
LTYF-5299,Female,0,Yes,Yes,56,Yes,Yes,Fiber optic,Yes,No,No,Yes,No,No,One year,Yes,Bank transfer (automatic),54.32,3038.05,No
UZVD-2465,Female,0,Yes,No,35,No,No phone service,Fiber optic,No,Yes,No,Yes,No,Yes,Two year,No,Mailed check,69.7,2443.1,No
RAUU-5203,Female,0,No,No,50,Yes,No,DSL,No,No,Yes,No,No,No,Month-to-month,No,Bank transfer (automatic),37.87,1898.62,No
TJBN-7520,Male,0,No,No,21,Yes,Yes,DSL,Yes,No,No,No,No,No,Two year,No,Bank transfer (automatic),60.72,1276.59,No
LSXT-2331,Male,0,Yes,Yes,36,Yes,Yes,No,No internet service,No internet service,No internet service,No internet service,No internet service,No internet service,Two year,Yes,Bank transfer (automatic),20.16,737.49,No
DYDQ-0045,Male,0,No,No,2,Yes,Yes,Fiber optic,No,No,No,Yes,No,Yes,One year,No,Bank transfer (automatic),90.02,178.53,No
LFFY-0957,Male,0,Yes,No,34,Yes,Yes,Fiber optic,Yes,No,No,No,Yes,No,Two year,No,Electronic check,51.1,1734.72,No
XLOS-4930,Female,0,No,No,37,No,No phone service,Fiber optic,No,No,Yes,Yes,No,No,Two year,Yes,Bank transfer (automatic),60.71,2246.53,No
IURB-6304,Female,0,No,No,54,Yes,No,DSL,No,Yes,No,Yes,No,Yes,Month-to-month,No,Bank transfer (automatic),44.48,2400.68,No
ROGP-8015,Female,0,Yes,No,40,Yes,No,Fiber optic,No,Yes,No,No,Yes,No,Month-to-month,No,Mailed check,57.16,2293.82,Yes
HGYB-8326,Male,0,No,No,37,Yes,No,Fiber optic,Yes,No,No,No,No,Yes,Month-to-month,Yes,Mailed check,60.22,2232.84,No
UMUM-1553,Male,0,No,No,33,No,No phone service,DSL,No,No,No,Yes,No,No,Month-to-month,No,Electronic check,72.32,2386.38,No
EWHF-4267,Male,0,No,No,10,Yes,Yes,No,No internet service,No internet service,No internet service,No internet service,No internet service,No internet service,One year,Yes,Credit card (automatic),20.68,202.29,No
SUKR-9933,Female,0,Yes,No,13,Yes,Yes,Fiber optic,No,Yes,Yes,No,No,Yes,Two year,Yes,Mailed check,98.71,1289.91,No
HSUP-4183,Male,0,No,Yes,20,Yes,No,No,No internet service,No internet service,No internet service,No internet service,No internet service,No internet service,Month-to-month,No,Mailed check,21.84,440.49,No
IYBI-8158,Male,1,No,No,27,Yes,No,Fiber optic,Yes,Yes,No,Yes,No,Yes,Two year,No,Bank transfer (automatic),84.9,2289.41,No
PDBG-8530,Male,0,Yes,No,59,Yes,Yes,No,No internet service,No internet service,No internet service,No internet service,No internet service,No internet service,Month-to-month,Yes,Mailed check,23.1,1355.08,No
DSGK-9421,Male,0,No,No,33,Yes,Yes,DSL,Yes,No,Yes,Yes,No,No,Month-to-month,No,Mailed check,52.82,1748.45,Yes
REMM-7741,Female,0,No,Yes,64,Yes,Yes,No,No internet service,No internet service,No internet service,No internet service,No internet service,No internet service,Month-to-month,Yes,Electronic check,18.54,1186.72,No
MDWV-9641,Male,0,Yes,No,3,Yes,No,Fiber optic,Yes,Yes,No,Yes,No,No,One year,Yes,Bank transfer (automatic),45.62,141.71,No
HNBH-6236,Female,0,Yes,No,55,Yes,No,DSL,No,Yes,No,Yes,No,No,Two year,No,Mailed check,37.43,2060.51,No
DIWQ-0383,Female,0,Yes,No,69,Yes,Yes,Fiber optic,No,No,No,Yes,Yes,No,Month-to-month,No,Credit card (automatic),95.75,6607.43,Yes
MUQO-1339,Female,0,No,No,9,Yes,No,Fiber optic,Yes,No,No,Yes,No,No,Month-to-month,Yes,Credit card (automatic),71.32,633.99,No
VMVH-8005,Male,0,Yes,No,34,No,No phone service,Fiber optic,Yes,No,Yes,No,No,No,One year,No,Electronic check,64.29,2180.52,No
DTAY-2490,Female,0,Yes,No,9,Yes,No,Fiber optic,Yes,No,No,Yes,No,No,Month-to-month,Yes,Bank transfer (automatic),69.41,628.28,No
XCNO-0950,Female,1,Yes,No,62,Yes,No,No,No internet service,No internet service,No internet service,No internet service,No internet service,No internet service,One year,Yes,Bank transfer (automatic),27.52,1708.6,No
OCUT-6527,Male,0,No,No,24,Yes,Yes,Fiber optic,No,No,No,No,Yes,Yes,Month-to-month,No,Credit card (automatic),108.15,2590.55,No
XNRW-0170,Female,0,Yes,Yes,31,Yes,Yes,Fiber optic,No,Yes,Yes,No,No,No,Month-to-month,No,Credit card (automatic),71.2,2209.59,No
BQUG-5557,Female,0,No,No,55,Yes,No,DSL,No,No,Yes,No,Yes,No,Month-to-month,No,Mailed check,47.67,2616.75,Yes
EOZG-2892,Male,1,No,Yes,25,No,No phone service,No,No internet service,No internet service,No internet service,No internet service,No internet service,No internet service,Two year,Yes,Bank transfer (automatic),24.1,600.45,No
NVCA-0231,Male,0,Yes,No,67,Yes,Yes,Fiber optic,No,No,No,Yes,No,No,Month-to-month,Yes,Credit card (automatic),55.71,3724.73,No
YKXL-2634,Male,0,No,No,72,Yes,Yes,No,No internet service,No internet service,No internet service,No internet service,No internet service,No internet service,Month-to-month,Yes,Bank transfer (automatic),24.96,1786.67,Yes
TIPG-3716,Male,0,Yes,No,26,Yes,No,Fiber optic,No,No,No,Yes,Yes,No,One year,No,Electronic check,87.87,2289.61,Yes
KQXN-5488,Male,0,Yes,No,72,Yes,No,No,No internet service,No internet service,No internet service,No internet service,No internet service,No internet service,Month-to-month,Yes,Electronic check,20.35,1467.27,No
CYMM-8141,Male,0,No,No,10,Yes,Yes,No,No internet service,No internet service,No internet service,No internet service,No internet service,No internet service,Month-to-month,Yes,Bank transfer (automatic),29.41,292.99,No
QWTU-3517,Male,1,No,No,52,Yes,Yes,Fiber optic,Yes,Yes,No,Yes,No,Yes,Month-to-month,No,Credit card (automatic),60.87,3165.55,No
THSL-4262,Female,0,No,No,31,Yes,No,Fiber optic,No,Yes,Yes,No,No,No,Two year,No,Electronic check,81.97,2540.19,No
LHYL-1264,Male,0,Yes,Yes,58,Yes,No,Fiber optic,No,No,No,Yes,Yes,Yes,One year,Yes,Credit card (automatic),104.61,6061.85,No
ZWBN-3047,Male,0,Yes,Yes,29,Yes,Yes,Fiber optic,Yes,Yes,Yes,No,Yes,No,Month-to-month,Yes,Credit card (automatic),78.88,2282.42,No
QWGW-0214,Female,0,No,Yes,8,Yes,No,Fiber optic,Yes,Yes,Yes,Yes,No,Yes,Two year,Yes,Electronic check,96.09,762.44,No
RUUP-3695,Female,0,Yes,Yes,10,Yes,No,No,No internet service,No internet service,No internet service,No internet service,No internet service,No internet service,Two year,Yes,Electronic check,25.14,249.9,No
BODP-6882,Male,0,No,No,16,Yes,Yes,No,No internet service,No internet service,No internet service,No internet service,No internet service,No internet service,Month-to-month,No,Electronic check,25.57,404.15,No
QIHW-5968,Female,0,Yes,Yes,10,Yes,Yes,DSL,No,Yes,Yes,Yes,Yes,Yes,Month-to-month,No,Mailed check,54.31,547.6,No
FONZ-2239,Male,0,No,No,56,Yes,Yes,DSL,No,No,No,Yes,Yes,Yes,Two year,Yes,Electronic check,74.22,4165.9,No
NNZH-9879,Female,0,No,Yes,49,Yes,No,DSL,No,Yes,Yes,Yes,Yes,Yes,One year,Yes,Credit card (automatic),52.65,2589.43,No
RDDL-1721,Male,0,Yes,No,72,Yes,No,DSL,No,Yes,No,No,No,Yes,Month-to-month,No,Electronic check,57.1,4115.8,No
GAVM-2242,Female,0,No,Yes,52,Yes,Yes,Fiber optic,Yes,No,No,Yes,Yes,Yes,Month-to-month,Yes,Electronic check,98.52,5119.17,Yes
DMMO-2629,Male,0,No,Yes,65,Yes,No,Fiber optic,No,No,No,No,Yes,Yes,Month-to-month,No,Electronic check,74.14,4817.77,No
TBRY-0090,Female,0,No,No,42,Yes,Yes,DSL,No,Yes,Yes,No,Yes,No,One year,Yes,Mailed check,47.01,1973.56,No
CRSN-4810,Female,1,No,No,38,Yes,No,Fiber optic,Yes,Yes,No,No,Yes,No,One year,No,Bank transfer (automatic),87.92,3346.98,No
FSMG-5640,Female,0,Yes,Yes,41,Yes,No,No,No internet service,No internet service,No internet service,No internet service,No internet service,No internet service,Month-to-month,Yes,Electronic check,24.07,986.34,No
SSWO-2433,Female,0,Yes,Yes,33,Yes,No,Fiber optic,No,Yes,Yes,No,No,No,Month-to-month,No,Credit card (automatic),81.84,2702.7,No
GAWX-2235,Male,0,Yes,Yes,24,Yes,Yes,Fiber optic,No,Yes,No,No,No,No,Two year,Yes,Credit card (automatic),76.82,1847.8,No
NGAM-3610,Male,0,Yes,No,8,Yes,No,No,No internet service,No internet service,No internet service,No internet service,No internet service,No internet service,One year,No,Credit card (automatic),20.03,157.62,No
AZNV-4092,Female,0,No,No,11,Yes,No,Fiber optic,No,No,No,No,No,No,Month-to-month,Yes,Mailed check,45.74,504.54,Yes
KGYI-5202,Female,0,Yes,No,9,Yes,No,DSL,No,Yes,No,Yes,No,Yes,Two year,Yes,Electronic check,34.24,310.06,No
ZBUX-4024,Female,0,No,No,33,Yes,Yes,DSL,Yes,No,No,No,No,No,One year,Yes,Bank transfer (automatic),67.28,2223.31,No
WUNJ-4677,Female,0,No,No,25,Yes,No,DSL,Yes,Yes,No,No,No,Yes,Month-to-month,Yes,Electronic check,48.18,1197.76,No
GMNS-1058,Male,0,No,No,34,Yes,No,DSL,No,Yes,No,Yes,No,No,Month-to-month,Yes,Mailed check,25.35,867.76,Yes
SEIY-6311,Male,0,Yes,No,55,Yes,No,DSL,No,No,No,No,Yes,No,Two year,No,Electronic check,71.58,3938.69,No
TQDV-5648,Male,0,No,No,55,Yes,No,Fiber optic,Yes,No,Yes,Yes,Yes,No,Month-to-month,No,Bank transfer (automatic),81.66,4490.43,No
BBDT-3034,Male,0,No,No,47,Yes,Yes,DSL,Yes,Yes,No,Yes,Yes,Yes,Month-to-month,No,Credit card (automatic),54.79,2571.59,No
YSCE-9520,Male,0,No,No,22,Yes,No,Fiber optic,No,No,No,No,No,Yes,Two year,Yes,Mailed check,89.6,1972.39,No
JXLA-1253,Male,0,No,Yes,64,Yes,No,Fiber optic,Yes,No,No,No,No,No,Two year,Yes,Electronic check,53.31,3417.1,No
DOIF-1628,Female,0,Yes,No,7,Yes,No,Fiber optic,Yes,Yes,No,Yes,Yes,Yes,Two year,Yes,Electronic check,69.62,486.76,No
VXMP-0152,Female,0,Yes,Yes,12,No,No phone service,DSL,Yes,Yes,Yes,Yes,Yes,Yes,Two year,No,Electronic check,68.01,825.47,No
QVEY-5400,Female,0,Yes,No,48,Yes,Yes,No,No internet service,No internet service,No internet service,No internet service,No internet service,No internet service,Month-to-month,Yes,Electronic check,29.64,1418.21,No
AGVP-4377,Male,0,No,No,9,Yes,Yes,Fiber optic,No,No,No,No,No,No,Month-to-month,No,Mailed check,62.66,562.82,Yes
UTOR-6428,Male,0,No,No,2,Yes,Yes,Fiber optic,No,No,No,Yes,No,No,Month-to-month,Yes,Electronic check,84.83,170.47,Yes
IKJN-7021,Male,0,No,No,27,Yes,No,Fiber optic,Yes,No,No,Yes,No,No,One year,No,Electronic check,86.94,2349.61,No
PDBL-7034,Male,0,Yes,No,26,Yes,No,DSL,Yes,Yes,No,Yes,No,No,Month-to-month,Yes,Electronic check,62.32,1625.85,Yes
JTHR-8111,Female,1,No,Yes,10,No,No phone service,Fiber optic,No,No,No,Yes,Yes,Yes,Month-to-month,Yes,Electronic check,49.41,497.82,No
LJHS-9976,Female,0,Yes,No,11,Yes,No,No,No internet service,No internet service,No internet service,No internet service,No internet service,No internet service,Two year,No,Electronic check,28.55,317.02,No
JDGK-7552,Male,1,No,No,6,Yes,No,Fiber optic,No,No,No,Yes,No,Yes,Month-to-month,Yes,Electronic check,64.88,384.26,Yes
EZBL-4463,Male,0,Yes,No,41,Yes,Yes,Fiber optic,Yes,Yes,No,No,Yes,No,Month-to-month,Yes,Electronic check,74.53,3051.03,Yes
KVID-5890,Male,0,No,No,9,Yes,No,Fiber optic,Yes,Yes,No,No,No,No,Month-to-month,Yes,Credit card (automatic),107.09,961.6,No
HATS-3688,Male,0,Yes,No,60,Yes,No,DSL,No,Yes,No,Yes,No,No,Two year,Yes,Bank transfer (automatic),73.74,4423.46,No
ZQOJ-0832,Female,0,Yes,Yes,63,Yes,Yes,No,No internet service,No internet service,No internet service,No internet service,No internet service,No internet service,Month-to-month,Yes,Electronic check,28.43,1800.92,Yes
YULV-0069,Female,1,No,No,27,No,No phone service,DSL,No,No,No,No,Yes,No,Month-to-month,Yes,Electronic check,29.17,787.53,Yes
OHKX-6801,Male,0,Yes,No,25,Yes,No,Fiber optic,No,No,Yes,No,No,Yes,Month-to-month,No,Mailed check,77.61,1943.49,No
SMLU-3377,Female,0,Yes,Yes,51,Yes,Yes,DSL,No,No,No,Yes,Yes,Yes,One year,No,Credit card (automatic),49.46,2515.46,No
KGAJ-3042,Male,0,No,No,3,Yes,No,No,No internet service,No internet service,No internet service,No internet service,No internet service,No internet service,Two year,No,Electronic check,26.59,82.21,No
SDBG-3415,Male,1,Yes,No,21,Yes,No,DSL,No,Yes,Yes,Yes,Yes,Yes,One year,Yes,Bank transfer (automatic),26.12,541.72,No
IPHX-1370,Female,0,Yes,No,9,Yes,No,Fiber optic,No,No,Yes,No,No,Yes,Two year,No,Credit card (automatic),71.42,629.91,No
HSHF-6105,Female,0,No,No,3,Yes,No,DSL,Yes,No,Yes,No,Yes,No,Two year,Yes,Bank transfer (automatic),65.92,200.35,No
SDMO-8211,Female,0,No,No,6,No,No phone service,No,No internet service,No internet service,No internet service,No internet service,No internet service,No internet service,Two year,No,Credit card (automatic),20.28,121.02,No
RFRK-6661,Female,0,No,Yes,62,Yes,No,DSL,Yes,Yes,No,No,Yes,No,Month-to-month,No,Bank transfer (automatic),40.92,2536.01,No
GJHX-1458,Female,0,Yes,No,66,Yes,Yes,No,No internet service,No internet service,No internet service,No internet service,No internet service,No internet service,Month-to-month,Yes,Electronic check,25.09,1665.2,No
VZVJ-9589,Male,0,No,Yes,29,Yes,No,DSL,No,No,Yes,No,Yes,Yes,One year,Yes,Mailed check,37.88,1103.58,No
WQAN-3126,Male,0,Yes,No,20,Yes,No,Fiber optic,No,No,No,Yes,No,Yes,One year,No,Electronic check,103.2,2070.43,No
WNLS-1089,Male,0,No,Yes,47,Yes,No,Fiber optic,Yes,Yes,No,Yes,Yes,No,One year,Yes,Mailed check,91.07,4284.03,No
CYOD-9569,Male,0,Yes,No,16,Yes,No,No,No internet service,No internet service,No internet service,No internet service,No internet service,No internet service,One year,Yes,Mailed check,19.33,315.19,No
VAVK-5429,Male,1,Yes,Yes,66,Yes,No,Fiber optic,Yes,Yes,Yes,Yes,Yes,No,Month-to-month,No,Bank transfer (automatic),77.01,5080.96,No
SZMG-7226,Female,0,No,No,8,Yes,Yes,Fiber optic,No,No,Yes,No,No,Yes,Month-to-month,No,Electronic check,107.27,857.45,No
ZLWI-5690,Male,1,No,No,39,Yes,No,Fiber optic,No,Yes,No,Yes,No,No,Month-to-month,No,Mailed check,107.25,4180.23,No
GRWC-8467,Female,0,Yes,Yes,58,Yes,No,Fiber optic,Yes,No,Yes,No,No,No,Month-to-month,Yes,Bank transfer (automatic),100.38,5814.71,No
MPPL-1065,Female,0,Yes,No,68,Yes,No,DSL,No,No,Yes,Yes,Yes,No,Month-to-month,No,Mailed check,46.93,3196.77,No
FRST-2125,Male,0,No,Yes,40,Yes,No,Fiber optic,Yes,Yes,No,Yes,Yes,No,Month-to-month,Yes,Credit card (automatic),98.14,3921.41,No
YDVQ-5283,Male,0,Yes,No,67,Yes,No,Fiber optic,No,Yes,No,Yes,Yes,No,One year,Yes,Bank transfer (automatic),98.87,6627.22,Yes
GDKV-6195,Male,1,Yes,No,47,Yes,No,DSL,No,No,No,Yes,No,Yes,One year,Yes,Bank transfer (automatic),56.79,2667.38,No
HOMV-1306,Female,1,Yes,No,60,Yes,Yes,Fiber optic,Yes,Yes,No,No,Yes,No,Month-to-month,No,Mailed check,68.69,4126.55,No
XZRJ-4774,Male,0,Yes,Yes,4,Yes,No,DSL,Yes,Yes,No,No,No,No,Month-to-month,No,Electronic check,35.16,138.38,No
HFOO-4343,Female,0,Yes,No,6,Yes,No,DSL,Yes,Yes,Yes,Yes,Yes,Yes,One year,No,Bank transfer (automatic),57.86,349.18,No
ACHW-6285,Male,0,No,No,5,Yes,Yes,DSL,Yes,No,No,No,Yes,Yes,Two year,Yes,Electronic check,61.43,307.13,No
HXST-5161,Male,0,Yes,No,28,Yes,No,Fiber optic,No,No,No,No,No,No,One year,Yes,Credit card (automatic),60.52,1700.01,No
EDIM-1666,Male,0,Yes,No,50,Yes,No,No,No internet service,No internet service,No internet service,No internet service,No internet service,No internet service,Month-to-month,Yes,Credit card (automatic),25.17,1260.32,No
QHRO-4146,Female,0,Yes,No,27,Yes,Yes,Fiber optic,Yes,Yes,Yes,No,Yes,No,Month-to-month,Yes,Bank transfer (automatic),107.59,2902.19,No
FLET-7709,Female,0,Yes,No,56,Yes,No,DSL,Yes,No,No,No,Yes,Yes,One year,Yes,Electronic check,69.55,3898.43,No
BCMQ-2973,Female,0,Yes,No,62,Yes,No,Fiber optic,Yes,No,No,No,No,No,One year,No,Credit card (automatic),89.04,5523.2,No
MGGP-4093,Male,0,No,Yes,37,Yes,Yes,Fiber optic,No,No,No,No,No,Yes,Month-to-month,Yes,Electronic check,51.84,1920.62,No
WNEB-7171,Male,0,Yes,No,48,Yes,Yes,DSL,No,No,Yes,No,No,Yes,Month-to-month,No,Mailed check,30.49,1459.68,No
PUDA-7923,Female,0,No,No,11,No,No phone service,No,No internet service,No internet service,No internet service,No internet service,No internet service,No internet service,Month-to-month,Yes,Electronic check,19.17,209.39,Yes
TUCY-3935,Male,1,No,No,44,Yes,No,DSL,No,Yes,Yes,No,Yes,No,Month-to-month,Yes,Bank transfer (automatic),65.96,2903.9,No
HMWT-3494,Female,0,No,No,44,Yes,No,No,No internet service,No internet service,No internet service,No internet service,No internet service,No internet service,Month-to-month,No,Mailed check,21.21,935.36,Yes
LAXJ-4223,Male,0,Yes,No,4,Yes,No,Fiber optic,Yes,No,Yes,No,Yes,Yes,Month-to-month,Yes,Credit card (automatic),53.56,215.24,No
LWPE-0445,Female,0,Yes,No,64,Yes,Yes,Fiber optic,No,No,Yes,No,No,Yes,Two year,No,Mailed check,53.17,3408.39,No
WERN-1306,Male,0,Yes,No,34,Yes,No,No,No internet service,No internet service,No internet service,No internet service,No internet service,No internet service,One year,No,Electronic check,24.54,833.86,No
QCJG-5647,Female,0,No,No,34,No,No phone service,Fiber optic,No,No,No,No,No,No,Month-to-month,Yes,Credit card (automatic),76.01,2589.08,No
FDKQ-1532,Male,0,Yes,Yes,30,Yes,No,No,No internet service,No internet service,No internet service,No internet service,No internet service,No internet service,One year,No,Electronic check,23.45,707.13,No
GGPB-7096,Female,0,No,Yes,35,Yes,Yes,DSL,No,Yes,No,No,No,Yes,Month-to-month,Yes,Bank transfer (automatic),44.14,1540.07,No
PJLQ-2291,Female,0,No,No,39,No,No phone service,DSL,No,No,Yes,No,No,No,Month-to-month,Yes,Mailed check,61.7,2410.63,No
ZETF-1360,Female,0,No,No,39,Yes,No,Fiber optic,Yes,No,No,No,Yes,No,Month-to-month,Yes,Electronic check,94.7,3686.95,Yes
MKCQ-1894,Male,0,Yes,Yes,60,No,No phone service,DSL,No,Yes,Yes,No,Yes,No,Two year,Yes,Bank transfer (automatic),53.91,3240.87,No
MTLD-7231,Female,1,Yes,No,11,Yes,No,Fiber optic,No,Yes,No,No,No,No,One year,Yes,Electronic check,59.3,646.61,No
VLPY-3531,Male,1,No,No,12,Yes,Yes,Fiber optic,No,No,No,Yes,No,Yes,Month-to-month,Yes,Bank transfer (automatic),90.74,1098.19,No
MNFL-6367,Female,0,Yes,No,29,Yes,Yes,No,No internet service,No internet service,No internet service,No internet service,No internet service,No internet service,Two year,No,Mailed check,20.6,596.47,No
SBUR-9495,Female,0,Yes,No,39,No,No phone service,Fiber optic,No,No,Yes,Yes,Yes,No,Month-to-month,Yes,Bank transfer (automatic),99.06,3862.68,No
XVDS-1011,Female,0,Yes,Yes,16,Yes,Yes,Fiber optic,No,Yes,Yes,No,Yes,No,Month-to-month,No,Bank transfer (automatic),94.92,1516.61,Yes
EIAD-9692,Female,0,No,No,72,Yes,No,DSL,No,Yes,Yes,No,No,No,Month-to-month,Yes,Credit card (automatic),41.75,2996.73,No
HCHR-4382,Male,0,Yes,No,21,No,No phone service,Fiber optic,No,Yes,No,No,Yes,Yes,Month-to-month,Yes,Mailed check,92.23,1927.39,No
LEPZ-8510,Male,0,Yes,Yes,55,Yes,No,Fiber optic,Yes,Yes,No,No,Yes,No,Month-to-month,No,Mailed check,60.93,3355.35,No
LAGN-1603,Female,1,No,Yes,61,Yes,No,Fiber optic,No,No,Yes,Yes,Yes,No,Month-to-month,No,Bank transfer (automatic),72.71,4439.97,Yes
JOKD-4906,Male,0,No,No,56,Yes,Yes,Fiber optic,Yes,No,No,No,No,Yes,Month-to-month,Yes,Credit card (automatic),89.5,5013.09,No
KRPO-1785,Male,0,No,Yes,14,Yes,No,DSL,Yes,Yes,No,No,Yes,No,Two year,Yes,Electronic check,40.37,564.12,No
KQAK-6728,Female,0,No,No,53,Yes,Yes,Fiber optic,Yes,Yes,No,No,No,No,Two year,No,Credit card (automatic),101.29,5365.93,No
DDSX-8010,Male,1,Yes,No,15,No,No phone service,Fiber optic,Yes,No,No,No,No,No,Two year,No,Credit card (automatic),81.94,1230.29,No
NDJW-6543,Male,0,Yes,No,23,Yes,Yes,Fiber optic,Yes,No,No,No,Yes,No,Month-to-month,Yes,Electronic check,95.51,2200.72,Yes
MHGK-9051,Male,0,Yes,No,24,Yes,No,DSL,Yes,Yes,No,No,No,No,Month-to-month,Yes,Electronic check,39.31,941.5,No
TUHV-1445,Male,0,No,No,45,Yes,Yes,Fiber optic,No,Yes,Yes,No,No,No,Month-to-month,No,Mailed check,109.44,4922.22,Yes
QHSE-6295,Male,1,Yes,Yes,54,Yes,No,DSL,Yes,Yes,Yes,Yes,Yes,No,Two year,Yes,Electronic check,54.39,2947.24,No
EGJK-2132,Female,0,Yes,No,0,Yes,Yes,No,No internet service,No internet service,No internet service,No internet service,No internet service,No internet service,Month-to-month,Yes,Credit card (automatic),24.21,0.0,No
ODWU-3564,Male,0,Yes,No,49,Yes,Yes,Fiber optic,No,Yes,No,Yes,Yes,No,One year,No,Electronic check,46.02,2257.0,No
LGCG-2575,Male,0,Yes,No,49,Yes,No,Fiber optic,Yes,Yes,Yes,No,No,No,One year,Yes,Bank transfer (automatic),59.5,2927.8,No
ZCEI-7581,Female,0,Yes,No,32,Yes,No,DSL,No,No,No,No,Yes,No,Month-to-month,No,Credit card (automatic),53.72,1713.75,Yes
MKYJ-9583,Female,0,Yes,No,70,Yes,No,Fiber optic,No,No,Yes,No,No,Yes,One year,No,Bank transfer (automatic),106.21,7444.16,No
EBSA-3110,Female,0,Yes,No,27,Yes,Yes,Fiber optic,No,Yes,Yes,Yes,Yes,Yes,Month-to-month,Yes,Mailed check,84.03,2273.51,No
ZBDF-6663,Male,0,No,No,31,Yes,Yes,Fiber optic,No,Yes,No,No,Yes,No,Month-to-month,Yes,Credit card (automatic),50.07,1555.77,No
LENP-2079,Female,0,No,No,7,Yes,No,DSL,No,Yes,No,Yes,No,Yes,Month-to-month,No,Bank transfer (automatic),43.61,313.53,No
GINZ-3446,Male,0,Yes,No,43,Yes,Yes,No,No internet service,No internet service,No internet service,No internet service,No internet service,No internet service,Two year,No,Credit card (automatic),26.36,1130.06,No
MIXG-0959,Female,0,No,Yes,27,Yes,Yes,DSL,No,No,No,Yes,Yes,No,One year,Yes,Bank transfer (automatic),71.43,1932.99,No
OOIM-6082,Female,0,Yes,Yes,66,Yes,Yes,No,No internet service,No internet service,No internet service,No internet service,No internet service,No internet service,One year,No,Electronic check,19.97,1322.56,No
ITYO-7638,Male,0,Yes,Yes,6,Yes,No,DSL,No,No,Yes,No,No,No,One year,No,Bank transfer (automatic),45.68,276.71,No
TQVD-9242,Female,0,Yes,No,5,Yes,No,Fiber optic,Yes,Yes,No,Yes,Yes,No,Month-to-month,No,Bank transfer (automatic),70.06,353.04,No
KYVO-2477,Female,0,Yes,No,44,Yes,Yes,Fiber optic,Yes,Yes,No,Yes,No,No,One year,Yes,Credit card (automatic),47.63,2091.74,No
FEUQ-1356,Female,0,No,Yes,13,No,No phone service,DSL,No,No,No,No,Yes,No,Month-to-month,Yes,Electronic check,25.14,332.19,No
QHAY-3658,Male,1,No,Yes,44,Yes,No,Fiber optic,No,No,Yes,No,No,No,Month-to-month,Yes,Mailed check,55.24,2433.31,Yes
PBOO-6460,Female,0,No,Yes,58,Yes,Yes,Fiber optic,No,No,Yes,Yes,No,Yes,Two year,Yes,Mailed check,63.7,3696.15,No
KJYA-4706,Male,0,Yes,No,39,Yes,No,Fiber optic,Yes,No,Yes,No,No,No,One year,Yes,Electronic check,65.67,2562.1,No
BGGI-5366,Male,0,No,Yes,45,Yes,Yes,DSL,No,No,No,Yes,Yes,No,Two year,No,Electronic check,33.58,1521.42,No
TRMK-8744,Female,0,Yes,No,58,Yes,Yes,Fiber optic,No,No,No,No,No,Yes,One year,Yes,Credit card (automatic),92.59,5365.04,No
QYNZ-7495,Female,1,No,No,36,Yes,No,No,No internet service,No internet service,No internet service,No internet service,No internet service,No internet service,Two year,Yes,Electronic check,26.46,946.88,No
JKZX-5932,Female,0,Yes,Yes,67,Yes,Yes,No,No internet service,No internet service,No internet service,No internet service,No internet service,No internet service,Month-to-month,Yes,Electronic check,29.26,1966.6,No
GBGQ-9480,Female,0,No,Yes,64,Yes,Yes,No,No internet service,No internet service,No internet service,No internet service,No internet service,No internet service,Two year,No,Credit card (automatic),28.05,1792.79,No
HIIH-3606,Female,1,Yes,Yes,27,No,No phone service,DSL,Yes,No,Yes,No,No,No,Month-to-month,No,Credit card (automatic),27.58,749.23,No
FEQH-9002,Female,0,No,Yes,40,Yes,No,DSL,No,No,No,No,No,No,One year,No,Bank transfer (automatic),74.32,2970.58,No
MHPX-6471,Male,0,No,No,14,Yes,No,DSL,No,No,Yes,Yes,Yes,No,One year,Yes,Mailed check,54.24,757.55,No
XBJE-3046,Female,0,No,Yes,38,Yes,No,No,No internet service,No internet service,No internet service,No internet service,No internet service,No internet service,One year,No,Credit card (automatic),18.95,717.98,No
ARON-8461,Female,0,Yes,No,65,Yes,No,DSL,No,No,No,No,No,Yes,Month-to-month,No,Bank transfer (automatic),50.96,3307.86,No
WWGU-8131,Male,0,No,No,27,Yes,No,No,No internet service,No internet service,No internet service,No internet service,No internet service,No internet service,One year,No,Credit card (automatic),28.72,776.72,No
XAYL-4230,Female,0,Yes,No,30,Yes,No,Fiber optic,Yes,No,No,No,Yes,Yes,Month-to-month,Yes,Mailed check,104.74,3134.44,No
SKHL-1184,Male,0,Yes,No,11,Yes,No,DSL,No,No,No,No,No,Yes,Month-to-month,No,Electronic check,49.85,543.62,Yes
UQMF-7563,Male,0,No,No,12,Yes,Yes,Fiber optic,Yes,No,No,Yes,Yes,Yes,One year,No,Electronic check,80.2,951.77,No
RALV-8941,Male,0,No,No,2,Yes,Yes,DSL,Yes,Yes,No,No,No,No,Month-to-month,Yes,Credit card (automatic),66.48,127.04,No
QSDP-6878,Female,0,Yes,No,62,Yes,No,Fiber optic,No,Yes,No,No,No,No,Two year,Yes,Mailed check,51.79,3211.06,No
GJHX-0816,Male,0,No,No,28,Yes,No,Fiber optic,No,Yes,No,No,No,No,Month-to-month,No,Mailed check,56.56,1589.21,No
ZZMU-3002,Female,1,Yes,No,63,Yes,No,DSL,No,No,No,No,No,Yes,One year,Yes,Bank transfer (automatic),65.82,4149.52,No
QHCJ-1533,Male,0,No,No,65,Yes,No,No,No internet service,No internet service,No internet service,No internet service,No internet service,No internet service,Two year,No,Bank transfer (automatic),21.69,1401.18,No
BBKV-4834,Male,1,Yes,No,49,Yes,Yes,Fiber optic,Yes,No,Yes,Yes,Yes,No,Two year,Yes,Credit card (automatic),95.72,4691.8,No
QLRC-4439,Male,0,No,No,72,Yes,Yes,DSL,No,No,No,Yes,No,No,One year,Yes,Electronic check,62.27,4489.55,No
SIQV-6939,Female,0,Yes,No,16,No,No phone service,Fiber optic,Yes,No,Yes,Yes,No,No,One year,Yes,Bank transfer (automatic),64.67,1032.27,No
CXIM-0986,Female,0,No,No,55,Yes,No,No,No internet service,No internet service,No internet service,No internet service,No internet service,No internet service,Two year,No,Electronic check,18.78,1038.94,No
AGEZ-6875,Male,0,Yes,No,6,Yes,No,No,No internet service,No internet service,No internet service,No internet service,No internet service,No internet service,Month-to-month,No,Credit card (automatic),28.8,177.19,No
BHND-7637,Female,0,No,Yes,35,Yes,Yes,No,No internet service,No internet service,No internet service,No internet service,No internet service,No internet service,Month-to-month,No,Bank transfer (automatic),19.48,682.12,Yes
KBIF-6902,Male,1,No,Yes,39,Yes,Yes,Fiber optic,No,No,Yes,Yes,No,Yes,Month-to-month,No,Mailed check,106.14,4138.63,Yes
JELW-0842,Male,0,No,No,0,Yes,No,Fiber optic,Yes,No,Yes,Yes,Yes,No,One year,Yes,Bank transfer (automatic),90.93,0.0,No
GZPH-9926,Female,0,No,No,41,Yes,Yes,Fiber optic,No,No,Yes,No,Yes,Yes,One year,No,Bank transfer (automatic),105.31,4314.43,No
WDJY-0042,Male,0,No,Yes,35,Yes,Yes,Fiber optic,No,No,Yes,Yes,No,Yes,Two year,Yes,Electronic check,80.92,2822.14,No
ZMIE-6013,Male,0,No,Yes,38,No,No phone service,No,No internet service,No internet service,No internet service,No internet service,No internet service,No internet service,Month-to-month,No,Mailed check,26.04,987.34,No
IEEY-7160,Female,0,Yes,No,0,Yes,No,DSL,Yes,Yes,No,No,No,No,One year,No,Electronic check,37.92,0.0,No
ZKOY-2133,Male,0,No,No,62,Yes,No,Fiber optic,No,No,Yes,Yes,Yes,Yes,Two year,Yes,Bank transfer (automatic),99.63,6175.33,No
CBET-4718,Male,0,No,Yes,55,Yes,No,DSL,No,Yes,No,Yes,No,Yes,Month-to-month,No,Electronic check,69.34,3811.64,No
ZPAH-4174,Female,0,No,Yes,30,No,No phone service,Fiber optic,Yes,No,Yes,Yes,Yes,No,Month-to-month,Yes,Electronic check,73.86,2213.32,No
ZONZ-2639,Male,0,Yes,No,0,No,No phone service,Fiber optic,No,Yes,Yes,No,Yes,No,Month-to-month,No,Credit card (automatic),98.54,0.0,No
LOFZ-7017,Male,0,Yes,Yes,40,Yes,Yes,No,No internet service,No internet service,No internet service,No internet service,No internet service,No internet service,Month-to-month,Yes,Credit card (automatic),28.01,1116.31,No
GJIB-7503,Female,0,No,No,10,Yes,No,Fiber optic,Yes,No,Yes,No,No,Yes,Month-to-month,Yes,Electronic check,62.86,625.96,No
BGYP-5340,Male,0,No,No,5,Yes,Yes,Fiber optic,Yes,No,No,No,Yes,No,Month-to-month,Yes,Electronic check,74.89,383.1,Yes
DZCI-5323,Female,0,Yes,No,50,Yes,No,Fiber optic,Yes,No,Yes,Yes,Yes,No,Two year,Yes,Bank transfer (automatic),98.74,4930.25,No
HLUM-0473,Female,0,Yes,Yes,63,Yes,Yes,Fiber optic,No,No,No,No,Yes,Yes,One year,Yes,Credit card (automatic),51.51,3249.06,No
RPCI-6242,Female,0,No,No,19,Yes,No,Fiber optic,No,Yes,No,No,Yes,No,One year,No,Mailed check,86.54,1642.64,No
JTLH-2279,Female,0,Yes,Yes,3,Yes,Yes,Fiber optic,No,Yes,No,No,Yes,Yes,One year,Yes,Credit card (automatic),104.45,307.76,No
MZWW-9169,Male,0,No,No,38,Yes,No,No,No internet service,No internet service,No internet service,No internet service,No internet service,No internet service,Two year,No,Mailed check,24.8,945.5,No
KJCG-3775,Female,0,No,No,46,Yes,No,DSL,Yes,Yes,Yes,Yes,No,No,Month-to-month,No,Bank transfer (automatic),61.82,2844.72,No
MLCF-5231,Male,0,No,Yes,21,No,No phone service,Fiber optic,Yes,Yes,No,Yes,Yes,Yes,One year,Yes,Electronic check,109.28,2287.83,No
OQBG-9482,Male,0,No,No,41,Yes,Yes,Fiber optic,Yes,No,No,Yes,Yes,No,Two year,Yes,Bank transfer (automatic),65.58,2693.62,No
BODB-6957,Female,0,No,Yes,34,Yes,Yes,DSL,No,No,Yes,No,No,Yes,Month-to-month,No,Electronic check,34.56,1165.49,No
ERDA-1353,Female,0,Yes,No,24,Yes,No,DSL,No,Yes,Yes,No,No,Yes,One year,Yes,Mailed check,39.34,945.63,No
TNZJ-1897,Female,1,Yes,Yes,2,Yes,No,Fiber optic,Yes,Yes,No,No,Yes,Yes,Month-to-month,Yes,Bank transfer (automatic),70.32,139.41,No
XUSF-8767,Male,0,No,No,50,Yes,No,Fiber optic,Yes,Yes,No,No,No,Yes,One year,No,Mailed check,50.81,2541.6,No
PTFO-4172,Male,0,Yes,Yes,11,Yes,No,Fiber optic,Yes,No,Yes,Yes,Yes,Yes,One year,Yes,Credit card (automatic),64.17,702.8,No
NEXI-8416,Male,0,Yes,No,13,Yes,No,Fiber optic,No,No,Yes,Yes,No,Yes,Month-to-month,No,Bank transfer (automatic),90.84,1183.43,Yes
PKKW-7740,Female,0,No,No,39,Yes,No,Fiber optic,No,Yes,Yes,Yes,No,Yes,Month-to-month,No,Electronic check,62.61,2436.52,Yes
MKDD-2724,Male,0,Yes,No,31,Yes,No,DSL,No,Yes,Yes,Yes,No,Yes,Month-to-month,Yes,Mailed check,31.8,980.01,No
BFVX-7041,Female,0,No,No,49,Yes,No,DSL,No,Yes,No,No,Yes,Yes,One year,Yes,Electronic check,65.58,3217.08,No
ZLEJ-8370,Female,1,Yes,No,67,Yes,Yes,No,No internet service,No internet service,No internet service,No internet service,No internet service,No internet service,Two year,Yes,Electronic check,27.74,1860.73,No
XFXV-2749,Male,0,Yes,Yes,28,Yes,No,No,No internet service,No internet service,No internet service,No internet service,No internet service,No internet service,Two year,Yes,Bank transfer (automatic),25.86,728.86,No
PUGF-8624,Female,0,No,No,30,Yes,No,Fiber optic,No,No,No,Yes,No,Yes,Month-to-month,Yes,Electronic check,46.72,1398.7,Yes
YKZB-0771,Male,0,Yes,No,23,Yes,Yes,No,No internet service,No internet service,No internet service,No internet service,No internet service,No internet service,One year,No,Electronic check,21.05,479.17,No
NMXE-1662,Male,0,No,No,10,Yes,No,DSL,No,No,No,No,No,No,One year,No,Mailed check,70.62,714.34,No
QKPT-1371,Male,0,No,No,29,Yes,No,Fiber optic,No,No,No,No,Yes,No,Two year,Yes,Mailed check,102.95,2969.48,Yes
QKNP-2965,Male,1,Yes,Yes,18,Yes,Yes,Fiber optic,Yes,No,Yes,No,No,No,One year,No,Electronic check,107.43,1937.99,No
VWXC-2976,Female,0,No,No,35,Yes,No,DSL,Yes,Yes,Yes,No,Yes,Yes,Month-to-month,No,Bank transfer (automatic),27.6,973.44,No
ZETF-8570,Male,0,No,No,5,Yes,Yes,DSL,Yes,No,No,Yes,Yes,Yes,One year,Yes,Electronic check,37.75,190.78,No
LVNB-2513,Female,0,Yes,Yes,1,Yes,No,DSL,No,No,Yes,No,Yes,Yes,Month-to-month,Yes,Bank transfer (automatic),57.65,67.5,Yes
VEFO-5784,Male,0,Yes,No,18,Yes,Yes,No,No internet service,No internet service,No internet service,No internet service,No internet service,No internet service,Month-to-month,Yes,Bank transfer (automatic),21.4,387.17,No
VFVB-3000,Male,0,No,No,45,Yes,No,No,No internet service,No internet service,No internet service,No internet service,No internet service,No internet service,Two year,Yes,Bank transfer (automatic),23.48,1052.19,No
GPQP-5155,Female,0,Yes,Yes,39,Yes,Yes,DSL,No,No,No,No,No,Yes,Month-to-month,No,Mailed check,39.74,1537.93,No
CHDW-3054,Male,0,Yes,Yes,17,Yes,Yes,No,No internet service,No internet service,No internet service,No internet service,No internet service,No internet service,Two year,Yes,Bank transfer (automatic),24.68,416.43,No
YNOY-7617,Male,0,Yes,No,35,Yes,Yes,Fiber optic,No,Yes,No,No,No,Yes,Two year,No,Mailed check,70.43,2461.07,No
SVZG-5431,Male,1,No,No,45,Yes,No,Fiber optic,No,No,Yes,No,No,No,Month-to-month,Yes,Bank transfer (automatic),100.72,4539.97,Yes
YNPW-6345,Female,0,Yes,No,55,Yes,No,Fiber optic,No,Yes,No,Yes,Yes,Yes,One year,No,Bank transfer (automatic),90.68,4990.63,No
KLRD-3366,Male,1,Yes,Yes,51,Yes,Yes,DSL,No,No,Yes,No,Yes,No,Month-to-month,No,Electronic check,40.28,2059.24,No
GWBU-9145,Male,0,Yes,No,53,No,No phone service,No,No internet service,No internet service,No internet service,No internet service,No internet service,No internet service,One year,Yes,Electronic check,27.59,1462.84,No
PCVO-4398,Male,0,Yes,No,55,Yes,No,DSL,No,No,Yes,Yes,Yes,Yes,Month-to-month,Yes,Electronic check,68.94,3790.8,No
KNXL-6088,Female,0,Yes,No,19,Yes,Yes,DSL,Yes,Yes,No,No,Yes,No,Month-to-month,Yes,Electronic check,34.29,646.44,Yes
VWMP-2460,Female,1,No,Yes,0,Yes,Yes,No,No internet service,No internet service,No internet service,No internet service,No internet service,No internet service,Two year,No,Credit card (automatic),26.62,0.0,No
AUIW-0477,Female,0,No,Yes,22,Yes,No,Fiber optic,Yes,Yes,Yes,No,No,No,Month-to-month,No,Mailed check,89.34,1964.74,Yes
BWJE-8203,Female,0,Yes,Yes,37,Yes,Yes,Fiber optic,No,Yes,Yes,Yes,No,No,Month-to-month,Yes,Mailed check,65.84,2438.29,Yes
GABP-4803,Male,0,Yes,No,19,Yes,Yes,No,No internet service,No internet service,No internet service,No internet service,No internet service,No internet service,Two year,No,Electronic check,21.47,417.09,No
LCUU-9148,Female,0,No,No,3,Yes,Yes,Fiber optic,No,No,No,Yes,Yes,Yes,One year,No,Mailed check,88.32,267.0,No
UOKJ-1656,Female,0,No,Yes,68,Yes,No,Fiber optic,Yes,No,Yes,No,Yes,No,One year,No,Bank transfer (automatic),76.48,,No
XZUB-6676,Female,0,No,Yes,5,Yes,No,DSL,No,Yes,No,Yes,No,No,Month-to-month,Yes,Bank transfer (automatic),36.71,181.54,No
ZWNY-7116,Female,0,No,No,62,Yes,No,Fiber optic,Yes,No,Yes,No,Yes,Yes,Two year,No,Mailed check,87.18,5408.94,No
ZOKJ-2082,Male,0,No,Yes,0,No,No phone service,No,No internet service,No internet service,No internet service,No internet service,No internet service,No internet service,Month-to-month,No,Credit card (automatic),18.97,0.0,No
QVTQ-3760,Male,0,Yes,No,62,Yes,No,Fiber optic,No,No,Yes,Yes,Yes,No,Two year,Yes,Bank transfer (automatic),93.53,5801.2,No
ZLYF-1262,Female,0,No,No,53,Yes,Yes,Fiber optic,No,Yes,No,Yes,Yes,No,Month-to-month,Yes,Electronic check,91.07,4820.74,Yes
CECS-4480,Female,1,No,No,68,Yes,Yes,No,No internet service,No internet service,No internet service,No internet service,No internet service,No internet service,Two year,Yes,Bank transfer (automatic),28.19,1900.93,No
QKIU-3185,Female,0,Yes,No,42,Yes,Yes,No,No internet service,No internet service,No internet service,No internet service,No internet service,No internet service,Month-to-month,Yes,Bank transfer (automatic),26.81,1116.43,No
YEDW-4771,Female,0,Yes,Yes,4,Yes,No,Fiber optic,No,Yes,No,No,Yes,No,Two year,Yes,Credit card (automatic),49.4,193.71,No
MEZX-2625,Male,0,No,Yes,69,Yes,Yes,DSL,No,Yes,Yes,Yes,No,No,Two year,Yes,Bank transfer (automatic),46.33,3197.36,No
RFFX-4078,Male,0,Yes,No,65,Yes,Yes,DSL,Yes,No,No,No,Yes,Yes,Month-to-month,Yes,Bank transfer (automatic),64.6,4194.2,No
AUFT-1436,Female,0,No,No,9,Yes,No,No,No internet service,No internet service,No internet service,No internet service,No internet service,No internet service,Month-to-month,Yes,Credit card (automatic),26.33,249.27,Yes
FCIN-3427,Female,0,No,No,35,Yes,No,No,No internet service,No internet service,No internet service,No internet service,No internet service,No internet service,Month-to-month,Yes,Credit card (automatic),18.92,654.21,Yes
GGXW-2210,Female,1,Yes,Yes,34,Yes,No,Fiber optic,No,No,Yes,Yes,No,No,Month-to-month,Yes,Mailed check,100.04,3397.26,No
EDPO-1025,Female,0,Yes,Yes,44,Yes,No,Fiber optic,No,No,Yes,Yes,Yes,No,Month-to-month,Yes,Electronic check,104.2,4579.7,No
MRZO-6620,Female,0,Yes,No,22,No,No phone service,Fiber optic,No,No,No,No,Yes,No,Month-to-month,Yes,Electronic check,51.56,1127.6,Yes
IKEB-7993,Female,0,Yes,Yes,61,Yes,No,DSL,No,Yes,No,No,Yes,Yes,Two year,No,Electronic check,54.37,3327.5,No
KJGN-4297,Female,0,Yes,Yes,46,Yes,Yes,No,No internet service,No internet service,No internet service,No internet service,No internet service,No internet service,Month-to-month,Yes,Mailed check,29.43,1351.37,No
RAEK-3968,Male,1,Yes,Yes,15,Yes,No,Fiber optic,No,No,Yes,No,No,No,Month-to-month,No,Bank transfer (automatic),91.36,1363.67,Yes
PFKQ-7132,Male,0,Yes,No,36,Yes,No,Fiber optic,No,No,No,No,No,No,Month-to-month,Yes,Electronic check,108.07,3896.18,No
FRUK-8211,Male,0,Yes,No,41,Yes,No,Fiber optic,No,Yes,No,Yes,No,No,One year,Yes,Mailed check,50.36,2062.33,No
OYVR-2011,Female,0,Yes,Yes,34,Yes,No,No,No internet service,No internet service,No internet service,No internet service,No internet service,No internet service,Month-to-month,Yes,Electronic check,29.49,1001.34,Yes
KRWC-3148,Male,0,Yes,Yes,39,Yes,Yes,DSL,Yes,Yes,No,No,No,No,Month-to-month,Yes,Mailed check,69.33,2708.09,No
LYGL-7442,Female,0,Yes,No,15,Yes,No,Fiber optic,No,No,No,Yes,No,No,Month-to-month,Yes,Bank transfer (automatic),88.74,1321.31,Yes
VACK-1683,Female,0,No,No,68,No,No phone service,No,No internet service,No internet service,No internet service,No internet service,No internet service,No internet service,One year,No,Mailed check,20.18,1378.96,No
WXJR-6275,Female,1,Yes,No,10,No,No phone service,Fiber optic,Yes,Yes,No,No,No,No,Month-to-month,Yes,Electronic check,69.38,684.54,Yes
CHSI-2013,Male,0,No,No,50,Yes,No,Fiber optic,Yes,No,No,Yes,No,Yes,Month-to-month,Yes,Credit card (automatic),68.4,3429.58,No
KBDD-3089,Male,0,No,No,49,Yes,No,Fiber optic,Yes,No,Yes,No,No,Yes,Two year,Yes,Mailed check,99.53,4883.7,No
KWBS-7633,Female,0,Yes,No,66,Yes,Yes,Fiber optic,No,No,Yes,No,No,Yes,Month-to-month,Yes,Credit card (automatic),78.7,5196.15,Yes
YPOE-4602,Male,1,Yes,No,66,Yes,Yes,Fiber optic,Yes,No,Yes,No,No,Yes,Month-to-month,No,Credit card (automatic),104.58,6914.35,No
RKZF-5905,Male,0,No,No,64,Yes,No,Fiber optic,No,Yes,Yes,Yes,No,No,Month-to-month,No,Bank transfer (automatic),78.33,5012.72,Yes
JPRT-5222,Male,0,Yes,No,11,Yes,Yes,Fiber optic,No,No,No,Yes,Yes,No,One year,Yes,Electronic check,52.46,576.12,No
PDYT-3364,Male,0,No,No,6,Yes,No,No,No internet service,No internet service,No internet service,No internet service,No internet service,No internet service,One year,Yes,Credit card (automatic),22.89,138.13,No
LBPG-2084,Female,1,Yes,No,42,Yes,No,Fiber optic,No,No,Yes,No,No,Yes,One year,Yes,Credit card (automatic),78.33,3284.43,No
ZQAQ-8759,Female,0,Yes,No,45,Yes,Yes,No,No internet service,No internet service,No internet service,No internet service,No internet service,No internet service,Two year,Yes,Bank transfer (automatic),27.92,1261.68,No
VFTU-9229,Male,0,Yes,No,21,Yes,No,Fiber optic,No,No,No,No,No,No,One year,No,Electronic check,86.73,1816.57,No
GEHE-3212,Male,0,No,No,5,Yes,No,Fiber optic,No,No,No,No,Yes,Yes,Month-to-month,Yes,Mailed check,95.47,478.03,Yes
GHOU-0239,Male,1,Yes,Yes,37,Yes,No,DSL,No,Yes,No,No,No,Yes,Month-to-month,Yes,Electronic check,42.7,1581.54,Yes
MLDL-0989,Female,1,No,No,38,Yes,Yes,Fiber optic,No,No,No,No,No,Yes,Month-to-month,No,Bank transfer (automatic),108.28,4119.24,Yes
OTBI-3357,Male,0,No,No,59,Yes,No,Fiber optic,No,No,Yes,No,No,No,Two year,No,Credit card (automatic),85.3,5032.98,No
EXQM-3026,Female,1,No,Yes,61,Yes,Yes,Fiber optic,Yes,No,No,No,No,No,Month-to-month,No,Bank transfer (automatic),90.41,5521.21,Yes
AUQV-8253,Male,0,No,No,26,Yes,No,DSL,No,No,No,Yes,Yes,Yes,Two year,Yes,Mailed check,58.77,1526.22,No
VBDM-6586,Male,0,Yes,No,48,Yes,Yes,DSL,No,No,No,Yes,Yes,Yes,Month-to-month,No,Credit card (automatic),73.45,3531.57,No
QFKS-7091,Female,0,Yes,No,14,Yes,Yes,Fiber optic,Yes,Yes,No,Yes,No,No,Month-to-month,Yes,Electronic check,59.3,822.7,Yes
SNCW-7867,Female,1,No,Yes,32,Yes,No,Fiber optic,No,Yes,Yes,Yes,Yes,Yes,Month-to-month,No,Electronic check,90.22,2890.88,No
KOFB-0286,Female,0,No,No,45,Yes,Yes,DSL,No,Yes,Yes,No,Yes,No,One year,No,Bank transfer (automatic),33.46,1505.24,No
RNQB-2587,Female,0,No,No,70,Yes,Yes,DSL,No,Yes,Yes,Yes,No,Yes,Month-to-month,No,Credit card (automatic),59.23,4142.49,Yes
JIHG-5751,Male,0,Yes,No,12,Yes,No,DSL,Yes,Yes,Yes,Yes,Yes,No,One year,No,Mailed check,35.36,426.03,No
IISI-1253,Female,0,Yes,Yes,52,Yes,Yes,DSL,Yes,No,No,No,Yes,Yes,Month-to-month,No,Mailed check,49.42,2570.45,No
XAMV-1501,Female,0,Yes,No,38,Yes,Yes,DSL,Yes,Yes,No,Yes,No,No,Month-to-month,Yes,Mailed check,35.37,1346.38,No
IVHG-8836,Female,0,Yes,No,49,Yes,Yes,DSL,Yes,No,No,Yes,No,Yes,Two year,No,Electronic check,60.54,2969.92,No
UGDL-9039,Male,0,Yes,No,69,No,No phone service,No,No internet service,No internet service,No internet service,No internet service,No internet service,No internet service,Month-to-month,Yes,Mailed check,19.44,1344.27,No
CIET-7421,Female,0,Yes,No,59,Yes,Yes,No,No internet service,No internet service,No internet service,No internet service,No internet service,No internet service,Month-to-month,No,Mailed check,23.0,1362.07,No
OXRN-7474,Male,1,Yes,No,8,Yes,No,No,No internet service,No internet service,No internet service,No internet service,No internet service,No internet service,Month-to-month,Yes,Mailed check,24.62,200.99,No
AKKB-5274,Male,0,No,Yes,3,Yes,No,No,No internet service,No internet service,No internet service,No internet service,No internet service,No internet service,Month-to-month,No,Electronic check,21.15,60.95,Yes
CZWH-3850,Female,0,Yes,Yes,20,Yes,No,Fiber optic,Yes,Yes,No,No,No,Yes,Month-to-month,No,Bank transfer (automatic),73.23,1467.54,Yes
EUGW-5716,Male,0,Yes,No,11,Yes,Yes,Fiber optic,Yes,Yes,No,No,Yes,No,One year,No,Electronic check,67.37,740.54,No
JOWD-9133,Female,0,Yes,Yes,49,Yes,No,Fiber optic,No,No,Yes,Yes,Yes,Yes,Month-to-month,Yes,Bank transfer (automatic),70.72,3471.73,No
FNWC-9028,Male,0,Yes,Yes,12,Yes,No,No,No internet service,No internet service,No internet service,No internet service,No internet service,No internet service,Two year,No,Electronic check,24.52,296.08,No
AMHR-5261,Male,0,No,No,51,Yes,No,Fiber optic,No,No,Yes,No,Yes,No,One year,Yes,Electronic check,87.52,4457.98,No
TZIF-3198,Female,1,Yes,No,20,No,No phone service,Fiber optic,No,Yes,No,No,No,No,Month-to-month,No,Credit card (automatic),96.26,1926.33,No
DYRG-4773,Female,0,No,No,54,Yes,No,Fiber optic,Yes,No,No,No,No,No,Month-to-month,Yes,Electronic check,98.98,5341.5,Yes
TOXC-6779,Male,0,No,Yes,9,Yes,No,Fiber optic,Yes,No,No,No,No,No,One year,Yes,Bank transfer (automatic),91.83,832.02,No
TIOZ-3754,Female,1,No,No,28,Yes,No,Fiber optic,No,No,No,No,No,No,Month-to-month,Yes,Credit card (automatic),90.94,2556.77,No
ODEO-0678,Female,1,No,No,10,Yes,Yes,DSL,No,No,No,No,Yes,No,Month-to-month,Yes,Mailed check,63.66,633.63,Yes
SIJE-9508,Male,0,No,No,29,Yes,No,DSL,No,No,Yes,Yes,Yes,No,Two year,Yes,Mailed check,68.36,1975.15,No
YVXD-4466,Male,0,Yes,No,39,Yes,Yes,DSL,Yes,Yes,No,Yes,Yes,No,Month-to-month,Yes,Electronic check,59.25,2306.42,No
WETH-0051,Male,0,No,No,48,Yes,No,Fiber optic,No,Yes,No,No,No,Yes,Two year,Yes,Electronic check,98.36,4723.59,No
LCTN-1969,Female,0,Yes,No,2,Yes,Yes,DSL,No,Yes,Yes,No,Yes,Yes,Month-to-month,No,Bank transfer (automatic),44.17,92.33,Yes
ASBM-8724,Male,0,Yes,No,0,Yes,No,Fiber optic,Yes,Yes,Yes,Yes,No,Yes,Two year,No,Mailed check,96.32,0.0,No
SNKL-5419,Female,0,Yes,No,31,No,No phone service,No,No internet service,No internet service,No internet service,No internet service,No internet service,No internet service,Month-to-month,No,Electronic check,20.54,640.04,Yes
PHFS-0411,Male,0,Yes,No,38,Yes,Yes,Fiber optic,No,Yes,No,No,No,Yes,Month-to-month,No,Bank transfer (automatic),99.23,3775.21,No
YKMJ-6509,Female,0,No,No,1,Yes,Yes,DSL,No,No,No,No,Yes,Yes,Month-to-month,Yes,Bank transfer (automatic),70.57,85.1,Yes
RKGO-2157,Female,0,No,Yes,30,Yes,No,No,No internet service,No internet service,No internet service,No internet service,No internet service,No internet service,Month-to-month,Yes,Bank transfer (automatic),29.0,869.46,No
HKPB-5463,Male,0,Yes,No,17,Yes,No,Fiber optic,Yes,No,No,No,No,No,Month-to-month,No,Mailed check,69.82,1189.0,No
MBZC-8978,Male,0,Yes,No,6,No,No phone service,No,No internet service,No internet service,No internet service,No internet service,No internet service,No internet service,One year,Yes,Credit card (automatic),27.51,167.49,No
UMEW-6047,Female,0,Yes,Yes,4,Yes,Yes,Fiber optic,No,No,No,Yes,No,No,One year,No,Mailed check,61.21,240.79,No
GBXR-9022,Male,0,Yes,Yes,28,Yes,No,Fiber optic,Yes,No,Yes,No,No,No,Month-to-month,Yes,Mailed check,94.77,2656.73,No
FLCG-7280,Male,0,Yes,No,67,Yes,No,Fiber optic,No,No,No,Yes,No,Yes,Month-to-month,Yes,Bank transfer (automatic),47.23,3166.1,No
OSSW-4316,Female,0,Yes,No,45,Yes,No,No,No internet service,No internet service,No internet service,No internet service,No internet service,No internet service,Month-to-month,Yes,Electronic check,28.67,1289.13,No
SGJL-6165,Female,0,No,No,55,Yes,No,Fiber optic,No,Yes,No,No,No,Yes,Two year,Yes,Credit card (automatic),61.75,3390.14,No
ZTUH-4215,Male,0,Yes,No,2,Yes,Yes,DSL,No,No,No,No,Yes,Yes,Month-to-month,Yes,Credit card (automatic),25.38,45.45,No
FGHD-7055,Male,0,Yes,No,12,Yes,No,Fiber optic,Yes,No,Yes,No,Yes,No,Month-to-month,No,Electronic check,80.92,974.72,No
SILU-0692,Male,0,No,No,66,Yes,No,DSL,No,No,Yes,Yes,Yes,No,Two year,Yes,Bank transfer (automatic),40.26,2654.44,No
ZZKT-5738,Male,0,Yes,Yes,71,Yes,Yes,Fiber optic,Yes,Yes,Yes,No,No,Yes,Month-to-month,Yes,Mailed check,58.56,4156.54,No
XZJV-6714,Male,0,No,No,49,Yes,No,DSL,No,Yes,No,No,No,No,Month-to-month,No,Electronic check,28.92,1418.7,No
GHUS-5478,Female,0,Yes,No,3,Yes,Yes,Fiber optic,No,Yes,No,Yes,No,No,Month-to-month,Yes,Electronic check,60.09,174.39,No
YVTD-8378,Male,0,No,Yes,41,Yes,Yes,Fiber optic,Yes,No,Yes,No,Yes,Yes,Two year,Yes,Bank transfer (automatic),79.68,3265.01,No
EFSL-4419,Female,0,Yes,Yes,23,Yes,Yes,Fiber optic,No,No,No,Yes,No,No,Month-to-month,No,Electronic check,54.97,1268.08,No
FIKW-7182,Male,0,No,Yes,18,No,No phone service,No,No internet service,No internet service,No internet service,No internet service,No internet service,No internet service,One year,Yes,Electronic check,29.69,528.45,No
JEWD-6799,Male,0,No,No,39,Yes,Yes,Fiber optic,No,Yes,No,No,No,No,Two year,Yes,Bank transfer (automatic),75.07,2927.75,No
DPOU-2472,Male,0,No,No,33,Yes,Yes,No,No internet service,No internet service,No internet service,No internet service,No internet service,No internet service,Two year,No,Mailed check,25.78,856.65,No
OPNE-9012,Female,0,Yes,No,6,No,No phone service,DSL,Yes,No,Yes,Yes,Yes,No,Two year,Yes,Mailed check,52.53,323.92,No
AYIU-3434,Male,0,No,Yes,37,Yes,Yes,No,No internet service,No internet service,No internet service,No internet service,No internet service,No internet service,Two year,Yes,Credit card (automatic),19.76,733.47,No
WKXB-3768,Female,1,No,Yes,18,Yes,No,Fiber optic,Yes,No,No,No,Yes,Yes,Month-to-month,No,Credit card (automatic),85.16,1534.86,Yes
EVXO-4837,Female,1,Yes,Yes,44,Yes,Yes,No,No internet service,No internet service,No internet service,No internet service,No internet service,No internet service,One year,Yes,Mailed check,25.18,1105.68,No
LCUO-7960,Male,0,No,No,19,Yes,Yes,Fiber optic,Yes,Yes,No,No,No,Yes,Month-to-month,No,Electronic check,93.91,1786.1,No
LTRR-6225,Male,0,Yes,Yes,1,Yes,Yes,Fiber optic,Yes,No,No,No,No,Yes,One year,Yes,Bank transfer (automatic),70.74,66.59,No
VQAK-5683,Male,0,Yes,No,36,Yes,No,Fiber optic,No,Yes,Yes,No,No,Yes,One year,Yes,Electronic check,45.98,1666.32,No
PZFL-2380,Male,1,No,Yes,30,Yes,No,DSL,No,Yes,Yes,No,Yes,Yes,Two year,Yes,Electronic check,62.05,1855.45,No
EWSB-1042,Female,0,No,No,41,Yes,No,DSL,No,No,No,No,No,No,Month-to-month,Yes,Electronic check,28.75,1178.63,No
LGAI-1793,Female,0,No,No,5,Yes,Yes,Fiber optic,No,No,Yes,Yes,Yes,Yes,Month-to-month,No,Bank transfer (automatic),64.25,318.91,No
FIWH-6180,Male,1,No,No,8,Yes,No,DSL,Yes,No,No,No,No,Yes,Two year,Yes,Electronic check,58.37,466.78,No
NRSS-9345,Female,0,No,No,52,Yes,No,Fiber optic,Yes,Yes,No,No,Yes,No,One year,No,Electronic check,91.75,4776.55,No
QNMH-5984,Male,0,No,No,10,Yes,Yes,DSL,No,Yes,No,Yes,No,No,One year,No,Electronic check,68.55,687.48,No
WDFF-3574,Female,0,No,No,15,Yes,No,Fiber optic,No,No,No,No,No,No,Month-to-month,No,Bank transfer (automatic),104.25,1560.55,Yes
BIKT-3699,Male,0,Yes,Yes,12,Yes,Yes,Fiber optic,No,Yes,Yes,No,No,No,Month-to-month,Yes,Credit card (automatic),102.3,1225.88,No
FDFC-6520,Male,0,Yes,No,37,Yes,No,DSL,Yes,No,No,Yes,Yes,No,Month-to-month,Yes,Mailed check,26.76,992.04,No
ZUZR-6635,Female,0,No,No,12,Yes,Yes,Fiber optic,No,Yes,No,No,Yes,Yes,One year,No,Bank transfer (automatic),92.42,1108.18,No
QRFB-3398,Female,0,Yes,No,14,Yes,No,Fiber optic,No,Yes,No,Yes,Yes,No,Two year,No,Credit card (automatic),85.34,1194.28,No
JGNG-0422,Female,0,No,No,17,Yes,Yes,Fiber optic,Yes,No,Yes,No,No,No,Two year,No,Mailed check,75.56,1280.94,No
VDHN-3732,Male,0,No,Yes,15,Yes,No,Fiber optic,Yes,Yes,No,No,Yes,No,Month-to-month,Yes,Mailed check,79.26,1191.59,Yes
ELEJ-9077,Female,0,Yes,No,40,Yes,No,Fiber optic,Yes,Yes,No,Yes,Yes,Yes,Month-to-month,Yes,Credit card (automatic),55.15,2206.28,No
HJTM-8926,Male,1,No,No,49,Yes,Yes,DSL,No,No,No,Yes,Yes,No,One year,Yes,Credit card (automatic),28.96,1420.68,No
VYNM-3357,Male,1,Yes,No,68,Yes,Yes,DSL,Yes,No,No,No,Yes,No,One year,No,Credit card (automatic),40.01,2722.84,No
SKHN-7664,Male,0,Yes,Yes,65,Yes,No,Fiber optic,No,Yes,No,Yes,No,Yes,One year,Yes,Bank transfer (automatic),88.15,5729.92,No
RLNO-1975,Male,1,No,Yes,40,Yes,No,No,No internet service,No internet service,No internet service,No internet service,No internet service,No internet service,Month-to-month,Yes,Electronic check,23.28,921.35,No
XSAM-5184,Female,0,Yes,No,26,Yes,No,No,No internet service,No internet service,No internet service,No internet service,No internet service,No internet service,Month-to-month,Yes,Bank transfer (automatic),24.91,642.65,No
UMZH-5289,Male,0,No,No,58,Yes,No,DSL,No,Yes,Yes,No,No,No,Month-to-month,No,Credit card (automatic),53.0,3068.87,No
TZDL-1236,Male,0,Yes,No,64,No,No phone service,DSL,Yes,No,No,Yes,No,No,Two year,Yes,Credit card (automatic),49.37,3167.81,No
MSHH-9137,Male,0,No,No,13,Yes,No,Fiber optic,Yes,No,Yes,No,No,Yes,Month-to-month,Yes,Credit card (automatic),68.63,889.49,No
AAND-1071,Female,1,No,Yes,34,Yes,No,DSL,Yes,Yes,No,Yes,No,Yes,Month-to-month,Yes,Credit card (automatic),30.2,1021.49,No
DCOB-7289,Female,0,No,Yes,22,No,No phone service,Fiber optic,Yes,No,No,No,No,Yes,Month-to-month,No,Mailed check,63.85,1410.32,Yes
UYSE-9587,Female,0,No,No,21,Yes,No,No,No internet service,No internet service,No internet service,No internet service,No internet service,No internet service,Two year,Yes,Mailed check,24.65,519.74,No
BRUU-4374,Male,0,Yes,No,26,No,No phone service,Fiber optic,No,No,Yes,No,Yes,Yes,One year,No,Electronic check,106.3,2760.38,No
QPZE-0305,Female,0,No,Yes,49,Yes,No,No,No internet service,No internet service,No internet service,No internet service,No internet service,No internet service,Month-to-month,Yes,Credit card (automatic),24.09,1193.85,No
FAXD-1026,Female,0,Yes,No,24,Yes,Yes,DSL,No,Yes,No,Yes,No,No,Month-to-month,Yes,Bank transfer (automatic),48.93,1168.01,No
JKJH-4613,Male,1,No,No,53,Yes,No,DSL,Yes,No,Yes,Yes,Yes,Yes,Two year,Yes,Credit card (automatic),68.13,3611.25,No
VPLN-4516,Male,0,No,No,48,Yes,Yes,Fiber optic,No,Yes,Yes,No,No,No,One year,No,Credit card (automatic),47.3,2271.92,No
XNKI-5608,Female,0,No,No,2,Yes,No,Fiber optic,Yes,No,No,No,No,No,Month-to-month,Yes,Credit card (automatic),65.95,120.84,No
FLTJ-8012,Female,0,Yes,Yes,24,Yes,No,No,No internet service,No internet service,No internet service,No internet service,No internet service,No internet service,One year,Yes,Electronic check,28.19,677.78,No
APPR-1695,Male,0,Yes,No,67,Yes,Yes,DSL,No,No,Yes,Yes,Yes,Yes,Month-to-month,Yes,Electronic check,51.51,3451.68,No
LIEI-9818,Female,1,Yes,No,56,Yes,No,DSL,Yes,No,No,No,Yes,Yes,Month-to-month,Yes,Credit card (automatic),53.35,2982.76,No
SKSK-8676,Male,1,Yes,No,14,Yes,No,Fiber optic,No,No,No,No,No,No,Month-to-month,Yes,Bank transfer (automatic),55.97,780.76,No
YHDR-4131,Male,0,No,Yes,66,Yes,Yes,Fiber optic,No,No,No,Yes,Yes,Yes,Month-to-month,No,Electronic check,86.62,5711.77,No
UFKA-7147,Male,0,Yes,No,10,Yes,No,DSL,Yes,No,Yes,Yes,Yes,No,Month-to-month,No,Electronic check,61.91,624.81,No
USVA-0769,Male,0,Yes,No,2,Yes,Yes,DSL,No,Yes,Yes,No,Yes,No,Month-to-month,Yes,Electronic check,27.77,58.41,No
ZKSX-7096,Female,1,No,No,17,Yes,No,DSL,Yes,Yes,No,No,Yes,Yes,Two year,Yes,Credit card (automatic),60.67,1030.48,No
RLBR-4633,Male,0,No,No,52,Yes,Yes,Fiber optic,Yes,No,Yes,No,Yes,No,Month-to-month,No,Electronic check,101.92,5305.31,No
YNJI-6937,Male,0,No,Yes,8,Yes,No,DSL,Yes,No,Yes,No,Yes,No,Month-to-month,No,Mailed check,72.08,582.02,No
JSSL-6833,Female,0,Yes,No,71,Yes,No,Fiber optic,No,Yes,Yes,Yes,No,Yes,Two year,Yes,Electronic check,91.32,6480.16,No
APAM-2683,Female,0,Yes,No,39,Yes,Yes,DSL,Yes,Yes,No,No,Yes,No,Month-to-month,Yes,Credit card (automatic),74.9,2921.01,No
BVVI-3721,Female,0,Yes,No,55,No,No phone service,DSL,Yes,Yes,Yes,No,No,No,Month-to-month,Yes,Credit card (automatic),69.05,3792.71,No
IOVX-9800,Male,0,No,No,13,No,No phone service,DSL,No,No,No,No,Yes,No,Month-to-month,Yes,Mailed check,66.21,857.9,No
KEIG-6123,Male,1,No,No,60,Yes,No,Fiber optic,No,No,No,No,Yes,Yes,One year,No,Electronic check,69.45,4171.93,No
RJYE-6845,Male,1,No,Yes,12,Yes,Yes,No,No internet service,No internet service,No internet service,No internet service,No internet service,No internet service,Month-to-month,Yes,Mailed check,18.87,222.33,No
PDNX-0049,Female,0,No,No,46,Yes,Yes,Fiber optic,No,No,Yes,No,No,Yes,One year,Yes,Credit card (automatic),46.53,2141.84,No
IBKO-2742,Female,1,No,No,4,Yes,Yes,DSL,No,Yes,No,Yes,Yes,Yes,Month-to-month,Yes,Mailed check,31.8,116.46,Yes
VFNE-4515,Male,0,Yes,No,4,Yes,No,Fiber optic,Yes,No,Yes,Yes,Yes,Yes,Two year,No,Credit card (automatic),78.25,324.7,No
RSBQ-0834,Male,0,Yes,No,11,Yes,Yes,DSL,Yes,Yes,Yes,No,No,Yes,Month-to-month,Yes,Credit card (automatic),60.55,669.62,Yes
ZWRJ-8399,Male,0,Yes,Yes,34,Yes,No,DSL,No,No,No,No,Yes,Yes,Month-to-month,No,Bank transfer (automatic),25.96,874.66,No
MMQH-3628,Female,0,No,Yes,25,Yes,No,Fiber optic,No,Yes,No,Yes,Yes,No,One year,Yes,Mailed check,99.02,2471.73,No
OMEE-2821,Female,1,No,No,0,Yes,Yes,Fiber optic,Yes,No,No,No,No,No,One year,No,Bank transfer (automatic),67.85,0.0,No
MYLI-9339,Male,0,No,No,9,No,No phone service,Fiber optic,Yes,Yes,Yes,No,Yes,No,Month-to-month,No,Electronic check,59.16,535.08,No
VIXJ-2565,Female,1,Yes,No,37,Yes,Yes,Fiber optic,No,No,No,Yes,No,Yes,Month-to-month,Yes,Mailed check,97.06,3598.03,No
SNPN-8318,Female,0,Yes,No,23,Yes,Yes,Fiber optic,Yes,Yes,No,No,No,No,Month-to-month,Yes,Mailed check,78.88,1807.88,No
CFEN-1082,Female,0,Yes,Yes,46,Yes,Yes,No,No internet service,No internet service,No internet service,No internet service,No internet service,No internet service,Month-to-month,Yes,Electronic check,23.64,1091.37,Yes
WYIP-9578,Female,0,No,Yes,1,Yes,Yes,No,No internet service,No internet service,No internet service,No internet service,No internet service,No internet service,One year,No,Credit card (automatic),28.65,40.34,No
CVEG-6805,Male,1,Yes,No,1,Yes,No,Fiber optic,Yes,Yes,Yes,No,Yes,No,Month-to-month,Yes,Electronic check,105.54,114.19,Yes
UDZP-0396,Male,0,No,Yes,29,Yes,No,Fiber optic,Yes,Yes,No,No,No,No,Month-to-month,No,Mailed check,98.84,2867.1,No
DAZA-0946,Female,0,Yes,No,24,Yes,Yes,Fiber optic,No,Yes,No,No,No,Yes,Month-to-month,Yes,Electronic check,84.17,2019.24,No
YHBI-3944,Female,1,No,Yes,61,Yes,No,No,No internet service,No internet service,No internet service,No internet service,No internet service,No internet service,Month-to-month,Yes,Electronic check,25.06,1523.51,No
DMVA-1337,Male,0,No,Yes,0,Yes,No,DSL,No,No,Yes,No,Yes,Yes,Two year,No,Electronic check,55.55,0.0,No
YTFD-3835,Female,0,No,No,62,Yes,Yes,DSL,Yes,No,No,Yes,No,No,Month-to-month,No,Bank transfer (automatic),74.81,4644.91,No
MYCW-6014,Female,0,No,No,58,Yes,No,DSL,No,No,No,No,Yes,Yes,Month-to-month,No,Bank transfer (automatic),39.52,2290.16,No
XVNM-6258,Male,0,Yes,Yes,53,Yes,No,DSL,Yes,No,No,Yes,No,Yes,One year,Yes,Electronic check,49.52,2623.17,No
CMMV-6497,Female,1,No,No,68,Yes,Yes,DSL,Yes,No,No,No,Yes,No,Two year,Yes,Credit card (automatic),67.54,4595.75,No
HVGS-6639,Male,0,No,Yes,54,Yes,No,Fiber optic,No,No,No,Yes,Yes,No,Month-to-month,No,Bank transfer (automatic),75.79,4098.96,Yes
MDSJ-6425,Female,0,No,Yes,41,Yes,Yes,No,No internet service,No internet service,No internet service,No internet service,No internet service,No internet service,Month-to-month,Yes,Mailed check,27.68,1136.21,No
VVBK-9669,Female,0,No,Yes,52,No,No phone service,DSL,No,No,No,No,No,No,One year,Yes,Mailed check,32.56,1692.47,No
DVTP-3586,Female,1,Yes,No,64,Yes,Yes,No,No internet service,No internet service,No internet service,No internet service,No internet service,No internet service,Month-to-month,Yes,Bank transfer (automatic),28.94,1863.73,No
RNVE-5772,Female,1,No,No,8,Yes,No,DSL,Yes,No,Yes,No,Yes,No,Month-to-month,Yes,Electronic check,39.23,314.97,No
IFWY-6980,Female,0,Yes,No,70,Yes,No,Fiber optic,Yes,No,Yes,Yes,No,Yes,One year,No,Electronic check,48.2,3378.86,No
MQSM-8004,Female,0,No,No,50,Yes,Yes,Fiber optic,No,Yes,No,No,No,No,One year,No,Bank transfer (automatic),84.4,4223.0,No
HRDV-0338,Female,1,Yes,No,15,Yes,No,Fiber optic,No,Yes,No,Yes,No,Yes,One year,Yes,Electronic check,66.37,999.74,No
IVXZ-3972,Female,0,Yes,No,52,No,No phone service,DSL,No,No,No,Yes,No,Yes,Month-to-month,Yes,Mailed check,34.5,1795.02,No
BVEX-0926,Male,1,No,Yes,69,Yes,No,Fiber optic,No,Yes,No,Yes,Yes,No,Two year,No,Bank transfer (automatic),57.74,3988.17,No
PZNL-3947,Male,0,No,No,61,Yes,Yes,DSL,No,No,Yes,Yes,Yes,No,Month-to-month,Yes,Mailed check,41.8,2548.92,No
QQGO-8379,Male,0,No,No,36,Yes,No,DSL,No,No,No,No,Yes,Yes,Month-to-month,No,Credit card (automatic),55.91,2007.99,Yes
OWRN-4882,Male,0,No,Yes,60,Yes,Yes,DSL,Yes,Yes,Yes,No,Yes,Yes,Month-to-month,Yes,Mailed check,49.08,2939.4,No
KLCB-6546,Female,0,Yes,Yes,56,Yes,No,DSL,No,Yes,No,Yes,Yes,No,One year,No,Credit card (automatic),64.76,3628.27,No
DEYP-8351,Male,0,Yes,No,44,Yes,No,Fiber optic,No,No,No,Yes,No,No,One year,Yes,Mailed check,63.55,2798.05,No
CYVX-4165,Male,0,Yes,No,16,Yes,Yes,Fiber optic,No,No,No,No,No,No,Month-to-month,No,Electronic check,104.77,1676.34,Yes
ORFM-7030,Female,0,Yes,No,1,Yes,Yes,Fiber optic,Yes,No,No,Yes,No,No,Month-to-month,Yes,Bank transfer (automatic),107.76,102.12,No
RPAF-5033,Female,0,Yes,No,36,Yes,Yes,Fiber optic,Yes,No,Yes,No,Yes,Yes,Month-to-month,Yes,Credit card (automatic),87.63,3151.21,Yes
HVBE-3937,Female,0,Yes,No,53,Yes,Yes,DSL,Yes,No,Yes,Yes,No,No,Two year,Yes,Electronic check,62.13,3298.56,No
UCPJ-3059,Female,1,Yes,Yes,41,Yes,Yes,Fiber optic,No,Yes,No,Yes,No,Yes,Month-to-month,Yes,Electronic check,77.98,3198.03,Yes
TVRP-4872,Female,1,No,No,28,Yes,Yes,Fiber optic,Yes,No,Yes,No,Yes,Yes,Month-to-month,No,Bank transfer (automatic),81.12,2277.26,No
QJSH-2410,Male,0,No,No,64,Yes,No,DSL,Yes,No,No,Yes,Yes,No,Month-to-month,No,Credit card (automatic),62.87,4023.44,No
JUUV-1811,Female,1,Yes,Yes,39,No,No phone service,Fiber optic,Yes,Yes,No,Yes,Yes,No,Month-to-month,Yes,Mailed check,59.72,2323.85,Yes
LOUY-3513,Female,1,Yes,No,10,Yes,Yes,Fiber optic,No,No,No,Yes,Yes,No,Month-to-month,No,Electronic check,95.7,962.35,No
LIBP-0330,Female,0,Yes,No,57,Yes,Yes,Fiber optic,Yes,No,No,No,Yes,Yes,Month-to-month,Yes,Electronic check,97.29,5539.3,No
TOCM-1937,Male,0,Yes,No,19,Yes,Yes,DSL,Yes,No,Yes,No,Yes,Yes,Month-to-month,Yes,Bank transfer (automatic),35.18,672.7,No
GYHA-1173,Female,0,Yes,No,65,Yes,No,Fiber optic,Yes,No,Yes,No,No,Yes,Two year,Yes,Electronic check,67.68,4392.14,No
IBND-0258,Female,1,Yes,No,30,Yes,Yes,No,No internet service,No internet service,No internet service,No internet service,No internet service,No internet service,Month-to-month,No,Bank transfer (automatic),19.14,576.67,Yes
QOER-6347,Male,0,Yes,No,4,Yes,Yes,DSL,No,Yes,No,Yes,No,No,One year,Yes,Mailed check,43.86,173.35,No
BSEZ-3428,Male,0,No,No,49,Yes,Yes,DSL,Yes,No,Yes,Yes,Yes,Yes,Month-to-month,Yes,Bank transfer (automatic),57.68,2827.32,No
XPNV-0369,Female,0,Yes,No,8,Yes,No,Fiber optic,Yes,No,Yes,Yes,No,No,Two year,Yes,Electronic check,104.59,839.86,No
UDIX-2536,Male,0,Yes,No,40,Yes,No,DSL,Yes,Yes,No,No,No,Yes,Month-to-month,No,Electronic check,52.74,2107.57,No
QANO-5968,Male,0,Yes,Yes,9,Yes,Yes,Fiber optic,No,Yes,No,No,No,Yes,Month-to-month,Yes,Electronic check,76.85,699.44,No
PWIZ-8762,Female,0,Yes,Yes,52,Yes,Yes,DSL,No,No,No,No,No,Yes,Month-to-month,Yes,Bank transfer (automatic),74.13,3853.22,No
NSKE-6960,Male,0,Yes,No,48,Yes,No,No,No internet service,No internet service,No internet service,No internet service,No internet service,No internet service,Month-to-month,No,Electronic check,24.42,1174.83,No
PHQM-3145,Male,0,Yes,No,25,Yes,No,DSL,No,No,No,Yes,No,No,Two year,Yes,Mailed check,58.88,1481.35,No
TNLD-6313,Female,0,Yes,No,66,Yes,Yes,Fiber optic,No,No,No,No,Yes,No,Two year,Yes,Bank transfer (automatic),97.13,6412.39,No
GAOT-5778,Male,0,No,No,35,Yes,No,Fiber optic,No,No,No,No,Yes,No,Month-to-month,No,Mailed check,97.39,3408.05,No
ENRC-1850,Male,0,No,No,22,Yes,Yes,Fiber optic,Yes,No,No,No,Yes,Yes,Month-to-month,Yes,Mailed check,65.46,1434.08,No
CWWE-2645,Female,0,Yes,No,38,Yes,Yes,Fiber optic,Yes,No,Yes,Yes,No,No,Month-to-month,Yes,Credit card (automatic),48.08,1823.46,No
CFWN-7115,Female,0,No,No,58,Yes,Yes,DSL,No,Yes,Yes,Yes,Yes,No,Month-to-month,No,Bank transfer (automatic),51.34,2978.22,No
XENQ-0983,Male,1,Yes,No,22,Yes,No,DSL,Yes,Yes,Yes,Yes,No,No,Two year,Yes,Credit card (automatic),34.5,763.6,No
LZAX-1100,Male,1,No,No,22,Yes,No,No,No internet service,No internet service,No internet service,No internet service,No internet service,No internet service,Two year,No,Credit card (automatic),29.03,647.1,No
YAVL-6343,Male,0,Yes,No,42,Yes,No,DSL,Yes,No,No,No,No,No,Month-to-month,Yes,Bank transfer (automatic),27.37,1148.76,No
DZOA-5996,Male,0,Yes,No,24,Yes,Yes,Fiber optic,No,Yes,No,Yes,No,No,One year,No,Mailed check,65.5,1575.43,No
WXWV-7282,Male,0,Yes,No,59,Yes,No,No,No internet service,No internet service,No internet service,No internet service,No internet service,No internet service,Month-to-month,No,Mailed check,18.99,1126.15,No
DMJN-5729,Female,0,Yes,No,32,Yes,No,DSL,No,No,No,Yes,Yes,No,Month-to-month,Yes,Mailed check,70.53,2265.27,No
VEEE-8688,Male,1,No,No,32,No,No phone service,Fiber optic,No,Yes,Yes,Yes,No,Yes,Month-to-month,No,Mailed check,93.91,3013.61,No
NFVT-7140,Male,0,Yes,No,64,Yes,No,DSL,No,No,Yes,No,Yes,No,Month-to-month,No,Mailed check,27.87,1794.33,No
JNRA-5134,Female,0,No,No,46,Yes,No,DSL,No,Yes,Yes,No,Yes,No,Two year,No,Mailed check,60.66,2789.26,No
WJQK-4369,Female,0,No,No,32,Yes,No,DSL,No,No,Yes,Yes,Yes,No,Month-to-month,Yes,Electronic check,37.64,1204.85,No
WXDT-9442,Male,1,Yes,No,37,Yes,No,Fiber optic,Yes,No,Yes,Yes,Yes,Yes,One year,Yes,Mailed check,72.32,2672.98,No
EUHG-7417,Male,0,Yes,No,23,Yes,Yes,DSL,Yes,No,No,No,No,No,One year,Yes,Bank transfer (automatic),60.86,1397.86,No
IBPN-0520,Female,0,No,Yes,72,Yes,No,DSL,No,No,No,No,No,Yes,Month-to-month,No,Mailed check,31.01,2236.23,No
MFHY-5504,Male,0,Yes,No,48,Yes,Yes,Fiber optic,Yes,Yes,No,No,No,No,Two year,No,Electronic check,71.51,3442.73,No
CWLY-5468,Female,0,No,Yes,29,No,No phone service,DSL,No,Yes,No,No,No,No,Two year,Yes,Bank transfer (automatic),54.84,1587.46,No
PEOU-9346,Female,1,No,Yes,57,Yes,No,DSL,No,Yes,Yes,Yes,No,No,Month-to-month,No,Electronic check,62.19,3544.91,Yes
CDYO-1784,Female,0,No,No,58,Yes,Yes,No,No internet service,No internet service,No internet service,No internet service,No internet service,No internet service,Two year,Yes,Bank transfer (automatic),29.8,1722.98,No
GVQH-8907,Female,0,No,Yes,15,Yes,No,Fiber optic,Yes,No,No,No,No,No,Month-to-month,Yes,Mailed check,99.66,1497.7,No
SLFJ-7476,Male,1,No,Yes,15,Yes,No,No,No internet service,No internet service,No internet service,No internet service,No internet service,No internet service,Two year,Yes,Credit card (automatic),25.35,386.76,No
GWYV-5856,Female,1,No,No,32,Yes,Yes,DSL,No,No,No,No,Yes,Yes,Month-to-month,No,Bank transfer (automatic),55.3,1758.44,No
OWBH-5367,Male,0,No,No,38,Yes,Yes,Fiber optic,No,No,Yes,No,Yes,No,One year,Yes,Credit card (automatic),51.66,1957.52,No
QZMD-3985,Female,0,Yes,No,45,Yes,No,No,No internet service,No internet service,No internet service,No internet service,No internet service,No internet service,Two year,Yes,Bank transfer (automatic),25.2,1143.1,No
TPQH-8449,Male,1,No,No,37,No,No phone service,Fiber optic,No,No,Yes,Yes,No,No,Month-to-month,No,Electronic check,53.16,1969.44,Yes
PXHU-3594,Male,1,Yes,Yes,22,Yes,No,No,No internet service,No internet service,No internet service,No internet service,No internet service,No internet service,Two year,Yes,Credit card (automatic),23.9,529.09,No
HIMQ-8859,Female,1,No,No,25,No,No phone service,DSL,No,No,No,Yes,No,No,Month-to-month,No,Bank transfer (automatic),28.6,714.59,No
EGKX-8892,Male,0,No,No,48,Yes,No,DSL,No,Yes,No,No,Yes,No,Month-to-month,No,Bank transfer (automatic),55.83,2676.62,No
HQGL-4117,Male,0,No,No,23,Yes,Yes,DSL,No,Yes,Yes,Yes,Yes,Yes,One year,Yes,Bank transfer (automatic),29.68,683.61,No
ENKC-0626,Male,0,Yes,No,41,Yes,No,Fiber optic,Yes,Yes,No,Yes,No,No,Two year,Yes,Bank transfer (automatic),56.65,2319.54,No
BDRT-4719,Female,0,Yes,No,26,Yes,No,No,No internet service,No internet service,No internet service,No internet service,No internet service,No internet service,Month-to-month,Yes,Electronic check,27.35,715.93,No
SJEK-8948,Male,0,No,No,1,Yes,No,Fiber optic,No,No,No,No,No,No,Two year,No,Electronic check,81.97,80.62,No
TZEO-8344,Male,0,No,Yes,7,Yes,No,No,No internet service,No internet service,No internet service,No internet service,No internet service,No internet service,Two year,Yes,Electronic check,20.73,150.25,No
DTUV-6501,Female,0,No,Yes,40,Yes,No,No,No internet service,No internet service,No internet service,No internet service,No internet service,No internet service,Two year,No,Mailed check,18.98,763.03,No
GSJM-1534,Female,0,No,No,12,Yes,Yes,No,No internet service,No internet service,No internet service,No internet service,No internet service,No internet service,One year,No,Electronic check,27.45,337.48,No
FCAC-2536,Male,0,No,No,21,Yes,No,Fiber optic,No,No,No,No,No,No,Month-to-month,Yes,Mailed check,57.81,1215.57,No
OKRL-3759,Female,0,Yes,No,46,Yes,No,DSL,Yes,No,Yes,No,No,No,One year,No,Credit card (automatic),51.02,2348.18,No
SZRO-2001,Female,1,No,No,46,Yes,Yes,DSL,No,No,No,Yes,No,No,Two year,No,Mailed check,37.13,1709.94,No
SIHL-8664,Female,0,Yes,No,64,Yes,Yes,Fiber optic,No,No,No,No,Yes,Yes,Month-to-month,No,Mailed check,53.17,3407.76,Yes
PGTU-0321,Male,0,Yes,No,68,Yes,Yes,No,No internet service,No internet service,No internet service,No internet service,No internet service,No internet service,One year,Yes,Electronic check,23.33,1583.71,No
BXQX-8509,Female,0,No,No,28,Yes,Yes,Fiber optic,Yes,No,Yes,No,No,No,Month-to-month,Yes,Credit card (automatic),78.05,2178.08,Yes
WOUO-8641,Female,0,No,No,29,Yes,No,DSL,Yes,No,No,No,Yes,Yes,One year,Yes,Credit card (automatic),57.41,1666.78,No
NDRI-1110,Female,0,Yes,No,45,Yes,Yes,No,No internet service,No internet service,No internet service,No internet service,No internet service,No internet service,One year,Yes,Credit card (automatic),21.21,955.22,No
IHBB-4317,Male,1,Yes,No,5,Yes,No,DSL,No,No,Yes,No,No,Yes,Two year,Yes,Electronic check,67.22,327.36,No
HDTI-3982,Female,0,No,Yes,5,Yes,Yes,DSL,No,No,No,No,No,Yes,Month-to-month,Yes,Bank transfer (automatic),31.44,161.95,No
BPKH-2177,Male,0,No,Yes,51,Yes,No,DSL,Yes,Yes,Yes,Yes,Yes,No,Month-to-month,Yes,Mailed check,64.01,3274.94,No
UIKV-4268,Female,0,Yes,Yes,4,Yes,No,DSL,Yes,No,No,Yes,No,No,Two year,No,Electronic check,71.1,276.1,No
TKGL-2105,Male,0,No,No,40,No,No phone service,Fiber optic,Yes,No,No,No,No,No,One year,Yes,Bank transfer (automatic),74.58,2979.45,No
UBMM-2826,Female,0,No,No,19,Yes,No,No,No internet service,No internet service,No internet service,No internet service,No internet service,No internet service,Month-to-month,Yes,Electronic check,24.23,455.9,No
AWYH-6973,Female,0,Yes,No,19,Yes,No,DSL,Yes,Yes,Yes,Yes,No,Yes,Month-to-month,Yes,Electronic check,29.15,556.21,No
RNIO-2361,Male,1,No,No,38,Yes,Yes,Fiber optic,No,Yes,Yes,Yes,Yes,No,Month-to-month,Yes,Electronic check,52.36,1982.21,No
NOHJ-7487,Male,1,No,No,29,Yes,No,Fiber optic,No,No,No,No,No,No,One year,Yes,Electronic check,101.81,2950.27,Yes
QIMN-4889,Female,0,No,No,47,Yes,No,Fiber optic,Yes,No,No,Yes,Yes,Yes,Two year,Yes,Bank transfer (automatic),108.53,5087.03,No
ZPSX-6691,Female,0,No,Yes,59,Yes,No,Fiber optic,No,No,No,Yes,Yes,Yes,Month-to-month,Yes,Electronic check,106.73,6296.54,No
RRPK-1361,Female,0,No,No,22,Yes,Yes,DSL,Yes,Yes,Yes,Yes,Yes,No,Month-to-month,Yes,Electronic check,46.12,1010.56,Yes
UNGI-7862,Male,0,No,No,59,Yes,Yes,Fiber optic,No,No,No,No,No,Yes,Month-to-month,No,Electronic check,98.73,5827.18,No
QZWM-5109,Female,0,No,No,49,Yes,No,Fiber optic,No,Yes,Yes,No,No,No,Month-to-month,Yes,Electronic check,90.08,4411.76,No
DDVK-4878,Female,0,No,No,12,Yes,Yes,No,No internet service,No internet service,No internet service,No internet service,No internet service,No internet service,Month-to-month,Yes,Mailed check,26.34,311.51,No
PJWI-2818,Female,0,Yes,Yes,37,No,No phone service,Fiber optic,No,No,No,No,Yes,Yes,One year,No,Bank transfer (automatic),106.3,3934.17,No
MFDN-1924,Male,1,No,No,38,Yes,Yes,No,No internet service,No internet service,No internet service,No internet service,No internet service,No internet service,Month-to-month,Yes,Electronic check,28.41,1080.69,No
YGKL-2317,Female,0,Yes,No,67,Yes,Yes,No,No internet service,No internet service,No internet service,No internet service,No internet service,No internet service,One year,Yes,Electronic check,26.19,1746.82,No
VSMU-4045,Male,0,Yes,Yes,18,Yes,Yes,DSL,Yes,No,No,Yes,Yes,Yes,One year,Yes,Mailed check,26.23,468.04,No
ZZKK-1294,Male,0,No,Yes,51,No,No phone service,DSL,No,No,No,No,Yes,No,One year,No,Bank transfer (automatic),52.21,2672.46,No
NSEU-7987,Female,0,Yes,No,40,Yes,Yes,No,No internet service,No internet service,No internet service,No internet service,No internet service,No internet service,Month-to-month,No,Electronic check,18.73,743.35,Yes
LPSO-0208,Male,0,No,Yes,26,Yes,No,Fiber optic,No,No,No,No,No,No,One year,No,Credit card (automatic),60.47,1573.52,No
MPSN-7528,Male,0,No,No,22,No,No phone service,DSL,Yes,Yes,Yes,No,Yes,Yes,Two year,No,Credit card (automatic),29.13,644.89,No
XCWU-1703,Female,0,No,No,18,Yes,No,DSL,Yes,No,No,No,Yes,Yes,One year,No,Mailed check,33.45,602.52,No
KMKD-9430,Female,0,Yes,Yes,34,No,No phone service,DSL,Yes,No,Yes,Yes,Yes,Yes,Month-to-month,Yes,Electronic check,26.67,913.23,No
NGJB-9247,Female,0,No,No,4,Yes,Yes,DSL,Yes,No,No,Yes,Yes,No,Month-to-month,No,Mailed check,64.42,255.57,Yes
JHNR-8583,Male,0,No,No,4,No,No phone service,Fiber optic,No,No,Yes,Yes,No,No,One year,Yes,Bank transfer (automatic),72.36,290.27,No
CNNU-4367,Male,0,Yes,Yes,5,Yes,Yes,DSL,Yes,Yes,Yes,No,No,Yes,One year,Yes,Bank transfer (automatic),40.76,201.68,No
OUIG-6739,Male,0,Yes,No,40,Yes,Yes,DSL,Yes,No,No,Yes,No,No,One year,No,Credit card (automatic),45.79,1839.15,No
FEAN-8157,Female,0,Yes,Yes,40,Yes,Yes,DSL,Yes,Yes,Yes,No,Yes,Yes,Month-to-month,Yes,Electronic check,40.71,1628.37,No
SENG-3403,Male,0,Yes,Yes,53,Yes,No,No,No internet service,No internet service,No internet service,No internet service,No internet service,No internet service,Two year,No,Electronic check,26.3,1392.67,No
NWPZ-6993,Female,0,No,Yes,43,Yes,Yes,Fiber optic,Yes,No,No,Yes,Yes,Yes,Month-to-month,No,Mailed check,78.37,3376.7,No
LFMU-0764,Female,0,No,No,47,Yes,No,No,No internet service,No internet service,No internet service,No internet service,No internet service,No internet service,Two year,No,Electronic check,20.2,949.54,No
ZZGZ-2741,Male,0,No,No,36,Yes,No,DSL,Yes,No,No,No,Yes,Yes,Month-to-month,Yes,Credit card (automatic),43.89,1581.01,No
BTWJ-3815,Male,0,Yes,Yes,55,Yes,Yes,No,No internet service,No internet service,No internet service,No internet service,No internet service,No internet service,Month-to-month,Yes,Electronic check,21.56,1183.94,No
TFZY-9888,Male,0,Yes,Yes,32,Yes,Yes,Fiber optic,Yes,No,No,No,No,Yes,One year,No,Bank transfer (automatic),90.91,2915.26,No
CLKN-8292,Female,0,No,No,34,Yes,No,DSL,No,No,No,No,No,No,One year,Yes,Credit card (automatic),37.66,1280.35,No
EVIA-7396,Male,1,No,No,5,Yes,No,DSL,No,No,No,No,No,No,One year,No,Electronic check,31.53,154.54,No
FOFG-3524,Female,0,No,No,45,Yes,No,DSL,Yes,Yes,No,No,No,No,One year,Yes,Electronic check,47.81,2150.65,No
MBCM-8521,Male,0,No,No,35,Yes,Yes,DSL,Yes,Yes,No,Yes,Yes,Yes,Month-to-month,No,Electronic check,49.71,1737.27,No
EJNU-0268,Female,0,No,No,43,Yes,No,DSL,Yes,No,No,No,No,Yes,One year,No,Electronic check,26.61,1147.78,No
EDCZ-8667,Male,0,Yes,Yes,6,Yes,Yes,Fiber optic,Yes,No,No,Yes,No,No,One year,No,Electronic check,57.34,343.01,No
JATU-4021,Male,1,Yes,No,6,Yes,Yes,DSL,No,Yes,No,Yes,Yes,No,Two year,No,Electronic check,67.36,405.42,No
LWMN-4270,Female,1,No,No,28,Yes,Yes,Fiber optic,Yes,Yes,Yes,No,No,No,One year,Yes,Credit card (automatic),92.43,2591.09,No
ANFQ-3508,Male,0,Yes,No,64,Yes,No,Fiber optic,Yes,Yes,Yes,No,No,Yes,Month-to-month,Yes,Mailed check,48.82,3118.08,No
DIIV-6042,Male,0,No,No,59,Yes,No,Fiber optic,No,No,No,Yes,No,No,One year,No,Credit card (automatic),73.21,4310.13,Yes
ZZFT-8635,Female,0,No,No,34,Yes,No,No,No internet service,No internet service,No internet service,No internet service,No internet service,No internet service,Month-to-month,Yes,Credit card (automatic),23.13,788.94,No
BPSP-6396,Male,0,No,Yes,56,Yes,Yes,DSL,Yes,No,No,Yes,Yes,No,Month-to-month,Yes,Electronic check,34.61,1950.14,No
YMEA-4517,Male,0,Yes,No,28,Yes,No,Fiber optic,Yes,Yes,No,Yes,Yes,No,Month-to-month,No,Mailed check,73.31,2053.81,Yes
RONY-1275,Female,1,No,No,37,No,No phone service,DSL,Yes,Yes,Yes,No,Yes,Yes,Month-to-month,No,Mailed check,28.29,1049.3,No
QOTU-2028,Male,0,No,No,11,Yes,Yes,DSL,Yes,No,No,Yes,No,No,One year,Yes,Mailed check,30.43,334.89,No
RAGW-4104,Male,0,No,No,57,Yes,No,Fiber optic,Yes,No,Yes,No,No,No,One year,No,Electronic check,52.48,2992.97,No
JDIU-9138,Female,0,No,No,5,Yes,Yes,No,No internet service,No internet service,No internet service,No internet service,No internet service,No internet service,Month-to-month,Yes,Credit card (automatic),21.68,106.05,No
HSXM-1249,Male,0,No,No,35,No,No phone service,Fiber optic,Yes,Yes,Yes,Yes,No,No,One year,Yes,Bank transfer (automatic),79.34,2766.46,No
JXQT-0045,Male,0,Yes,No,51,Yes,No,No,No internet service,No internet service,No internet service,No internet service,No internet service,No internet service,Month-to-month,Yes,Credit card (automatic),23.97,1218.41,No
OQKV-4394,Female,0,Yes,Yes,26,Yes,No,Fiber optic,No,No,Yes,No,No,Yes,One year,Yes,Mailed check,74.04,1927.3,Yes
XIPL-1521,Male,1,No,Yes,24,No,No phone service,Fiber optic,No,No,Yes,No,No,No,Month-to-month,Yes,Electronic check,49.28,1172.2,Yes
LMAD-7249,Male,0,No,No,39,Yes,No,DSL,Yes,No,Yes,No,Yes,No,One year,Yes,Bank transfer (automatic),59.44,2313.34,No
UEKY-7700,Male,0,Yes,No,35,Yes,No,Fiber optic,Yes,Yes,No,No,Yes,No,One year,Yes,Electronic check,64.33,2258.59,No
BXZA-3812,Female,0,No,Yes,59,Yes,Yes,No,No internet service,No internet service,No internet service,No internet service,No internet service,No internet service,Month-to-month,No,Credit card (automatic),29.5,1728.89,No
FMOK-9238,Male,0,No,No,28,No,No phone service,Fiber optic,No,No,Yes,No,No,Yes,Month-to-month,No,Credit card (automatic),68.96,1935.98,No
YJUW-8767,Male,0,No,No,2,No,No phone service,DSL,No,Yes,Yes,No,No,Yes,Month-to-month,Yes,Mailed check,72.45,138.55,Yes
UUUQ-5477,Female,1,Yes,No,12,Yes,Yes,Fiber optic,No,No,Yes,No,No,No,One year,No,Mailed check,66.15,795.91,No
RKVJ-9520,Female,0,Yes,No,67,Yes,Yes,DSL,No,No,No,Yes,No,Yes,Month-to-month,Yes,Electronic check,47.18,3164.17,Yes
WJEP-9474,Male,0,No,No,10,Yes,Yes,No,No internet service,No internet service,No internet service,No internet service,No internet service,No internet service,One year,Yes,Credit card (automatic),24.94,245.95,No
UABE-6201,Male,0,No,No,47,Yes,No,No,No internet service,No internet service,No internet service,No internet service,No internet service,No internet service,Month-to-month,Yes,Mailed check,21.66,1014.78,Yes
CIXD-7825,Female,0,No,Yes,59,Yes,No,No,No internet service,No internet service,No internet service,No internet service,No internet service,No internet service,Month-to-month,Yes,Mailed check,28.0,1644.82,Yes
HZGY-6084,Female,0,No,No,1,Yes,No,DSL,Yes,Yes,Yes,No,Yes,Yes,Two year,No,Electronic check,52.98,55.78,Yes
VRPO-1334,Female,0,Yes,No,69,Yes,No,DSL,No,Yes,No,No,No,No,Month-to-month,Yes,Credit card (automatic),42.8,2953.51,Yes
GOQJ-3872,Male,0,Yes,No,12,Yes,Yes,No,No internet service,No internet service,No internet service,No internet service,No internet service,No internet service,Month-to-month,No,Mailed check,23.14,276.16,No
VIHW-6046,Female,0,No,No,34,Yes,Yes,Fiber optic,Yes,Yes,No,No,Yes,No,Two year,Yes,Credit card (automatic),65.11,2220.66,No
MRVN-1202,Male,0,Yes,Yes,50,Yes,No,No,No internet service,No internet service,No internet service,No internet service,No internet service,No internet service,One year,No,Mailed check,23.45,1170.16,No
GUDO-7708,Male,0,No,No,55,Yes,Yes,No,No internet service,No internet service,No internet service,No internet service,No internet service,No internet service,Month-to-month,Yes,Mailed check,27.76,1526.65,No
PYBB-7521,Male,1,No,No,39,Yes,No,No,No internet service,No internet service,No internet service,No internet service,No internet service,No internet service,Month-to-month,Yes,Electronic check,20.7,807.84,No
EOHF-2879,Female,0,Yes,No,58,Yes,No,DSL,Yes,Yes,No,No,No,No,Month-to-month,Yes,Mailed check,64.67,3747.76,No
VQRP-3127,Female,0,No,No,11,Yes,No,Fiber optic,No,No,Yes,No,Yes,No,Month-to-month,Yes,Electronic check,109.04,1194.98,No
IFDB-6969,Female,0,Yes,No,15,Yes,Yes,No,No internet service,No internet service,No internet service,No internet service,No internet service,No internet service,One year,No,Mailed check,26.54,392.55,No
YEZD-9511,Female,1,No,No,52,Yes,Yes,DSL,Yes,No,No,Yes,Yes,Yes,One year,No,Electronic check,62.53,3251.61,No
PYWW-4689,Male,1,No,No,40,Yes,No,Fiber optic,No,No,No,No,Yes,No,Two year,Yes,Bank transfer (automatic),64.13,2570.42,No
EYQM-2631,Male,0,Yes,No,19,Yes,Yes,Fiber optic,Yes,No,Yes,No,Yes,No,Month-to-month,No,Electronic check,75.8,1439.22,No
CGHK-8598,Female,0,No,No,39,Yes,No,DSL,Yes,Yes,Yes,Yes,No,No,Month-to-month,Yes,Credit card (automatic),25.4,989.65,No
TLEA-8882,Male,0,No,No,60,Yes,No,No,No internet service,No internet service,No internet service,No internet service,No internet service,No internet service,One year,No,Mailed check,26.84,1607.06,No
OJZJ-7254,Female,0,Yes,Yes,33,Yes,No,DSL,No,No,Yes,No,Yes,No,Month-to-month,No,Bank transfer (automatic),48.48,1606.19,No
XSNQ-8982,Male,0,Yes,No,18,Yes,Yes,DSL,Yes,No,Yes,No,No,Yes,Month-to-month,Yes,Mailed check,64.51,1168.94,No
RDNX-5907,Male,0,Yes,No,44,Yes,No,DSL,Yes,No,No,No,No,No,Month-to-month,Yes,Credit card (automatic),28.81,1271.04,No
EFUZ-4234,Female,0,Yes,No,28,Yes,No,Fiber optic,Yes,No,No,No,Yes,No,Month-to-month,Yes,Electronic check,45.84,1273.03,No
KBVB-3036,Male,0,No,Yes,18,Yes,Yes,No,No internet service,No internet service,No internet service,No internet service,No internet service,No internet service,Month-to-month,Yes,Mailed check,28.4,507.52,No
OPHB-2063,Male,0,No,No,55,No,No phone service,DSL,No,Yes,Yes,Yes,Yes,No,Two year,No,Mailed check,37.22,2046.08,No
ZXUY-5910,Male,0,No,No,26,Yes,No,No,No internet service,No internet service,No internet service,No internet service,No internet service,No internet service,Month-to-month,Yes,Credit card (automatic),18.6,489.76,No
QPLP-8021,Female,0,Yes,No,1,Yes,No,Fiber optic,Yes,No,No,No,No,No,Month-to-month,No,Bank transfer (automatic),60.09,59.15,No
OOPT-0033,Male,0,No,Yes,39,Yes,No,Fiber optic,No,No,Yes,No,Yes,No,Month-to-month,Yes,Credit card (automatic),105.06,4095.86,Yes
WHMX-7808,Male,0,Yes,Yes,64,Yes,No,DSL,No,No,Yes,No,Yes,Yes,Month-to-month,Yes,Credit card (automatic),27.98,1790.33,No
ZXAG-8380,Male,0,Yes,No,7,Yes,No,No,No internet service,No internet service,No internet service,No internet service,No internet service,No internet service,Month-to-month,No,Electronic check,19.33,138.79,No
IFTL-4693,Female,0,No,Yes,26,Yes,No,DSL,Yes,Yes,Yes,No,No,Yes,One year,Yes,Credit card (automatic),42.28,1100.88,No
XCRA-5179,Male,0,Yes,Yes,29,Yes,No,DSL,Yes,Yes,Yes,Yes,No,No,Two year,No,Electronic check,48.8,1415.52,No
DYDD-7742,Female,0,No,No,24,Yes,No,Fiber optic,Yes,No,No,No,Yes,No,Month-to-month,Yes,Mailed check,84.95,2028.5,No
LROY-8476,Female,1,No,No,48,Yes,No,DSL,Yes,No,No,Yes,Yes,No,Month-to-month,No,Credit card (automatic),58.41,2801.85,No
CLEI-3267,Male,0,No,No,55,No,No phone service,Fiber optic,No,No,No,No,Yes,Yes,One year,Yes,Electronic check,62.57,3445.61,No
UMHE-8648,Male,0,Yes,Yes,64,No,No phone service,Fiber optic,Yes,No,No,No,No,Yes,Month-to-month,No,Electronic check,51.01,3267.0,Yes
EHLD-8552,Male,0,No,No,30,Yes,Yes,Fiber optic,No,Yes,Yes,Yes,No,No,Month-to-month,No,Electronic check,84.89,2542.49,Yes
MCDA-5036,Male,1,Yes,Yes,59,Yes,No,DSL,No,No,Yes,No,No,No,Two year,Yes,Credit card (automatic),55.82,3304.63,No
LFXT-8974,Male,1,No,Yes,33,Yes,Yes,Fiber optic,No,No,Yes,No,No,No,Two year,Yes,Mailed check,104.42,3440.79,No
VEOF-0383,Male,0,No,No,16,Yes,Yes,Fiber optic,Yes,No,Yes,No,No,Yes,Month-to-month,Yes,Electronic check,102.62,1649.2,Yes
BFBC-6308,Female,0,Yes,No,72,Yes,No,Fiber optic,No,Yes,No,No,No,No,Month-to-month,No,Bank transfer (automatic),61.61,4428.72,No
VISE-8510,Male,0,No,Yes,28,Yes,Yes,Fiber optic,Yes,No,No,No,No,Yes,Month-to-month,No,Credit card (automatic),55.33,1555.7,Yes
YQNO-4044,Male,0,No,Yes,71,Yes,Yes,DSL,Yes,Yes,No,No,No,No,Month-to-month,No,Mailed check,39.29,2785.33,No
WWKJ-0804,Female,0,No,Yes,5,Yes,Yes,DSL,Yes,Yes,No,Yes,No,Yes,One year,Yes,Electronic check,34.34,173.91,No
PGLH-1033,Male,0,No,No,5,Yes,No,DSL,No,Yes,No,Yes,Yes,No,Two year,No,Credit card (automatic),50.58,244.69,No
ZLVA-0245,Male,0,Yes,Yes,2,Yes,No,No,No internet service,No internet service,No internet service,No internet service,No internet service,No internet service,Month-to-month,Yes,Bank transfer (automatic),27.78,53.58,No
UMMU-8105,Female,1,Yes,Yes,30,Yes,Yes,Fiber optic,Yes,No,Yes,Yes,No,No,Month-to-month,Yes,Mailed check,101.8,3049.93,No
YWXE-9352,Female,0,Yes,No,51,Yes,No,DSL,No,Yes,Yes,No,No,No,Month-to-month,Yes,Mailed check,25.17,1280.49,No
QKDY-3036,Male,0,Yes,No,7,No,No phone service,DSL,No,Yes,No,Yes,No,Yes,Month-to-month,No,Electronic check,50.67,353.84,No
CJVA-3202,Female,0,Yes,No,25,Yes,Yes,DSL,No,Yes,No,No,No,Yes,Month-to-month,No,Mailed check,54.57,1361.09,No
TUVR-1540,Female,0,No,No,14,No,No phone service,DSL,No,Yes,Yes,No,No,No,Month-to-month,Yes,Bank transfer (automatic),51.41,716.04,No
SEBA-8419,Female,0,Yes,No,55,Yes,No,DSL,No,Yes,Yes,No,Yes,Yes,One year,No,Electronic check,68.73,3782.35,No
DCWQ-9369,Female,0,No,Yes,61,Yes,Yes,Fiber optic,Yes,Yes,No,No,No,No,One year,Yes,Electronic check,106.15,6468.16,No
ETTK-1731,Male,0,No,No,12,Yes,Yes,Fiber optic,No,No,Yes,No,Yes,No,One year,Yes,Bank transfer (automatic),69.6,834.8,No
YJMW-2600,Female,1,No,No,45,No,No phone service,DSL,No,Yes,Yes,No,Yes,No,Month-to-month,Yes,Electronic check,58.1,2614.55,Yes
TDTI-5251,Male,0,No,Yes,53,Yes,No,Fiber optic,No,Yes,No,Yes,No,No,Two year,Yes,Bank transfer (automatic),67.52,3573.91,No
RWSG-2133,Male,1,No,No,8,Yes,Yes,DSL,No,Yes,Yes,No,No,No,One year,Yes,Bank transfer (automatic),35.7,283.47,Yes
SIPF-4574,Female,1,Yes,Yes,2,Yes,Yes,Fiber optic,No,Yes,No,Yes,Yes,No,Two year,Yes,Mailed check,104.7,211.6,No
MTGL-4343,Male,0,Yes,No,22,Yes,Yes,DSL,No,Yes,No,Yes,Yes,Yes,One year,Yes,Bank transfer (automatic),64.56,1422.41,No
HPHQ-2314,Female,0,Yes,No,11,Yes,No,Fiber optic,Yes,No,No,Yes,No,No,Month-to-month,Yes,Electronic check,105.67,1156.64,No
KXLR-8657,Female,1,No,No,40,Yes,No,Fiber optic,Yes,Yes,No,No,No,Yes,Month-to-month,Yes,Credit card (automatic),62.0,2479.24,Yes
NRNE-3702,Female,0,No,No,43,Yes,Yes,Fiber optic,Yes,No,No,No,Yes,No,One year,No,Electronic check,59.86,2578.02,No
JXET-5424,Female,0,Yes,No,57,Yes,No,No,No internet service,No internet service,No internet service,No internet service,No internet service,No internet service,Two year,Yes,Electronic check,19.15,1094.66,No
DQQN-6305,Male,0,No,Yes,10,No,No phone service,Fiber optic,Yes,No,No,No,Yes,No,One year,Yes,Bank transfer (automatic),104.8,1038.94,No
KLOL-0782,Male,0,No,No,18,Yes,No,Fiber optic,Yes,Yes,Yes,No,No,No,One year,Yes,Bank transfer (automatic),84.61,1529.97,Yes
GUCU-9668,Female,0,No,No,58,Yes,Yes,DSL,No,Yes,Yes,Yes,Yes,Yes,Two year,Yes,Credit card (automatic),30.7,1777.62,No
XTOU-4916,Female,0,No,No,72,Yes,Yes,Fiber optic,No,No,No,Yes,Yes,No,Month-to-month,Yes,Electronic check,66.85,4817.09,Yes
WIID-4696,Male,0,No,Yes,36,Yes,No,Fiber optic,No,No,Yes,No,No,No,Month-to-month,No,Bank transfer (automatic),82.1,2959.02,Yes
KJKX-7183,Male,0,No,No,9,Yes,Yes,DSL,No,Yes,No,Yes,No,Yes,Two year,No,Electronic check,47.42,436.73,No
QQUW-4260,Female,0,No,No,72,Yes,No,Fiber optic,Yes,No,No,Yes,No,Yes,Two year,Yes,Credit card (automatic),79.45,5722.54,No
KARQ-8364,Female,1,Yes,No,32,Yes,Yes,Fiber optic,No,No,Yes,No,No,Yes,One year,No,Mailed check,57.5,1841.57,Yes
PGMM-6002,Female,0,Yes,No,19,Yes,Yes,No,No internet service,No internet service,No internet service,No internet service,No internet service,No internet service,Two year,Yes,Electronic check,18.53,356.6,No
JBNW-2680,Male,0,Yes,No,43,Yes,No,Fiber optic,Yes,No,No,No,No,No,Two year,No,Electronic check,102.42,4399.07,No
OSKO-5842,Female,0,No,Yes,12,Yes,Yes,No,No internet service,No internet service,No internet service,No internet service,No internet service,No internet service,One year,No,Mailed check,29.94,363.16,Yes
XEVM-1303,Female,0,Yes,No,62,Yes,No,No,No internet service,No internet service,No internet service,No internet service,No internet service,No internet service,Month-to-month,No,Electronic check,25.44,1576.61,No
QTNR-5578,Male,0,No,No,13,Yes,Yes,No,No internet service,No internet service,No internet service,No internet service,No internet service,No internet service,Month-to-month,Yes,Mailed check,19.38,255.18,Yes
XAMC-5075,Female,0,No,Yes,72,No,No phone service,DSL,Yes,Yes,Yes,No,No,No,Month-to-month,Yes,Bank transfer (automatic),60.68,4362.59,No
PAJR-5974,Female,0,No,No,53,Yes,No,DSL,Yes,No,Yes,No,Yes,No,Two year,Yes,Electronic check,25.55,1345.05,No
QNZR-3361,Male,0,Yes,Yes,41,Yes,Yes,Fiber optic,Yes,No,No,Yes,No,No,Month-to-month,Yes,Electronic check,88.03,3616.86,No
GGGM-2553,Male,0,Yes,No,37,Yes,No,DSL,Yes,Yes,Yes,No,Yes,No,Month-to-month,Yes,Mailed check,44.28,1641.59,No
QYRY-7069,Male,0,Yes,Yes,71,Yes,No,Fiber optic,Yes,Yes,Yes,No,Yes,No,One year,No,Mailed check,65.84,4685.51,No
SPJM-9842,Male,0,No,No,35,Yes,Yes,DSL,Yes,No,Yes,No,Yes,Yes,One year,Yes,Mailed check,73.3,2560.51,No
HLCG-6604,Female,0,Yes,No,8,Yes,No,DSL,No,Yes,No,Yes,No,No,One year,No,Electronic check,54.25,435.26,No
KAWM-7602,Male,0,Yes,No,4,Yes,Yes,DSL,No,No,No,No,No,Yes,Month-to-month,No,Electronic check,61.98,247.98,No
JSGT-2595,Male,0,No,No,14,Yes,No,Fiber optic,Yes,No,No,Yes,Yes,No,Month-to-month,No,Mailed check,106.53,1489.29,No
JULO-5294,Female,0,No,No,23,No,No phone service,DSL,Yes,Yes,Yes,Yes,Yes,No,Two year,Yes,Electronic check,49.58,1139.47,No
YTBU-2233,Male,0,No,Yes,63,Yes,No,Fiber optic,Yes,No,No,Yes,Yes,No,Two year,Yes,Mailed check,78.96,4973.29,No
EGDK-6824,Male,0,No,Yes,47,Yes,Yes,Fiber optic,No,No,No,No,No,Yes,Month-to-month,Yes,Electronic check,73.33,3445.79,Yes
TOYU-9190,Male,0,No,No,42,Yes,Yes,No,No internet service,No internet service,No internet service,No internet service,No internet service,No internet service,One year,No,Bank transfer (automatic),24.63,1030.71,No
WKQX-8689,Female,0,Yes,No,38,Yes,No,DSL,Yes,Yes,Yes,No,No,No,Month-to-month,Yes,Bank transfer (automatic),70.66,2685.5,No
FOOG-2825,Male,0,Yes,Yes,24,Yes,No,No,No internet service,No internet service,No internet service,No internet service,No internet service,No internet service,Month-to-month,Yes,Bank transfer (automatic),19.02,451.91,No
TIAI-3940,Female,0,Yes,Yes,4,Yes,No,Fiber optic,No,Yes,No,Yes,No,No,One year,No,Bank transfer (automatic),104.77,420.13,No
QFZO-0126,Male,1,Yes,No,59,Yes,Yes,Fiber optic,Yes,No,No,Yes,Yes,Yes,Month-to-month,No,Electronic check,74.79,4408.31,No
BUYL-9771,Female,0,Yes,No,6,Yes,Yes,No,No internet service,No internet service,No internet service,No internet service,No internet service,No internet service,Month-to-month,No,Electronic check,24.36,153.53,No
AYZD-8659,Female,0,No,No,17,Yes,No,DSL,No,No,No,No,No,Yes,Month-to-month,No,Electronic check,55.81,943.9,No
YJTN-0455,Male,0,No,Yes,5,Yes,No,Fiber optic,No,Yes,Yes,Yes,No,Yes,Month-to-month,Yes,Credit card (automatic),65.16,330.27,No
QOGH-4114,Female,0,Yes,No,11,Yes,No,Fiber optic,No,No,No,No,No,No,Month-to-month,Yes,Credit card (automatic),77.52,855.54,No
WGTP-2861,Male,0,No,No,32,Yes,Yes,Fiber optic,Yes,No,Yes,No,No,Yes,Two year,No,Electronic check,69.46,2222.7,No
QKRL-2429,Male,0,Yes,Yes,20,Yes,Yes,DSL,No,No,Yes,Yes,Yes,Yes,Two year,No,Credit card (automatic),28.5,570.35,No
IJTW-3290,Female,0,Yes,No,57,Yes,No,DSL,No,No,No,Yes,Yes,No,Month-to-month,No,Bank transfer (automatic),60.19,3434.19,No
LYAK-0046,Female,0,No,No,41,No,No phone service,Fiber optic,Yes,Yes,Yes,Yes,No,No,Two year,No,Credit card (automatic),83.29,3415.43,No
WJPA-5853,Female,0,No,Yes,45,Yes,Yes,No,No internet service,No internet service,No internet service,No internet service,No internet service,No internet service,Month-to-month,No,Electronic check,24.41,1106.61,Yes
OJYP-2933,Female,0,No,Yes,2,Yes,No,Fiber optic,Yes,Yes,Yes,No,No,Yes,Month-to-month,Yes,Credit card (automatic),85.35,167.25,Yes
TVPK-6827,Female,0,No,No,56,Yes,Yes,DSL,Yes,Yes,Yes,Yes,No,Yes,Two year,No,Bank transfer (automatic),55.6,3111.13,No
XQEM-9477,Female,0,Yes,Yes,52,Yes,No,Fiber optic,Yes,Yes,Yes,No,No,No,One year,No,Credit card (automatic),53.88,2795.29,No
LPBC-1019,Female,0,No,No,61,Yes,No,Fiber optic,Yes,Yes,No,No,No,No,Two year,No,Electronic check,95.52,5829.79,No
VLQF-0175,Female,0,Yes,Yes,12,No,No phone service,Fiber optic,No,No,Yes,Yes,No,Yes,Two year,Yes,Credit card (automatic),77.85,933.67,No
IAEG-8833,Male,0,Yes,No,50,Yes,No,Fiber optic,No,Yes,Yes,No,No,No,Month-to-month,Yes,Mailed check,96.07,4806.73,No
ODCX-4695,Male,0,Yes,No,18,Yes,No,Fiber optic,No,No,No,Yes,No,No,Month-to-month,Yes,Mailed check,83.39,1502.03,Yes
NISF-2121,Female,0,No,Yes,58,Yes,Yes,Fiber optic,Yes,Yes,No,No,Yes,No,Month-to-month,Yes,Electronic check,72.62,4213.73,Yes
BZWJ-2716,Female,0,No,No,61,Yes,No,Fiber optic,Yes,No,Yes,Yes,No,No,Month-to-month,Yes,Mailed check,84.26,5143.21,No
SYGY-1541,Male,0,No,No,36,Yes,No,Fiber optic,Yes,No,No,Yes,No,No,One year,No,Mailed check,80.22,2888.23,No
DDXM-6480,Female,0,Yes,Yes,14,Yes,Yes,DSL,Yes,Yes,No,Yes,No,No,Month-to-month,No,Mailed check,62.26,874.91,No
TEXC-4269,Female,0,Yes,No,69,Yes,Yes,Fiber optic,Yes,No,No,No,Yes,Yes,Two year,No,Mailed check,94.1,6489.08,No
CWBG-8459,Female,0,Yes,No,11,Yes,Yes,Fiber optic,No,Yes,No,Yes,No,Yes,Month-to-month,Yes,Electronic check,99.18,1082.77,No
SMJE-4275,Male,0,No,No,49,Yes,No,Fiber optic,Yes,Yes,No,No,No,No,One year,No,Credit card (automatic),73.5,3607.44,No
SQJA-9194,Male,0,Yes,No,46,Yes,Yes,Fiber optic,No,No,No,Yes,Yes,Yes,One year,No,Electronic check,106.04,4871.95,No
WAAT-9580,Male,1,Yes,No,15,Yes,No,Fiber optic,No,Yes,Yes,Yes,Yes,No,Two year,Yes,Electronic check,71.53,1072.48,No
ZUIX-6918,Male,0,Yes,No,15,Yes,No,DSL,Yes,Yes,No,No,No,No,Month-to-month,Yes,Credit card (automatic),65.77,994.81,No
LXMK-9988,Female,0,Yes,No,66,No,No phone service,Fiber optic,No,Yes,Yes,No,Yes,No,Month-to-month,No,Electronic check,54.01,3573.67,No
YCWP-0882,Female,0,Yes,Yes,33,Yes,No,Fiber optic,Yes,No,Yes,Yes,Yes,Yes,One year,Yes,Bank transfer (automatic),46.29,1533.17,No
EMXF-9982,Male,0,Yes,No,45,Yes,No,No,No internet service,No internet service,No internet service,No internet service,No internet service,No internet service,Month-to-month,No,Electronic check,23.15,1041.52,No
GMVE-3432,Male,0,No,Yes,63,Yes,Yes,DSL,No,Yes,Yes,Yes,Yes,No,One year,No,Electronic check,39.32,2475.29,No
WFDY-0086,Male,0,No,Yes,48,Yes,Yes,No,No internet service,No internet service,No internet service,No internet service,No internet service,No internet service,Two year,Yes,Bank transfer (automatic),22.92,1097.43,No
BKZE-3085,Female,0,No,Yes,20,Yes,No,No,No internet service,No internet service,No internet service,No internet service,No internet service,No internet service,Two year,No,Electronic check,28.94,579.5,No
LFTM-1772,Male,1,No,No,52,Yes,Yes,DSL,No,Yes,Yes,No,Yes,Yes,Month-to-month,No,Credit card (automatic),46.39,2417.95,Yes
WNGN-4473,Male,0,Yes,Yes,61,Yes,Yes,No,No internet service,No internet service,No internet service,No internet service,No internet service,No internet service,Month-to-month,Yes,Mailed check,22.12,1355.96,No
AQYT-0196,Female,0,Yes,No,53,Yes,No,DSL,Yes,Yes,Yes,Yes,Yes,Yes,Month-to-month,No,Bank transfer (automatic),60.88,3235.96,No
RQZI-4330,Female,0,Yes,No,2,No,No phone service,No,No internet service,No internet service,No internet service,No internet service,No internet service,No internet service,Month-to-month,No,Electronic check,20.82,45.58,No
CAUE-8744,Male,0,Yes,No,52,Yes,Yes,DSL,Yes,No,No,No,No,No,One year,No,Bank transfer (automatic),48.05,2493.1,No
WLBW-0459,Male,0,No,Yes,11,Yes,Yes,No,No internet service,No internet service,No internet service,No internet service,No internet service,No internet service,Two year,No,Bank transfer (automatic),26.64,293.01,No
QIYP-0371,Female,1,No,No,37,Yes,No,Fiber optic,No,No,No,Yes,No,No,Month-to-month,Yes,Credit card (automatic),78.95,2921.04,Yes
MKMX-9880,Female,0,Yes,Yes,17,Yes,No,No,No internet service,No internet service,No internet service,No internet service,No internet service,No internet service,Month-to-month,Yes,Electronic check,27.26,469.15,No
IDLX-8252,Male,0,Yes,No,34,Yes,No,Fiber optic,No,No,No,No,Yes,No,Two year,Yes,Mailed check,65.97,2244.34,No
AZVU-2319,Female,0,No,Yes,69,Yes,No,Fiber optic,Yes,Yes,Yes,Yes,Yes,No,Month-to-month,No,Bank transfer (automatic),63.37,4364.47,Yes
JMTD-2508,Male,0,Yes,Yes,70,No,No phone service,Fiber optic,No,Yes,Yes,Yes,No,Yes,Two year,Yes,Electronic check,50.82,3555.01,No
KZPS-2267,Male,0,No,No,16,Yes,Yes,DSL,No,No,No,Yes,No,Yes,Month-to-month,No,Bank transfer (automatic),25.46,408.88,No
RQEP-7252,Female,0,No,Yes,20,Yes,Yes,DSL,No,Yes,Yes,No,No,No,Month-to-month,Yes,Bank transfer (automatic),54.57,1081.82,No
FLTK-6900,Male,0,No,No,69,Yes,Yes,No,No internet service,No internet service,No internet service,No internet service,No internet service,No internet service,One year,No,Mailed check,24.36,1685.68,No
OUIE-3740,Female,1,No,No,46,Yes,No,Fiber optic,Yes,Yes,No,Yes,No,No,Month-to-month,Yes,Electronic check,78.8,3626.28,Yes
GKTZ-4561,Female,0,Yes,Yes,36,Yes,No,DSL,Yes,Yes,No,No,Yes,No,Month-to-month,No,Bank transfer (automatic),74.1,2671.8,No
ALCZ-0354,Male,1,Yes,No,53,Yes,No,No,No internet service,No internet service,No internet service,No internet service,No internet service,No internet service,Month-to-month,Yes,Bank transfer (automatic),29.69,1567.04,Yes
KTWM-5284,Female,0,No,No,14,Yes,No,Fiber optic,No,Yes,No,No,Yes,No,Two year,Yes,Mailed check,47.12,649.13,No
MJAM-5497,Female,0,No,No,10,Yes,No,DSL,No,No,No,No,No,Yes,Month-to-month,No,Electronic check,41.04,406.85,No
TLQR-7974,Male,0,No,No,8,Yes,Yes,Fiber optic,No,No,No,Yes,Yes,No,Month-to-month,No,Mailed check,92.82,742.8,No
VBYV-8925,Male,0,Yes,Yes,67,Yes,Yes,Fiber optic,No,Yes,Yes,No,Yes,No,One year,Yes,Mailed check,67.26,4502.93,No
ZPUP-8908,Female,0,No,Yes,2,Yes,No,DSL,No,No,Yes,No,No,No,Month-to-month,No,Mailed check,40.26,71.16,Yes
UQJH-6514,Male,0,Yes,No,12,Yes,No,No,No internet service,No internet service,No internet service,No internet service,No internet service,No internet service,One year,No,Electronic check,28.11,336.91,No
SRNJ-0810,Male,0,No,No,5,No,No phone service,Fiber optic,Yes,No,Yes,No,Yes,No,Month-to-month,Yes,Electronic check,108.16,533.94,No
WYVP-7686,Female,0,No,Yes,0,Yes,No,No,No internet service,No internet service,No internet service,No internet service,No internet service,No internet service,Month-to-month,No,Electronic check,20.02,0.0,Yes
VAIJ-4173,Female,0,No,No,4,Yes,No,No,No internet service,No internet service,No internet service,No internet service,No internet service,No internet service,Month-to-month,No,Electronic check,23.13,94.05,Yes
SMAU-2386,Male,1,No,Yes,65,Yes,No,DSL,Yes,Yes,Yes,Yes,Yes,No,One year,No,Mailed check,62.71,4077.03,No
EXVJ-1602,Female,0,No,Yes,40,No,No phone service,DSL,Yes,No,Yes,No,No,No,Month-to-month,Yes,Bank transfer (automatic),66.18,2653.91,No
AQOE-5222,Male,1,No,No,49,Yes,No,Fiber optic,No,No,Yes,No,Yes,Yes,Two year,No,Electronic check,74.53,3648.25,Yes
AUAZ-9255,Male,1,No,No,6,Yes,Yes,DSL,Yes,No,Yes,No,Yes,Yes,One year,Yes,Credit card (automatic),73.64,429.86,No
CPIH-2444,Male,0,No,Yes,20,Yes,No,Fiber optic,No,Yes,No,Yes,Yes,No,Two year,No,Electronic check,101.04,2014.2,No
SEUT-3186,Male,0,No,No,52,Yes,Yes,No,No internet service,No internet service,No internet service,No internet service,No internet service,No internet service,One year,No,Electronic check,24.79,1288.91,No
AURJ-5615,Female,0,No,Yes,19,Yes,No,Fiber optic,No,Yes,Yes,No,No,No,Month-to-month,No,Bank transfer (automatic),89.39,1702.13,No
SYDS-2187,Female,0,No,No,64,Yes,No,Fiber optic,No,Yes,No,No,No,Yes,Month-to-month,No,Electronic check,62.76,4018.51,No
UNIM-1565,Female,0,Yes,No,31,Yes,No,Fiber optic,No,Yes,Yes,No,Yes,No,One year,Yes,Credit card (automatic),89.29,2764.23,No
CJJJ-8777,Female,0,Yes,Yes,5,Yes,No,DSL,Yes,No,No,No,No,No,One year,No,Bank transfer (automatic),42.19,210.69,No
IQHR-3059,Female,0,No,Yes,40,Yes,Yes,Fiber optic,No,No,No,Yes,No,Yes,Month-to-month,No,Bank transfer (automatic),91.64,3674.43,No
AUYA-8327,Male,1,Yes,No,32,No,No phone service,Fiber optic,No,No,Yes,Yes,Yes,No,Month-to-month,Yes,Electronic check,84.64,2713.19,No
FGIE-1223,Male,0,No,No,24,Yes,No,No,No internet service,No internet service,No internet service,No internet service,No internet service,No internet service,Month-to-month,No,Electronic check,20.72,491.95,No
ZWJV-2639,Male,1,Yes,No,23,Yes,No,Fiber optic,Yes,Yes,No,No,Yes,No,Month-to-month,Yes,Bank transfer (automatic),62.09,1427.31,No
KKHW-6870,Female,0,No,No,11,Yes,Yes,DSL,No,Yes,Yes,No,Yes,Yes,Two year,Yes,Mailed check,69.93,770.69,No
WOST-5471,Male,0,Yes,No,36,Yes,Yes,DSL,No,No,Yes,Yes,No,Yes,Two year,No,Mailed check,69.54,2502.69,No
UUOC-9434,Female,0,No,Yes,49,Yes,Yes,No,No internet service,No internet service,No internet service,No internet service,No internet service,No internet service,Month-to-month,Yes,Electronic check,21.39,1048.68,No
ZIWQ-2833,Female,0,Yes,No,8,Yes,Yes,Fiber optic,No,No,No,Yes,No,Yes,Month-to-month,Yes,Credit card (automatic),90.9,722.98,No
JVCS-8464,Male,0,No,No,66,Yes,No,DSL,No,No,No,No,No,No,Month-to-month,Yes,Credit card (automatic),29.99,1976.16,No
FXHB-8956,Male,0,Yes,No,3,Yes,No,No,No internet service,No internet service,No internet service,No internet service,No internet service,No internet service,Month-to-month,Yes,Bank transfer (automatic),20.35,60.59,No
CTVW-5416,Female,0,No,No,53,Yes,No,Fiber optic,No,No,Yes,Yes,Yes,No,Month-to-month,Yes,Bank transfer (automatic),72.82,3864.2,Yes
ELIK-3916,Female,1,No,Yes,5,No,No phone service,No,No internet service,No internet service,No internet service,No internet service,No internet service,No internet service,Two year,Yes,Electronic check,18.23,88.48,No
WAMP-4288,Male,0,Yes,No,65,Yes,Yes,No,No internet service,No internet service,No internet service,No internet service,No internet service,No internet service,Month-to-month,No,Mailed check,26.78,1736.85,No
WILR-9799,Female,0,Yes,Yes,36,Yes,No,DSL,No,No,No,No,No,No,Month-to-month,Yes,Electronic check,27.07,970.49,No
ZQSX-7976,Male,0,Yes,No,44,Yes,No,DSL,No,No,Yes,Yes,No,Yes,Month-to-month,Yes,Electronic check,47.1,2071.8,No
BSIR-6020,Male,0,Yes,No,13,Yes,No,Fiber optic,Yes,No,Yes,Yes,Yes,No,Two year,No,Electronic check,67.46,874.35,No
VTAE-3991,Female,0,Yes,No,42,Yes,Yes,No,No internet service,No internet service,No internet service,No internet service,No internet service,No internet service,Month-to-month,Yes,Credit card (automatic),18.63,780.99,No
MWLO-7382,Male,1,Yes,No,65,Yes,No,Fiber optic,Yes,Yes,Yes,Yes,No,No,One year,No,Electronic check,87.89,5712.24,No
VKOP-6658,Female,0,No,No,6,No,No phone service,DSL,Yes,No,Yes,Yes,No,Yes,Month-to-month,Yes,Electronic check,44.15,264.27,Yes
QMII-3426,Female,0,Yes,Yes,54,Yes,Yes,DSL,Yes,No,No,No,No,No,One year,Yes,Bank transfer (automatic),50.85,2744.13,No
ORHY-5852,Male,0,No,No,36,Yes,Yes,Fiber optic,No,Yes,Yes,Yes,No,Yes,One year,Yes,Electronic check,109.34,3927.89,No
ZCBE-3545,Male,0,Yes,No,15,Yes,No,Fiber optic,No,No,No,No,No,No,Month-to-month,Yes,Credit card (automatic),59.64,892.42,No
DNCQ-4544,Female,0,No,No,16,Yes,Yes,DSL,No,Yes,Yes,Yes,Yes,Yes,Two year,No,Electronic check,71.72,1146.18,No
FTDM-7726,Male,0,No,Yes,70,Yes,Yes,DSL,No,Yes,Yes,No,Yes,Yes,Month-to-month,Yes,Credit card (automatic),62.88,4393.34,No
EECB-2621,Female,0,Yes,No,0,No,No phone service,DSL,Yes,Yes,No,Yes,No,Yes,Two year,No,Bank transfer (automatic),59.91,0.0,No
TLUG-0792,Female,0,No,No,1,Yes,Yes,DSL,No,No,Yes,Yes,No,Yes,Two year,Yes,Bank transfer (automatic),61.69,55.43,No
KVTU-9512,Male,0,No,Yes,32,No,No phone service,Fiber optic,Yes,Yes,Yes,Yes,Yes,No,Month-to-month,Yes,Mailed check,55.84,1790.25,No
OXXA-9719,Male,0,Yes,Yes,12,Yes,No,No,No internet service,No internet service,No internet service,No internet service,No internet service,No internet service,Two year,Yes,Electronic check,28.64,349.85,Yes
ZHLZ-4074,Male,1,No,Yes,64,Yes,No,DSL,Yes,No,No,No,No,No,Month-to-month,Yes,Bank transfer (automatic),40.14,2572.53,No
QODM-0891,Male,0,No,No,50,Yes,Yes,Fiber optic,Yes,No,No,No,Yes,Yes,Month-to-month,No,Electronic check,70.66,3539.98,No
XDYB-2194,Male,0,Yes,Yes,32,Yes,Yes,DSL,Yes,No,No,No,No,No,Two year,Yes,Bank transfer (automatic),48.82,1564.35,No
KACQ-9732,Male,0,No,No,2,Yes,No,Fiber optic,No,No,No,Yes,No,No,Month-to-month,Yes,Credit card (automatic),67.8,128.79,Yes
XYHF-2744,Female,0,No,No,59,Yes,No,DSL,No,No,No,No,No,No,One year,Yes,Electronic check,32.04,1878.39,No
LYAG-7927,Female,0,No,No,43,Yes,Yes,No,No internet service,No internet service,No internet service,No internet service,No internet service,No internet service,Month-to-month,No,Mailed check,20.11,867.42,Yes
AHWT-6969,Female,0,No,Yes,4,Yes,Yes,Fiber optic,Yes,Yes,Yes,Yes,No,No,Month-to-month,Yes,Mailed check,51.95,204.55,No
QCGK-4862,Male,0,Yes,Yes,46,Yes,No,DSL,No,No,No,No,No,No,Two year,No,Mailed check,35.31,1626.55,No
OAEM-9460,Male,0,No,Yes,42,Yes,Yes,Fiber optic,Yes,No,Yes,No,No,No,Two year,No,Mailed check,68.28,2866.83,No
JRVH-3222,Male,0,Yes,Yes,46,Yes,No,Fiber optic,Yes,No,No,No,Yes,Yes,Month-to-month,No,Mailed check,84.42,3883.68,No
BQPU-9443,Female,0,Yes,Yes,5,Yes,No,No,No internet service,No internet service,No internet service,No internet service,No internet service,No internet service,Month-to-month,Yes,Electronic check,22.67,120.04,No
CCBU-3511,Male,1,No,Yes,59,Yes,No,Fiber optic,Yes,No,No,No,No,Yes,One year,Yes,Electronic check,45.74,2697.1,No
XFCU-2120,Male,0,Yes,No,35,Yes,No,Fiber optic,Yes,No,No,Yes,No,No,Month-to-month,No,Credit card (automatic),70.92,2474.85,No
NGVU-5722,Male,0,No,Yes,36,No,No phone service,DSL,No,Yes,No,No,Yes,Yes,Month-to-month,Yes,Electronic check,42.66,1532.29,No
LEEN-0387,Female,0,No,No,5,Yes,No,Fiber optic,No,Yes,Yes,No,Yes,Yes,Month-to-month,Yes,Mailed check,64.18,324.4,Yes
CUEW-7861,Female,0,Yes,Yes,29,Yes,No,No,No internet service,No internet service,No internet service,No internet service,No internet service,No internet service,Month-to-month,Yes,Electronic check,18.2,527.42,Yes
XHKN-1590,Female,0,No,Yes,9,Yes,Yes,Fiber optic,Yes,Yes,No,Yes,Yes,No,Month-to-month,Yes,Electronic check,49.9,445.29,No
KGJB-4698,Male,0,Yes,No,27,Yes,Yes,DSL,No,No,No,No,Yes,Yes,Month-to-month,No,Bank transfer (automatic),30.94,835.23,Yes
AIKE-5716,Male,0,Yes,No,5,Yes,No,Fiber optic,Yes,No,No,Yes,No,Yes,One year,Yes,Mailed check,63.73,320.19,No
DYVP-6575,Female,0,Yes,Yes,72,Yes,No,Fiber optic,No,No,Yes,No,No,Yes,One year,No,Credit card (automatic),61.09,4394.33,Yes
GXOQ-9350,Female,0,No,No,23,Yes,No,Fiber optic,Yes,Yes,Yes,No,No,No,Month-to-month,Yes,Bank transfer (automatic),57.25,1314.05,No
DVWV-3691,Female,0,Yes,No,51,Yes,No,No,No internet service,No internet service,No internet service,No internet service,No internet service,No internet service,Two year,Yes,Credit card (automatic),25.08,1270.28,No
FEBY-6265,Male,0,No,No,67,Yes,No,DSL,No,No,No,Yes,No,No,Two year,No,Electronic check,65.67,4402.09,Yes
WDMZ-7766,Male,0,Yes,No,44,Yes,Yes,No,No internet service,No internet service,No internet service,No internet service,No internet service,No internet service,Two year,Yes,Bank transfer (automatic),18.97,840.71,No
JMMX-0510,Female,0,Yes,Yes,26,Yes,No,DSL,No,No,Yes,No,No,No,Month-to-month,No,Electronic check,45.83,1189.37,No
LZWF-4488,Female,0,Yes,No,67,Yes,Yes,DSL,Yes,Yes,Yes,Yes,No,No,Two year,Yes,Bank transfer (automatic),44.0,2952.46,No
VCWT-4669,Male,0,Yes,No,12,Yes,No,Fiber optic,No,Yes,No,No,No,No,Month-to-month,No,Mailed check,74.04,884.72,No
HQEO-8610,Female,0,Yes,Yes,18,Yes,No,Fiber optic,Yes,Yes,Yes,No,No,Yes,Month-to-month,Yes,Electronic check,109.57,1974.58,Yes
XIJE-5143,Female,0,No,No,32,Yes,No,Fiber optic,Yes,Yes,Yes,No,Yes,No,One year,No,Credit card (automatic),49.68,1579.6,No
XXNE-7595,Female,0,No,No,12,Yes,No,DSL,No,No,No,No,Yes,No,Month-to-month,Yes,Credit card (automatic),69.67,834.09,No
ODJS-8499,Female,0,No,No,6,Yes,Yes,No,No internet service,No internet service,No internet service,No internet service,No internet service,No internet service,Month-to-month,No,Bank transfer (automatic),29.28,180.77,Yes
DVDF-9775,Male,0,No,Yes,32,Yes,Yes,Fiber optic,Yes,No,No,No,Yes,No,Month-to-month,No,Electronic check,104.81,3349.31,Yes
QASR-0056,Male,0,Yes,No,31,Yes,Yes,No,No internet service,No internet service,No internet service,No internet service,No internet service,No internet service,Month-to-month,No,Credit card (automatic),19.54,598.99,No
HCQU-7318,Male,1,No,Yes,44,Yes,No,No,No internet service,No internet service,No internet service,No internet service,No internet service,No internet service,One year,No,Credit card (automatic),22.63,997.13,No
MISG-0772,Female,0,No,No,55,Yes,Yes,DSL,Yes,No,Yes,Yes,No,No,One year,No,Credit card (automatic),37.42,2059.8,No
PLOU-3667,Female,0,Yes,No,71,Yes,No,Fiber optic,No,No,Yes,Yes,No,No,Month-to-month,Yes,Electronic check,102.5,7277.35,No
EMKE-7402,Male,1,No,Yes,45,Yes,No,DSL,No,No,No,No,No,No,Month-to-month,Yes,Electronic check,25.08,1129.17,Yes
RJEX-8800,Female,0,Yes,No,18,Yes,No,DSL,No,No,Yes,No,No,Yes,Month-to-month,No,Mailed check,35.69,639.97,No
QAYA-6588,Male,0,No,No,33,No,No phone service,DSL,No,Yes,No,Yes,No,Yes,Month-to-month,No,Credit card (automatic),52.76,1735.57,No
DINO-5486,Female,0,No,No,62,Yes,No,DSL,No,No,Yes,Yes,No,No,Two year,No,Electronic check,61.15,3790.94,No
IUDJ-2482,Female,1,Yes,Yes,69,Yes,No,DSL,Yes,Yes,No,Yes,No,No,Two year,Yes,Bank transfer (automatic),30.93,2133.19,No
PPQR-9425,Female,0,No,Yes,53,Yes,No,Fiber optic,Yes,Yes,No,Yes,Yes,No,One year,No,Electronic check,105.63,5593.86,Yes
OOKH-5985,Male,0,No,Yes,54,Yes,Yes,DSL,No,No,No,No,No,No,Month-to-month,Yes,Electronic check,54.64,2951.66,No
ETBV-1402,Male,0,No,No,49,Yes,Yes,DSL,No,Yes,No,No,Yes,No,Month-to-month,No,Electronic check,60.93,2987.16,No
JUMW-7661,Female,0,Yes,Yes,64,Yes,Yes,Fiber optic,Yes,No,No,Yes,No,No,Two year,Yes,Electronic check,57.42,3671.25,No
FUKO-8936,Female,0,No,No,44,Yes,Yes,Fiber optic,No,Yes,Yes,No,Yes,No,Month-to-month,Yes,Credit card (automatic),58.56,2584.57,Yes
XNVC-4071,Male,1,No,No,29,Yes,Yes,Fiber optic,No,No,No,Yes,Yes,No,Month-to-month,No,Electronic check,64.31,1864.34,No
JWIA-3681,Male,0,No,No,72,Yes,No,No,No internet service,No internet service,No internet service,No internet service,No internet service,No internet service,One year,No,Electronic check,23.31,1671.93,No
BFCT-2051,Male,0,No,No,60,Yes,No,Fiber optic,No,Yes,Yes,Yes,No,No,Month-to-month,No,Electronic check,64.91,3893.52,No
BWUH-1976,Female,1,No,No,58,Yes,No,Fiber optic,No,No,Yes,No,No,Yes,Month-to-month,No,Credit card (automatic),98.48,5713.95,Yes
MZXS-7515,Male,0,No,No,1,Yes,Yes,Fiber optic,No,No,No,Yes,Yes,Yes,Month-to-month,Yes,Mailed check,95.42,89.28,Yes
ESAG-1006,Female,0,Yes,No,29,Yes,Yes,Fiber optic,No,No,No,Yes,Yes,No,One year,Yes,Electronic check,51.36,1486.84,No
QYFT-3414,Male,0,Yes,Yes,45,Yes,Yes,No,No internet service,No internet service,No internet service,No internet service,No internet service,No internet service,Month-to-month,Yes,Mailed check,29.35,1320.25,No
RDJK-4558,Female,0,Yes,Yes,67,Yes,No,Fiber optic,Yes,Yes,Yes,No,Yes,Yes,Month-to-month,No,Electronic check,106.42,7131.18,No
TMEF-3516,Male,0,Yes,Yes,18,Yes,Yes,Fiber optic,Yes,No,No,No,No,Yes,Month-to-month,No,Bank transfer (automatic),57.17,1033.77,No
CJDY-4899,Male,0,No,No,4,Yes,No,DSL,Yes,No,Yes,No,No,No,Month-to-month,Yes,Mailed check,53.22,211.1,No
JLZV-7442,Male,0,No,Yes,72,Yes,Yes,No,No internet service,No internet service,No internet service,No internet service,No internet service,No internet service,One year,Yes,Bank transfer (automatic),27.14,1962.06,No
GRCO-1739,Male,0,No,Yes,56,Yes,No,DSL,No,No,No,No,No,No,Month-to-month,No,Credit card (automatic),35.2,1968.5,No
XXXX-7818,Male,0,Yes,No,62,Yes,No,Fiber optic,Yes,Yes,No,No,No,Yes,Month-to-month,Yes,Bank transfer (automatic),66.73,4137.05,No
HKZA-4194,Male,0,No,Yes,51,Yes,Yes,Fiber optic,No,No,Yes,No,No,No,Month-to-month,Yes,Electronic check,104.54,5326.22,Yes
OXII-0679,Male,1,No,Yes,58,Yes,No,DSL,No,No,Yes,No,Yes,No,Month-to-month,Yes,Bank transfer (automatic),26.5,1535.29,No
SPFK-2821,Female,0,No,Yes,59,No,No phone service,Fiber optic,Yes,No,Yes,No,Yes,Yes,Month-to-month,No,Credit card (automatic),107.23,6330.09,No
YOPN-7715,Female,0,No,Yes,19,No,No phone service,Fiber optic,No,No,Yes,No,Yes,No,Month-to-month,Yes,Credit card (automatic),70.66,1340.8,Yes
MMUL-1438,Female,0,No,No,32,Yes,No,DSL,No,Yes,No,Yes,No,Yes,Month-to-month,Yes,Mailed check,25.92,829.34,Yes
LQFG-5434,Male,0,No,Yes,11,Yes,Yes,No,No internet service,No internet service,No internet service,No internet service,No internet service,No internet service,Month-to-month,No,Electronic check,27.19,305.77,No
IEJO-7639,Female,0,Yes,No,20,Yes,Yes,Fiber optic,No,Yes,Yes,Yes,Yes,Yes,Month-to-month,Yes,Mailed check,81.12,1625.69,No
EGFM-2921,Female,0,Yes,No,55,Yes,No,No,No internet service,No internet service,No internet service,No internet service,No internet service,No internet service,One year,No,Bank transfer (automatic),28.29,1558.55,No
NCKJ-0812,Female,0,No,No,22,Yes,Yes,No,No internet service,No internet service,No internet service,No internet service,No internet service,No internet service,Two year,Yes,Mailed check,19.96,430.38,No
EPJL-3454,Male,0,Yes,No,19,Yes,Yes,No,No internet service,No internet service,No internet service,No internet service,No internet service,No internet service,Two year,Yes,Bank transfer (automatic),28.08,532.57,No
ZAVI-2152,Male,0,Yes,No,48,Yes,Yes,No,No internet service,No internet service,No internet service,No internet service,No internet service,No internet service,One year,No,Mailed check,29.32,1407.99,No
DFPM-5128,Male,1,Yes,No,46,Yes,Yes,Fiber optic,No,No,Yes,Yes,No,Yes,One year,No,Credit card (automatic),65.9,3028.66,No
BSIT-0128,Male,0,No,Yes,69,Yes,Yes,Fiber optic,No,No,No,No,No,Yes,Month-to-month,Yes,Mailed check,58.41,4026.77,No
YPKO-5524,Male,0,Yes,No,44,Yes,Yes,DSL,No,No,No,No,Yes,No,One year,No,Electronic check,58.31,2555.77,No
KDZZ-8807,Female,0,No,Yes,34,Yes,Yes,Fiber optic,No,No,No,No,No,Yes,Two year,No,Mailed check,93.75,3184.85,No
OIED-9318,Female,0,No,Yes,71,Yes,No,Fiber optic,Yes,No,No,No,No,No,Two year,Yes,Electronic check,92.46,6555.0,No
UCVI-8473,Male,0,Yes,No,26,Yes,No,DSL,No,Yes,Yes,Yes,Yes,No,Two year,No,Electronic check,41.33,1079.09,No
UGGW-7408,Female,0,No,Yes,46,Yes,Yes,DSL,No,Yes,Yes,No,No,No,Two year,Yes,Mailed check,66.93,3076.41,No
YWLF-4429,Female,0,No,No,31,Yes,No,Fiber optic,Yes,Yes,No,No,No,No,Month-to-month,Yes,Mailed check,54.54,1695.76,No
AVXR-7797,Female,0,No,No,28,Yes,No,DSL,Yes,No,Yes,No,No,Yes,Two year,Yes,Electronic check,45.73,1286.22,No
ZOSJ-7328,Female,0,No,No,70,Yes,Yes,DSL,No,Yes,No,Yes,No,No,One year,Yes,Bank transfer (automatic),69.51,4872.41,No
HJMR-7295,Male,0,No,No,52,Yes,Yes,DSL,No,Yes,Yes,Yes,No,Yes,Month-to-month,No,Bank transfer (automatic),30.46,1585.83,No
UXIG-5504,Male,0,Yes,No,55,Yes,No,DSL,No,Yes,Yes,No,Yes,No,Month-to-month,Yes,Electronic check,34.32,1890.55,No
NXFL-0442,Female,0,Yes,Yes,42,Yes,No,Fiber optic,No,Yes,Yes,Yes,No,No,Month-to-month,Yes,Credit card (automatic),81.97,3439.61,No
XIFV-1915,Male,0,No,Yes,3,No,No phone service,Fiber optic,No,No,Yes,Yes,No,Yes,Month-to-month,Yes,Mailed check,46.62,140.03,Yes
LHBI-8333,Female,0,No,No,63,Yes,No,DSL,Yes,No,No,Yes,No,No,Month-to-month,No,Electronic check,74.68,4702.68,No
KUXR-4170,Male,0,Yes,No,22,Yes,Yes,DSL,No,No,Yes,Yes,Yes,No,Two year,Yes,Mailed check,52.16,1150.43,No
POWC-3726,Female,0,No,Yes,59,No,No phone service,Fiber optic,Yes,Yes,No,Yes,No,No,Month-to-month,Yes,Bank transfer (automatic),100.85,5955.73,No
LQPI-5264,Male,0,Yes,No,29,Yes,Yes,Fiber optic,No,No,No,No,No,No,Month-to-month,Yes,Electronic check,75.06,2174.31,No
XHLI-5312,Female,0,Yes,No,42,No,No phone service,DSL,No,No,No,Yes,Yes,Yes,Month-to-month,Yes,Electronic check,69.89,2935.76,No
EXZR-4817,Male,1,Yes,No,47,Yes,Yes,Fiber optic,Yes,No,Yes,Yes,No,No,Two year,Yes,Bank transfer (automatic),80.65,3787.69,No
PCXT-3643,Female,0,No,No,6,No,No phone service,Fiber optic,Yes,No,No,Yes,Yes,No,Two year,Yes,Electronic check,49.62,294.5,No
WLSO-8421,Female,0,No,No,30,Yes,No,DSL,Yes,No,No,Yes,No,Yes,Month-to-month,Yes,Mailed check,69.42,2083.77,No
GWET-1169,Female,0,Yes,No,18,Yes,No,Fiber optic,No,Yes,Yes,Yes,No,Yes,Month-to-month,No,Electronic check,87.72,1579.66,Yes
WTNT-3180,Female,0,Yes,No,51,Yes,Yes,Fiber optic,No,No,Yes,Yes,No,Yes,Month-to-month,Yes,Mailed check,88.26,4496.39,Yes
OXVZ-6455,Female,1,Yes,Yes,67,Yes,No,Fiber optic,Yes,Yes,No,No,No,No,Month-to-month,Yes,Mailed check,97.78,6557.24,No
PYJT-4309,Male,0,Yes,No,5,Yes,No,No,No internet service,No internet service,No internet service,No internet service,No internet service,No internet service,One year,Yes,Electronic check,26.81,139.54,No
FUTF-4215,Male,0,No,Yes,59,Yes,No,Fiber optic,Yes,Yes,No,No,No,Yes,Month-to-month,Yes,Credit card (automatic),72.63,4278.84,No
TKOM-9278,Female,0,No,Yes,11,Yes,Yes,Fiber optic,Yes,Yes,No,Yes,No,No,Month-to-month,Yes,Electronic check,62.47,683.93,Yes
OWRH-4964,Female,0,No,No,37,Yes,Yes,DSL,Yes,Yes,No,Yes,Yes,Yes,Two year,Yes,Bank transfer (automatic),71.21,2639.36,No
RLLD-4549,Male,0,Yes,No,12,Yes,No,Fiber optic,Yes,Yes,No,No,Yes,No,One year,No,Bank transfer (automatic),109.58,1316.01,No
OAQC-8194,Female,0,Yes,No,27,Yes,Yes,Fiber optic,No,No,Yes,Yes,No,No,Month-to-month,No,Bank transfer (automatic),54.77,1476.38,No
IGKH-1480,Male,0,No,No,4,Yes,No,DSL,Yes,Yes,No,Yes,Yes,No,Month-to-month,Yes,Bank transfer (automatic),56.39,233.22,No
QJHR-8983,Female,0,No,No,45,Yes,No,DSL,Yes,No,Yes,No,No,Yes,Month-to-month,Yes,Mailed check,59.12,2674.03,No
BSJQ-2422,Male,0,Yes,Yes,45,Yes,Yes,DSL,Yes,Yes,Yes,Yes,No,No,Two year,Yes,Electronic check,49.13,2208.52,No
ZVSS-8109,Female,0,No,No,26,Yes,No,Fiber optic,No,No,Yes,Yes,No,Yes,One year,No,Mailed check,66.58,1739.14,No
XNSW-1787,Female,0,No,No,25,Yes,Yes,No,No internet service,No internet service,No internet service,No internet service,No internet service,No internet service,Month-to-month,No,Electronic check,25.37,630.29,No
HXNW-1745,Female,0,Yes,No,61,Yes,Yes,No,No internet service,No internet service,No internet service,No internet service,No internet service,No internet service,Month-to-month,No,Electronic check,23.37,1419.73,No
DQME-2839,Female,1,Yes,No,67,Yes,Yes,Fiber optic,No,No,No,Yes,No,Yes,Two year,No,Electronic check,90.73,6078.73,No
RTSS-4047,Female,1,Yes,No,71,Yes,Yes,No,No internet service,No internet service,No internet service,No internet service,No internet service,No internet service,Month-to-month,Yes,Bank transfer (automatic),20.23,1438.14,No
OZLY-0115,Female,0,Yes,No,11,Yes,No,DSL,Yes,No,Yes,No,Yes,No,Month-to-month,Yes,Electronic check,58.84,638.57,No
AQRO-3132,Male,0,No,Yes,51,Yes,No,No,No internet service,No internet service,No internet service,No internet service,No internet service,No internet service,Month-to-month,Yes,Bank transfer (automatic),24.56,1255.44,Yes
SYHL-9804,Female,0,No,Yes,36,Yes,No,No,No internet service,No internet service,No internet service,No internet service,No internet service,No internet service,One year,No,Mailed check,23.41,849.1,No
TKIN-2479,Male,0,Yes,No,24,Yes,No,Fiber optic,No,No,Yes,No,Yes,Yes,Month-to-month,Yes,Bank transfer (automatic),103.87,2496.26,Yes
UIRF-4867,Female,0,No,Yes,38,Yes,No,Fiber optic,No,No,No,Yes,No,Yes,Two year,No,Electronic check,62.24,2365.15,No
WJZE-4318,Male,0,No,Yes,66,Yes,Yes,DSL,Yes,No,No,No,Yes,No,Month-to-month,Yes,Electronic check,55.36,3661.51,Yes
JJJZ-2227,Female,0,No,No,18,Yes,No,No,No internet service,No internet service,No internet service,No internet service,No internet service,No internet service,One year,No,Bank transfer (automatic),19.69,358.72,No
VALO-2315,Male,0,No,Yes,70,Yes,No,Fiber optic,Yes,No,Yes,Yes,No,No,Month-to-month,No,Bank transfer (automatic),95.54,6690.32,No
JQQH-3068,Male,0,No,No,23,Yes,Yes,No,No internet service,No internet service,No internet service,No internet service,No internet service,No internet service,Month-to-month,Yes,Bank transfer (automatic),21.23,485.28,No
JGAQ-0762,Female,0,No,No,50,Yes,Yes,DSL,No,Yes,No,Yes,No,No,One year,Yes,Electronic check,35.69,1787.8,No
SLSR-3682,Female,0,No,No,44,Yes,Yes,DSL,No,No,Yes,Yes,No,No,Month-to-month,Yes,Credit card (automatic),41.73,1824.42,No
ZWLT-0472,Female,0,Yes,No,7,Yes,Yes,Fiber optic,No,No,No,No,Yes,Yes,Month-to-month,Yes,Bank transfer (automatic),57.48,407.9,No
ZDOS-9797,Female,0,Yes,No,71,Yes,Yes,No,No internet service,No internet service,No internet service,No internet service,No internet service,No internet service,Two year,No,Credit card (automatic),22.3,1582.76,No
NTKB-2231,Male,0,No,Yes,44,Yes,No,DSL,No,No,Yes,Yes,Yes,No,Month-to-month,No,Mailed check,31.36,1373.06,No
RSLA-7520,Female,0,Yes,No,1,No,No phone service,Fiber optic,No,No,No,Yes,No,Yes,Month-to-month,Yes,Electronic check,72.67,70.34,Yes
CACD-5668,Female,0,Yes,No,29,Yes,Yes,No,No internet service,No internet service,No internet service,No internet service,No internet service,No internet service,Month-to-month,No,Electronic check,22.04,635.95,Yes
HMDF-0751,Male,0,Yes,Yes,66,Yes,Yes,DSL,Yes,Yes,Yes,Yes,No,Yes,Month-to-month,Yes,Electronic check,27.08,1786.81,No
HTID-0694,Female,0,No,No,44,Yes,No,DSL,No,Yes,Yes,Yes,No,No,Two year,No,Credit card (automatic),56.98,2498.54,No
JLUT-5026,Female,0,No,No,25,No,No phone service,Fiber optic,No,No,No,No,Yes,No,Month-to-month,No,Bank transfer (automatic),91.95,2300.73,Yes
KXLI-0311,Male,0,Yes,Yes,16,Yes,No,No,No internet service,No internet service,No internet service,No internet service,No internet service,No internet service,Month-to-month,Yes,Mailed check,26.71,423.53,No
QUBD-8279,Female,0,Yes,No,37,Yes,No,Fiber optic,Yes,No,No,No,No,No,Month-to-month,Yes,Electronic check,72.3,2676.57,No
MVZU-1278,Female,0,No,No,66,Yes,No,DSL,Yes,Yes,No,No,No,No,Two year,Yes,Electronic check,43.86,2898.75,No
KWAP-5659,Male,0,Yes,Yes,56,Yes,Yes,No,No internet service,No internet service,No internet service,No internet service,No internet service,No internet service,Two year,Yes,Bank transfer (automatic),23.93,1347.77,No
BYCF-5735,Female,0,Yes,Yes,32,Yes,No,Fiber optic,Yes,Yes,Yes,Yes,Yes,No,One year,Yes,Electronic check,66.06,2112.02,No
AILY-6024,Female,0,Yes,No,71,Yes,No,Fiber optic,No,Yes,Yes,Yes,No,No,One year,No,Bank transfer (automatic),89.89,6389.08,No
DEWY-0422,Female,0,No,No,63,Yes,No,Fiber optic,Yes,No,No,No,Yes,No,Month-to-month,Yes,Mailed check,75.75,4770.09,No
KBVN-5206,Male,0,No,Yes,22,No,No phone service,Fiber optic,No,Yes,No,No,No,Yes,Month-to-month,No,Bank transfer (automatic),63.38,1389.18,No
BXSA-9840,Female,0,Yes,No,11,Yes,Yes,DSL,No,Yes,No,No,No,Yes,Month-to-month,No,Mailed check,54.33,596.59,No
JFZC-3745,Male,0,Yes,No,7,Yes,No,No,No internet service,No internet service,No internet service,No internet service,No internet service,No internet service,Month-to-month,Yes,Electronic check,24.54,175.3,No
ZTFC-9050,Male,0,No,No,72,Yes,No,DSL,Yes,Yes,Yes,No,No,Yes,Month-to-month,Yes,Electronic check,35.25,2538.03,Yes
JLSH-6799,Female,0,No,No,71,Yes,No,No,No internet service,No internet service,No internet service,No internet service,No internet service,No internet service,Month-to-month,No,Credit card (automatic),29.78,2119.24,No
RJGD-0249,Male,0,No,No,37,Yes,No,DSL,Yes,No,Yes,No,No,No,Month-to-month,Yes,Electronic check,55.64,2060.0,No
HBBX-8901,Female,1,No,Yes,32,Yes,No,DSL,Yes,Yes,No,No,No,Yes,Two year,Yes,Electronic check,47.54,1518.22,No
DSAD-1940,Female,0,No,Yes,47,Yes,No,No,No internet service,No internet service,No internet service,No internet service,No internet service,No internet service,Month-to-month,No,Electronic check,28.99,1358.02,No
NPXZ-1223,Female,0,No,Yes,44,Yes,No,DSL,Yes,No,Yes,Yes,Yes,No,One year,Yes,Electronic check,65.06,2867.33,No
GMIC-0905,Male,1,No,No,22,Yes,Yes,No,No internet service,No internet service,No internet service,No internet service,No internet service,No internet service,Month-to-month,Yes,Mailed check,19.73,437.33,Yes
UJGG-2687,Female,0,No,No,42,Yes,No,DSL,No,Yes,No,Yes,Yes,No,One year,Yes,Mailed check,56.48,2368.3,No
CZEM-7169,Male,0,Yes,No,24,Yes,Yes,No,No internet service,No internet service,No internet service,No internet service,No internet service,No internet service,Month-to-month,Yes,Electronic check,29.71,707.01,No
JWKL-7070,Male,0,No,No,14,Yes,Yes,No,No internet service,No internet service,No internet service,No internet service,No internet service,No internet service,Two year,Yes,Mailed check,22.48,313.86,No
SPIT-9807,Male,0,No,No,9,Yes,No,Fiber optic,No,Yes,No,Yes,No,No,Month-to-month,Yes,Bank transfer (automatic),86.61,778.92,No
CKGR-6681,Female,0,Yes,Yes,19,Yes,No,DSL,No,Yes,Yes,No,No,No,Month-to-month,Yes,Electronic check,43.86,827.35,Yes
PXPU-9872,Male,1,No,No,15,Yes,No,DSL,No,Yes,Yes,No,No,Yes,Two year,Yes,Mailed check,41.94,629.16,No
CZXI-1271,Male,0,Yes,Yes,56,Yes,No,Fiber optic,No,Yes,Yes,Yes,Yes,Yes,Month-to-month,Yes,Electronic check,104.57,5852.86,No
HEFJ-3278,Male,0,No,No,45,Yes,No,DSL,Yes,No,No,Yes,Yes,Yes,Month-to-month,Yes,Bank transfer (automatic),74.09,3336.47,No
PPOX-8046,Male,1,Yes,Yes,0,Yes,No,Fiber optic,Yes,No,Yes,No,Yes,Yes,Two year,Yes,Credit card (automatic),65.0,0.0,No
HNRL-3640,Male,0,No,No,24,Yes,No,DSL,Yes,Yes,Yes,No,Yes,No,Two year,Yes,Credit card (automatic),25.77,620.12,No
MNBP-4502,Male,0,No,No,55,Yes,No,No,No internet service,No internet service,No internet service,No internet service,No internet service,No internet service,Month-to-month,No,Mailed check,19.82,1084.86,No
VVWJ-2062,Female,0,No,No,45,No,No phone service,Fiber optic,No,No,No,Yes,No,No,Month-to-month,No,Electronic check,87.14,3925.29,No
EDOQ-6305,Male,0,Yes,Yes,58,Yes,Yes,DSL,Yes,Yes,No,Yes,Yes,No,Month-to-month,Yes,Bank transfer (automatic),40.66,2356.92,No
DMTO-1029,Female,0,Yes,No,61,Yes,Yes,No,No internet service,No internet service,No internet service,No internet service,No internet service,No internet service,Month-to-month,Yes,Credit card (automatic),27.14,1662.54,No
ELYO-6373,Female,0,Yes,No,60,Yes,No,No,No internet service,No internet service,No internet service,No internet service,No internet service,No internet service,Month-to-month,Yes,Bank transfer (automatic),25.62,1535.67,Yes
VQFP-9410,Female,0,Yes,No,7,Yes,No,Fiber optic,No,Yes,Yes,Yes,No,No,Month-to-month,No,Electronic check,54.62,382.8,No
FKBY-8047,Male,0,Yes,Yes,40,Yes,No,Fiber optic,No,No,Yes,Yes,Yes,Yes,Two year,Yes,Electronic check,55.72,2227.03,No
DSEE-7510,Female,1,No,No,14,Yes,Yes,No,No internet service,No internet service,No internet service,No internet service,No internet service,No internet service,Month-to-month,Yes,Mailed check,27.26,372.51,Yes
CRDS-8439,Female,0,Yes,No,43,Yes,No,DSL,No,No,No,No,Yes,Yes,Month-to-month,Yes,Bank transfer (automatic),28.25,1223.39,No
IPTV-9013,Male,0,No,No,0,Yes,No,No,No internet service,No internet service,No internet service,No internet service,No internet service,No internet service,One year,Yes,Electronic check,29.83,0.0,No
IFFK-8326,Male,0,No,Yes,64,Yes,Yes,DSL,No,No,No,No,No,Yes,One year,Yes,Electronic check,35.89,2290.76,No
LOGY-5157,Female,0,Yes,No,33,Yes,Yes,Fiber optic,Yes,Yes,Yes,No,Yes,No,Month-to-month,No,Mailed check,51.13,1692.43,No
VIOP-3242,Female,0,Yes,No,3,Yes,Yes,Fiber optic,Yes,Yes,Yes,No,No,Yes,Month-to-month,No,Mailed check,68.84,207.61,No
BBDC-8659,Female,0,No,Yes,1,Yes,No,Fiber optic,No,No,No,Yes,No,No,Month-to-month,Yes,Electronic check,58.92,54.07,Yes
LXIS-9680,Male,0,Yes,No,38,Yes,No,Fiber optic,Yes,No,No,Yes,No,Yes,One year,No,Electronic check,85.39,3249.25,No
JYWJ-3555,Male,0,No,Yes,53,Yes,No,Fiber optic,Yes,Yes,No,No,No,No,Two year,Yes,Credit card (automatic),109.48,5798.25,No
OBUW-5247,Male,0,Yes,No,9,Yes,Yes,Fiber optic,No,No,No,No,No,No,One year,No,Bank transfer (automatic),54.8,481.86,No
KULZ-2821,Female,0,No,Yes,41,Yes,No,Fiber optic,No,Yes,No,No,No,Yes,Two year,Yes,Credit card (automatic),66.49,2724.79,No
FXFQ-7087,Male,0,Yes,No,44,Yes,Yes,No,No internet service,No internet service,No internet service,No internet service,No internet service,No internet service,Two year,Yes,Electronic check,21.76,956.02,No
VORM-8731,Male,0,No,No,25,Yes,No,No,No internet service,No internet service,No internet service,No internet service,No internet service,No internet service,Month-to-month,Yes,Electronic check,21.88,554.52,No
MNOF-0605,Male,0,Yes,No,26,Yes,Yes,DSL,Yes,No,Yes,Yes,Yes,No,Month-to-month,Yes,Mailed check,51.43,1341.01,No
ELZC-5353,Female,0,No,Yes,38,Yes,No,Fiber optic,Yes,No,No,Yes,Yes,Yes,Month-to-month,Yes,Bank transfer (automatic),103.61,3934.06,No
OQEX-5983,Male,1,Yes,No,24,Yes,No,Fiber optic,Yes,No,Yes,No,No,Yes,Month-to-month,Yes,Mailed check,83.75,2007.94,Yes
ZIHC-5308,Female,0,Yes,Yes,28,No,No phone service,DSL,No,Yes,No,No,Yes,No,Month-to-month,Yes,Electronic check,41.88,1174.95,No
TECD-8672,Female,0,Yes,Yes,21,Yes,No,No,No internet service,No internet service,No internet service,No internet service,No internet service,No internet service,Month-to-month,Yes,Bank transfer (automatic),23.35,486.88,Yes
OSPW-7402,Male,0,Yes,No,59,Yes,Yes,DSL,No,No,No,No,No,No,Month-to-month,Yes,Credit card (automatic),44.69,2631.48,No
ECQG-0955,Male,0,No,No,51,Yes,Yes,Fiber optic,No,Yes,No,Yes,Yes,No,Two year,Yes,Credit card (automatic),105.73,5388.42,No
NWLK-0281,Male,0,Yes,Yes,20,No,No phone service,Fiber optic,No,No,Yes,No,No,No,Month-to-month,Yes,Electronic check,73.02,1462.17,Yes
NECL-4602,Female,0,Yes,No,7,Yes,No,Fiber optic,Yes,No,No,No,No,Yes,One year,No,Credit card (automatic),67.28,480.25,No
KMVW-9235,Female,0,Yes,No,65,Yes,Yes,DSL,No,Yes,No,Yes,No,No,Month-to-month,Yes,Bank transfer (automatic),27.57,1793.11,No
EKIM-0407,Female,0,Yes,No,17,Yes,Yes,DSL,No,No,Yes,No,Yes,No,Two year,No,Bank transfer (automatic),37.84,638.42,No
WEVP-3821,Female,0,Yes,Yes,14,Yes,No,No,No internet service,No internet service,No internet service,No internet service,No internet service,No internet service,Month-to-month,Yes,Credit card (automatic),23.68,328.96,No
WBMP-5722,Male,0,No,No,2,Yes,No,Fiber optic,No,Yes,Yes,Yes,No,No,Month-to-month,Yes,Electronic check,83.35,160.27,Yes
SQIU-8460,Male,0,Yes,Yes,58,Yes,No,Fiber optic,No,Yes,Yes,Yes,Yes,No,Month-to-month,No,Credit card (automatic),50.07,2904.19,No
YADW-8059,Female,0,Yes,Yes,54,Yes,No,Fiber optic,No,No,Yes,No,No,No,One year,Yes,Credit card (automatic),54.22,2918.17,No
KOEC-9101,Female,0,No,Yes,31,Yes,No,DSL,Yes,Yes,Yes,Yes,Yes,No,Month-to-month,Yes,Credit card (automatic),28.02,876.42,No
TFLU-3763,Female,0,Yes,No,10,Yes,No,No,No internet service,No internet service,No internet service,No internet service,No internet service,No internet service,One year,Yes,Mailed check,28.93,287.99,No
ZMEL-9428,Female,0,Yes,Yes,52,Yes,Yes,No,No internet service,No internet service,No internet service,No internet service,No internet service,No internet service,Month-to-month,Yes,Electronic check,23.41,1216.97,No
KEMJ-1334,Male,0,No,Yes,28,Yes,No,DSL,No,No,Yes,Yes,Yes,No,Month-to-month,No,Mailed check,49.11,1371.03,No
HEAR-2295,Male,0,No,Yes,66,Yes,No,Fiber optic,No,No,No,No,No,No,Two year,No,Credit card (automatic),72.98,4820.88,No
IZAV-8392,Male,0,No,No,3,Yes,No,DSL,No,Yes,Yes,No,No,No,Month-to-month,Yes,Mailed check,68.5,215.5,No
MFFR-4088,Male,0,No,No,8,Yes,No,Fiber optic,No,No,No,Yes,Yes,No,Month-to-month,Yes,Electronic check,63.5,520.81,No
CECW-0456,Female,0,No,No,56,Yes,Yes,DSL,Yes,No,Yes,Yes,Yes,Yes,Two year,Yes,Credit card (automatic),37.33,2096.75,No
CWTJ-5435,Female,0,Yes,No,37,Yes,No,Fiber optic,Yes,Yes,No,No,No,Yes,Month-to-month,Yes,Electronic check,104.48,3851.83,No
MLSS-4483,Male,0,Yes,No,6,Yes,No,DSL,Yes,No,No,No,No,No,One year,Yes,Credit card (automatic),65.5,389.55,No
UIDO-2667,Male,0,No,No,64,Yes,No,Fiber optic,Yes,Yes,Yes,No,Yes,Yes,Month-to-month,No,Electronic check,96.99,6213.36,No
TTNN-8962,Male,0,No,No,34,Yes,Yes,DSL,Yes,Yes,Yes,No,No,No,Month-to-month,No,Electronic check,54.37,1849.87,Yes
IUDQ-8516,Male,0,Yes,No,46,No,No phone service,DSL,Yes,No,Yes,Yes,No,No,Month-to-month,No,Credit card (automatic),72.16,3319.84,No
CFXC-4509,Male,0,Yes,Yes,33,Yes,No,DSL,No,No,Yes,Yes,Yes,No,Month-to-month,Yes,Electronic check,33.34,1108.81,Yes
GDJG-6477,Male,1,No,Yes,62,Yes,Yes,Fiber optic,No,No,Yes,Yes,No,Yes,Two year,No,Mailed check,56.94,3526.3,No
EEGV-3172,Female,0,No,No,8,Yes,No,Fiber optic,Yes,Yes,Yes,No,No,No,Month-to-month,No,Mailed check,105.09,839.57,Yes
BPLO-9695,Female,0,No,No,71,Yes,Yes,Fiber optic,No,No,No,Yes,No,Yes,Month-to-month,Yes,Bank transfer (automatic),103.52,7347.82,No
XMFW-1915,Male,0,No,Yes,18,Yes,No,Fiber optic,Yes,Yes,No,No,No,Yes,One year,Yes,Electronic check,59.5,1058.13,No
YSZN-7455,Male,0,Yes,No,25,Yes,No,Fiber optic,No,No,Yes,Yes,Yes,Yes,Month-to-month,Yes,Bank transfer (automatic),88.16,2195.32,Yes
ZSKP-4019,Female,1,Yes,Yes,45,Yes,No,No,No internet service,No internet service,No internet service,No internet service,No internet service,No internet service,Month-to-month,No,Mailed check,28.36,1279.55,Yes
OSTY-0225,Female,1,Yes,No,55,Yes,No,No,No internet service,No internet service,No internet service,No internet service,No internet service,No internet service,Month-to-month,No,Credit card (automatic),27.07,1493.29,No
UCDG-2871,Male,0,No,No,9,Yes,Yes,DSL,Yes,No,No,No,No,No,Month-to-month,No,Bank transfer (automatic),62.51,562.35,No
UNTE-2907,Female,0,No,No,42,No,No phone service,Fiber optic,No,Yes,No,No,Yes,Yes,Two year,Yes,Electronic check,88.66,3722.38,No
IHTB-3898,Female,0,No,No,29,Yes,No,DSL,Yes,Yes,Yes,No,Yes,Yes,One year,No,Mailed check,65.63,1909.43,No
UEZC-5698,Female,0,Yes,No,39,Yes,No,Fiber optic,Yes,Yes,Yes,No,No,No,One year,Yes,Credit card (automatic),60.22,2346.63,No
WSLM-6013,Female,1,No,Yes,54,Yes,No,Fiber optic,Yes,No,No,Yes,Yes,No,Two year,No,Electronic check,94.25,5089.33,No
WIUH-6422,Female,0,No,No,57,Yes,No,DSL,Yes,No,No,No,Yes,Yes,Month-to-month,No,Electronic check,57.62,3277.7,No
MFZK-3232,Female,1,No,No,30,Yes,No,DSL,No,No,No,Yes,Yes,Yes,Two year,No,Credit card (automatic),26.24,788.59,No
MOLO-9563,Female,0,No,No,71,Yes,Yes,Fiber optic,No,Yes,No,No,No,Yes,Two year,Yes,Credit card (automatic),93.88,6666.18,No
SSCP-8227,Female,0,Yes,No,46,Yes,No,Fiber optic,No,No,Yes,Yes,No,No,Month-to-month,Yes,Electronic check,106.33,4891.78,No
TGSX-2404,Female,0,No,No,36,Yes,Yes,Fiber optic,Yes,Yes,No,No,No,No,Two year,Yes,Mailed check,65.46,2363.36,No
FGBR-8901,Female,0,No,No,56,Yes,Yes,DSL,Yes,No,Yes,Yes,Yes,No,Month-to-month,Yes,Credit card (automatic),60.49,3389.45,No
ROZW-5862,Male,0,Yes,No,56,Yes,No,Fiber optic,Yes,Yes,No,No,No,No,Two year,Yes,Electronic check,78.07,,No
SAXQ-1603,Male,0,No,No,2,Yes,Yes,No,No internet service,No internet service,No internet service,No internet service,No internet service,No internet service,Month-to-month,No,Mailed check,26.52,62.36,Yes
YHOK-7243,Female,0,Yes,No,28,Yes,No,DSL,No,Yes,Yes,No,Yes,No,Two year,No,Electronic check,57.61,1616.15,No
LHWW-9960,Male,0,No,No,44,Yes,Yes,DSL,No,Yes,Yes,No,No,Yes,Month-to-month,No,Credit card (automatic),51.79,2281.91,Yes
MGTC-4178,Male,0,Yes,No,72,No,No phone service,No,No internet service,No internet service,No internet service,No internet service,No internet service,No internet service,One year,No,Mailed check,23.19,1662.45,No
UCPJ-6092,Female,0,No,Yes,1,Yes,Yes,No,No internet service,No internet service,No internet service,No internet service,No internet service,No internet service,Month-to-month,No,Credit card (automatic),26.4,20.81,No
YBNI-0395,Male,1,Yes,No,14,No,No phone service,Fiber optic,Yes,No,Yes,No,No,No,Month-to-month,No,Electronic check,96.62,1352.8,No
OMWS-8347,Female,0,No,Yes,17,Yes,Yes,Fiber optic,No,Yes,Yes,No,Yes,Yes,Month-to-month,No,Electronic check,84.03,1427.85,Yes
ONCX-0797,Male,0,No,Yes,28,Yes,Yes,DSL,No,Yes,No,No,No,Yes,Month-to-month,Yes,Electronic check,32.31,899.97,No
VUIV-0505,Male,0,Yes,No,39,Yes,Yes,DSL,Yes,Yes,No,No,Yes,Yes,Month-to-month,No,Electronic check,35.64,1388.49,No
SVMF-0871,Male,0,No,Yes,2,Yes,Yes,DSL,No,Yes,Yes,Yes,No,No,Month-to-month,No,Credit card (automatic),53.89,101.64,No
BUZB-0149,Female,0,Yes,Yes,57,Yes,No,Fiber optic,No,Yes,No,No,Yes,No,Two year,Yes,Bank transfer (automatic),57.1,3255.66,No
GUQP-6561,Male,0,No,Yes,70,No,No phone service,Fiber optic,No,Yes,No,No,No,Yes,Month-to-month,No,Credit card (automatic),82.68,5793.92,No
ENHL-6550,Female,0,No,No,37,Yes,No,DSL,No,Yes,No,No,No,Yes,Two year,Yes,Mailed check,53.64,1986.78,No
PAGC-5425,Male,0,Yes,No,28,Yes,No,DSL,No,No,Yes,No,Yes,No,Month-to-month,No,Credit card (automatic),67.14,1877.16,No
CHNW-8409,Male,1,No,No,30,Yes,No,Fiber optic,No,No,No,No,Yes,Yes,Month-to-month,Yes,Electronic check,83.49,2510.1,No
HRFQ-5349,Female,1,No,No,64,Yes,Yes,DSL,No,No,Yes,No,No,Yes,Month-to-month,Yes,Electronic check,69.84,4475.47,No
WMVA-8558,Male,0,Yes,No,42,Yes,No,No,No internet service,No internet service,No internet service,No internet service,No internet service,No internet service,Month-to-month,Yes,Mailed check,25.98,1091.05,No
ZEKV-5684,Female,0,No,No,26,No,No phone service,Fiber optic,No,Yes,Yes,Yes,No,No,Month-to-month,Yes,Electronic check,109.47,2836.38,Yes
UDZT-7197,Female,1,Yes,No,26,Yes,No,No,No internet service,No internet service,No internet service,No internet service,No internet service,No internet service,Two year,Yes,Electronic check,23.74,615.98,No
BQJM-8753,Female,0,No,Yes,68,Yes,No,Fiber optic,Yes,Yes,Yes,No,No,No,One year,Yes,Mailed check,86.82,5903.42,No
RXCZ-3437,Female,1,Yes,Yes,2,Yes,No,DSL,No,Yes,No,No,Yes,No,Two year,Yes,Electronic check,49.93,86.45,Yes
YNNP-0130,Male,0,Yes,No,28,Yes,No,No,No internet service,No internet service,No internet service,No internet service,No internet service,No internet service,Month-to-month,No,Credit card (automatic),25.9,717.37,No
KFOL-4652,Female,0,No,No,12,Yes,No,DSL,No,Yes,Yes,Yes,No,No,Two year,Yes,Credit card (automatic),69.84,836.09,No
ECYR-5896,Female,0,No,No,59,Yes,No,No,No internet service,No internet service,No internet service,No internet service,No internet service,No internet service,Month-to-month,No,Bank transfer (automatic),27.82,1645.03,No
URBT-9179,Female,0,Yes,No,66,Yes,Yes,Fiber optic,No,Yes,No,No,Yes,No,Month-to-month,Yes,Electronic check,62.66,4131.85,No
WGCW-7400,Male,1,No,No,69,Yes,Yes,Fiber optic,No,No,No,Yes,No,No,Month-to-month,No,Bank transfer (automatic),87.26,6016.35,No
LKPD-1623,Male,0,No,No,46,Yes,No,DSL,Yes,Yes,Yes,Yes,Yes,No,Two year,No,Electronic check,40.1,1848.86,No
YRLX-0235,Female,0,Yes,No,67,Yes,Yes,Fiber optic,Yes,Yes,Yes,No,No,Yes,Two year,Yes,Bank transfer (automatic),98.64,6603.99,No
QHRP-4572,Male,0,No,No,32,Yes,Yes,Fiber optic,Yes,Yes,Yes,Yes,Yes,Yes,One year,Yes,Credit card (automatic),62.48,1995.56,No
YUHD-8742,Male,0,No,Yes,5,Yes,Yes,Fiber optic,No,Yes,Yes,Yes,Yes,No,Month-to-month,Yes,Bank transfer (automatic),101.1,494.07,No
AUUD-9972,Female,0,No,No,63,No,No phone service,Fiber optic,Yes,Yes,No,No,Yes,Yes,Two year,Yes,Credit card (automatic),81.34,5118.9,No
LZIC-3589,Female,0,No,No,70,Yes,No,Fiber optic,Yes,No,Yes,No,No,No,One year,Yes,Bank transfer (automatic),98.73,6907.41,No
BBRU-5221,Male,0,Yes,Yes,69,Yes,No,DSL,Yes,Yes,No,Yes,No,No,Month-to-month,No,Bank transfer (automatic),30.03,2070.5,No
FAYO-9315,Male,0,No,Yes,50,Yes,No,Fiber optic,Yes,Yes,No,Yes,No,No,Two year,Yes,Mailed check,91.63,4579.53,No
ESCU-3410,Male,0,No,No,66,Yes,No,DSL,No,Yes,Yes,Yes,Yes,No,Month-to-month,Yes,Bank transfer (automatic),49.24,3255.45,Yes
UKAS-7780,Male,0,Yes,No,21,Yes,No,DSL,Yes,No,No,Yes,No,No,Month-to-month,Yes,Electronic check,54.81,1148.89,No
TFGU-6979,Female,0,Yes,No,71,Yes,No,No,No internet service,No internet service,No internet service,No internet service,No internet service,No internet service,Two year,Yes,Electronic check,28.79,2040.59,No
VKTQ-4999,Male,0,No,Yes,23,Yes,Yes,Fiber optic,No,No,No,No,No,No,Month-to-month,No,Electronic check,63.63,1466.57,No
TETI-2296,Male,0,Yes,Yes,64,Yes,Yes,No,No internet service,No internet service,No internet service,No internet service,No internet service,No internet service,Month-to-month,No,Mailed check,29.75,1898.64,No
BYHL-5823,Male,0,Yes,No,52,Yes,No,Fiber optic,No,Yes,No,No,No,Yes,One year,Yes,Credit card (automatic),56.98,2956.26,No
WQMA-0752,Female,0,No,No,40,Yes,No,No,No internet service,No internet service,No internet service,No internet service,No internet service,No internet service,Month-to-month,Yes,Credit card (automatic),19.29,774.3,No
PJGV-4230,Male,0,Yes,No,31,Yes,Yes,Fiber optic,No,Yes,No,Yes,Yes,Yes,One year,Yes,Credit card (automatic),87.58,2718.48,No
YERL-8672,Female,0,No,Yes,68,Yes,No,Fiber optic,No,No,Yes,Yes,Yes,No,Two year,No,Electronic check,103.58,7039.09,No
PGAF-9595,Female,0,Yes,Yes,70,Yes,Yes,DSL,No,No,Yes,No,Yes,Yes,Month-to-month,Yes,Credit card (automatic),42.13,2952.82,No
SFNC-9863,Female,0,No,Yes,44,Yes,No,DSL,No,No,No,Yes,Yes,No,Month-to-month,Yes,Credit card (automatic),38.99,1711.99,No
SVOI-2753,Male,1,Yes,No,31,Yes,No,No,No internet service,No internet service,No internet service,No internet service,No internet service,No internet service,Month-to-month,No,Mailed check,20.91,646.09,Yes
ESNR-8254,Male,0,Yes,No,27,Yes,Yes,Fiber optic,Yes,Yes,No,Yes,Yes,Yes,Month-to-month,Yes,Mailed check,53.21,1424.8,No
ZKXE-7495,Female,0,No,No,13,Yes,Yes,Fiber optic,No,Yes,No,No,No,Yes,Two year,Yes,Bank transfer (automatic),84.66,1106.78,No
ERZJ-5622,Male,0,No,No,12,Yes,No,DSL,Yes,No,Yes,Yes,No,Yes,One year,Yes,Bank transfer (automatic),72.11,871.61,No
LWOK-9318,Female,0,No,No,49,Yes,Yes,No,No internet service,No internet service,No internet service,No internet service,No internet service,No internet service,Month-to-month,No,Bank transfer (automatic),21.17,1038.29,No
NYFN-1244,Female,0,No,No,39,No,No phone service,Fiber optic,No,No,No,Yes,Yes,Yes,One year,No,Electronic check,70.95,2772.0,No
YZSR-9768,Male,0,No,Yes,0,No,No phone service,No,No internet service,No internet service,No internet service,No internet service,No internet service,No internet service,Month-to-month,Yes,Credit card (automatic),29.86,0.0,Yes
CFUU-9700,Female,0,Yes,No,46,Yes,Yes,DSL,No,Yes,No,Yes,No,Yes,Month-to-month,Yes,Bank transfer (automatic),32.47,1496.82,No
CRRB-3098,Female,0,No,No,29,Yes,No,Fiber optic,No,No,No,No,No,No,Month-to-month,No,Electronic check,62.31,1809.3,No
EEIN-4700,Male,0,No,No,33,Yes,No,DSL,No,No,No,Yes,No,No,Month-to-month,No,Mailed check,38.03,1251.57,No
THCQ-8888,Female,0,Yes,No,45,Yes,No,Fiber optic,No,No,No,Yes,No,No,Month-to-month,No,Mailed check,89.04,4006.04,No
RNKP-3162,Male,0,No,No,0,Yes,No,DSL,Yes,No,Yes,No,No,No,Two year,Yes,Credit card (automatic),61.72,0.0,No
YWXI-7680,Male,0,No,No,33,Yes,Yes,DSL,No,Yes,Yes,No,No,Yes,Month-to-month,No,Mailed check,25.0,818.66,No
KDDE-7905,Female,0,Yes,Yes,58,No,No phone service,Fiber optic,No,No,No,Yes,No,No,Two year,No,Electronic check,104.02,6026.01,No
IJHO-1641,Female,0,Yes,No,6,Yes,No,DSL,Yes,No,No,No,Yes,Yes,Two year,Yes,Credit card (automatic),28.29,167.39,No
ABJF-7241,Male,0,Yes,Yes,64,Yes,Yes,DSL,Yes,No,Yes,No,Yes,Yes,One year,No,Electronic check,37.53,2406.21,No
PHDK-9527,Female,0,No,No,41,Yes,Yes,Fiber optic,No,Yes,Yes,No,Yes,No,One year,Yes,Bank transfer (automatic),103.77,4246.3,No
PXCY-9498,Male,0,No,No,18,Yes,Yes,Fiber optic,No,Yes,Yes,No,No,No,Two year,Yes,Mailed check,74.37,1338.79,No
GOOJ-2591,Female,0,No,No,12,Yes,No,No,No internet service,No internet service,No internet service,No internet service,No internet service,No internet service,Month-to-month,Yes,Electronic check,20.24,240.97,Yes
VEPM-2635,Male,0,No,No,22,Yes,No,DSL,Yes,No,Yes,Yes,Yes,Yes,One year,Yes,Mailed check,34.56,761.86,No
YVDO-9183,Female,0,Yes,Yes,65,Yes,No,DSL,Yes,Yes,No,Yes,Yes,Yes,Two year,No,Electronic check,40.13,2598.73,No
DPRE-5952,Male,0,No,No,2,Yes,Yes,No,No internet service,No internet service,No internet service,No internet service,No internet service,No internet service,Two year,No,Mailed check,23.18,43.87,Yes
LOIG-2367,Female,0,No,No,35,No,No phone service,No,No internet service,No internet service,No internet service,No internet service,No internet service,No internet service,Two year,Yes,Credit card (automatic),19.33,672.17,Yes
VDLR-9708,Female,0,No,Yes,48,Yes,No,DSL,No,No,No,No,No,Yes,Month-to-month,No,Bank transfer (automatic),73.19,3524.58,No
XCZD-9319,Male,0,No,No,71,No,No phone service,Fiber optic,No,No,No,No,No,Yes,One year,Yes,Bank transfer (automatic),73.74,5238.74,No
ELCL-0160,Male,1,No,No,71,Yes,No,DSL,No,No,Yes,Yes,No,No,Two year,No,Mailed check,73.03,5186.38,No
MMBJ-6067,Female,0,Yes,Yes,56,Yes,No,No,No internet service,No internet service,No internet service,No internet service,No internet service,No internet service,Month-to-month,No,Electronic check,25.59,1432.81,No
BTGQ-5457,Female,0,Yes,No,63,Yes,No,Fiber optic,No,Yes,No,Yes,Yes,Yes,One year,Yes,Bank transfer (automatic),62.45,3930.01,No
KKQS-8739,Female,0,Yes,Yes,10,Yes,Yes,Fiber optic,No,No,Yes,No,Yes,No,Month-to-month,No,Credit card (automatic),64.82,651.63,No
YGBQ-0291,Female,1,No,No,40,Yes,No,No,No internet service,No internet service,No internet service,No internet service,No internet service,No internet service,Two year,No,Electronic check,22.45,895.29,Yes
TNON-7445,Male,1,Yes,No,5,Yes,No,DSL,No,Yes,Yes,Yes,Yes,No,Month-to-month,Yes,Credit card (automatic),59.75,298.21,No
MPOE-4659,Female,0,No,Yes,44,Yes,Yes,DSL,Yes,No,No,Yes,Yes,Yes,Month-to-month,No,Electronic check,54.46,2394.15,No
BMQA-3158,Female,0,Yes,Yes,56,Yes,Yes,Fiber optic,Yes,No,Yes,No,No,No,One year,No,Mailed check,102.4,5740.32,No
ZZXT-1069,Male,0,No,No,32,Yes,Yes,Fiber optic,No,No,No,Yes,No,No,Month-to-month,No,Bank transfer (automatic),77.56,2483.56,Yes
SVEU-1839,Female,0,No,No,60,Yes,No,DSL,No,Yes,No,No,Yes,No,Month-to-month,Yes,Bank transfer (automatic),51.99,3123.55,No
ABIW-9163,Male,0,No,No,17,Yes,No,DSL,No,No,No,No,No,No,Month-to-month,No,Credit card (automatic),33.81,582.38,Yes
ZBLT-4325,Female,0,Yes,No,6,Yes,Yes,No,No internet service,No internet service,No internet service,No internet service,No internet service,No internet service,One year,No,Bank transfer (automatic),22.68,136.62,No
QHLU-7933,Male,0,Yes,No,28,Yes,No,No,No internet service,No internet service,No internet service,No internet service,No internet service,No internet service,Month-to-month,Yes,Mailed check,22.92,644.99,No
EUFE-4751,Male,0,Yes,No,68,Yes,No,DSL,Yes,No,Yes,No,No,Yes,Month-to-month,No,Mailed check,46.79,3172.41,No
DDEO-5457,Female,0,Yes,Yes,15,Yes,No,No,No internet service,No internet service,No internet service,No internet service,No internet service,No internet service,Month-to-month,Yes,Electronic check,29.72,443.71,No
DKSY-2794,Male,0,No,No,68,Yes,No,Fiber optic,No,Yes,No,Yes,Yes,No,Two year,Yes,Credit card (automatic),97.56,6627.52,No
PYCZ-9766,Female,1,Yes,No,28,Yes,No,Fiber optic,No,No,Yes,Yes,Yes,Yes,Two year,No,Mailed check,104.8,2937.17,Yes
NJIL-7255,Male,0,Yes,No,28,Yes,Yes,Fiber optic,No,Yes,No,No,No,Yes,Two year,No,Bank transfer (automatic),100.92,2825.15,No
USYG-3540,Male,0,No,No,15,Yes,No,Fiber optic,Yes,No,Yes,Yes,No,No,One year,No,Electronic check,95.59,1433.63,No
RQII-4793,Male,0,Yes,No,3,Yes,No,Fiber optic,Yes,No,No,No,Yes,Yes,Month-to-month,No,Bank transfer (automatic),51.52,162.85,No
QMDW-1158,Female,0,Yes,No,64,Yes,No,DSL,No,No,Yes,Yes,Yes,No,Two year,Yes,Credit card (automatic),52.0,3324.42,No
CGZO-8831,Female,0,No,Yes,71,Yes,Yes,DSL,No,No,No,Yes,No,No,Month-to-month,Yes,Electronic check,33.76,2393.74,No
QVUF-6899,Male,0,No,No,0,Yes,No,Fiber optic,No,No,No,Yes,Yes,No,Month-to-month,Yes,Bank transfer (automatic),55.18,0.0,No
FFSH-8056,Female,0,No,No,2,Yes,No,Fiber optic,No,No,Yes,No,Yes,Yes,Month-to-month,Yes,Electronic check,108.12,220.96,No
HOLJ-7678,Male,0,Yes,No,63,No,No phone service,Fiber optic,No,No,No,No,No,No,Two year,Yes,Bank transfer (automatic),92.52,5819.95,No
ZGOO-2807,Male,0,Yes,No,65,Yes,No,Fiber optic,No,No,No,No,No,Yes,One year,Yes,Electronic check,80.1,5199.27,No
VKCI-5610,Female,1,No,Yes,56,Yes,Yes,Fiber optic,Yes,Yes,Yes,No,No,Yes,Month-to-month,No,Credit card (automatic),97.41,5460.73,Yes
QCSX-6970,Male,0,Yes,No,17,Yes,No,Fiber optic,Yes,No,Yes,Yes,Yes,Yes,Two year,Yes,Bank transfer (automatic),108.15,1844.2,No
DHZB-6786,Female,0,Yes,Yes,38,Yes,Yes,Fiber optic,Yes,Yes,No,No,No,No,Month-to-month,Yes,Electronic check,48.81,1845.11,No
IRQA-3067,Male,0,No,Yes,6,Yes,Yes,DSL,No,No,Yes,No,No,Yes,One year,No,Electronic check,37.32,224.46,Yes
CASB-5684,Female,1,No,No,54,Yes,No,No,No internet service,No internet service,No internet service,No internet service,No internet service,No internet service,Two year,Yes,Mailed check,20.27,1084.26,No
DAKP-5730,Male,0,No,No,16,Yes,No,No,No internet service,No internet service,No internet service,No internet service,No internet service,No internet service,Two year,Yes,Credit card (automatic),28.56,457.85,No
NUZU-1598,Male,0,No,No,67,Yes,No,Fiber optic,No,Yes,Yes,Yes,Yes,No,One year,Yes,Mailed check,83.34,5581.94,No
NVHZ-2913,Male,0,Yes,No,35,Yes,No,Fiber optic,No,No,No,Yes,No,No,Two year,No,Bank transfer (automatic),103.16,3610.39,No
IISM-0033,Male,0,No,No,0,Yes,No,Fiber optic,No,No,Yes,No,Yes,No,Month-to-month,No,Electronic check,83.67,0.0,No
PPOZ-5459,Male,1,No,No,34,Yes,Yes,Fiber optic,Yes,No,No,No,No,Yes,Month-to-month,Yes,Mailed check,57.84,1966.3,No
GGJJ-8571,Female,0,Yes,No,16,Yes,No,Fiber optic,Yes,No,No,Yes,Yes,No,Month-to-month,No,Credit card (automatic),52.94,839.07,No
HYTO-4414,Female,0,No,No,27,Yes,Yes,Fiber optic,Yes,Yes,Yes,No,No,Yes,Month-to-month,Yes,Mailed check,61.02,1648.72,Yes
YDJS-6795,Male,0,Yes,No,31,Yes,No,Fiber optic,Yes,No,No,No,Yes,Yes,Two year,Yes,Credit card (automatic),70.25,2173.71,No
FMUK-5819,Male,0,Yes,No,54,Yes,Yes,No,No internet service,No internet service,No internet service,No internet service,No internet service,No internet service,Month-to-month,Yes,Bank transfer (automatic),29.39,1578.15,No
OSQT-1507,Female,0,No,No,34,Yes,Yes,DSL,No,Yes,No,No,Yes,Yes,One year,No,Bank transfer (automatic),68.24,2327.33,No
ZVIL-5964,Female,0,No,Yes,18,Yes,No,DSL,No,No,No,Yes,No,No,One year,Yes,Credit card (automatic),65.64,1178.68,No
NXHZ-8508,Male,0,Yes,No,3,Yes,No,No,No internet service,No internet service,No internet service,No internet service,No internet service,No internet service,One year,No,Electronic check,19.22,60.1,No
CYGL-2866,Male,0,Yes,No,20,Yes,No,Fiber optic,Yes,Yes,Yes,Yes,No,Yes,Month-to-month,Yes,Credit card (automatic),49.56,989.16,No
WRKD-9713,Male,0,Yes,No,43,Yes,No,Fiber optic,Yes,Yes,Yes,No,No,No,Two year,Yes,Electronic check,47.99,2070.52,No
JHLS-5177,Male,0,No,Yes,61,Yes,Yes,DSL,No,Yes,No,No,No,No,Month-to-month,No,Credit card (automatic),44.22,2703.94,Yes
MACB-6637,Male,1,No,No,0,Yes,No,Fiber optic,No,Yes,Yes,Yes,No,No,Month-to-month,Yes,Electronic check,70.04,0.0,Yes
CYUO-1807,Male,0,No,No,50,Yes,Yes,Fiber optic,No,Yes,Yes,Yes,Yes,No,Month-to-month,No,Credit card (automatic),65.65,3282.45,No
FADS-6659,Female,0,Yes,No,16,Yes,No,Fiber optic,Yes,Yes,Yes,No,Yes,Yes,Month-to-month,No,Mailed check,105.84,1693.72,No
NJXG-3602,Male,0,Yes,No,36,Yes,No,DSL,Yes,No,Yes,Yes,No,Yes,One year,No,Credit card (automatic),61.57,2220.0,No
PBGY-4870,Male,0,Yes,No,35,Yes,Yes,Fiber optic,Yes,Yes,Yes,No,No,Yes,Month-to-month,Yes,Electronic check,102.44,3590.28,Yes
NKRV-4683,Female,1,No,No,28,Yes,Yes,DSL,Yes,No,No,Yes,Yes,No,Month-to-month,Yes,Electronic check,45.39,1262.62,Yes
HDCL-1772,Female,1,No,No,68,No,No phone service,Fiber optic,Yes,No,Yes,No,No,Yes,Month-to-month,Yes,Credit card (automatic),79.38,5405.48,No
QFUH-5399,Female,0,No,Yes,2,Yes,No,DSL,Yes,Yes,No,Yes,Yes,No,Two year,Yes,Electronic check,52.14,99.81,No
OLKR-7474,Male,0,No,Yes,14,Yes,No,DSL,Yes,Yes,No,No,Yes,Yes,Month-to-month,Yes,Bank transfer (automatic),47.32,661.79,No
VJNP-4297,Female,1,No,No,66,Yes,No,DSL,Yes,No,No,Yes,No,No,Month-to-month,Yes,Mailed check,32.67,2158.16,Yes
STVR-6494,Male,0,No,No,68,Yes,Yes,Fiber optic,Yes,No,No,Yes,Yes,No,Month-to-month,No,Bank transfer (automatic),52.06,3540.81,No
UROO-9826,Female,0,No,Yes,20,Yes,Yes,Fiber optic,Yes,Yes,No,No,Yes,Yes,Two year,Yes,Electronic check,69.27,1380.53,No
EZZU-3956,Female,1,No,Yes,22,Yes,No,DSL,No,Yes,Yes,Yes,Yes,No,Month-to-month,Yes,Bank transfer (automatic),42.28,929.24,Yes
WKHU-6384,Female,0,No,No,46,Yes,Yes,No,No internet service,No internet service,No internet service,No internet service,No internet service,No internet service,Month-to-month,Yes,Electronic check,18.16,839.22,No
CUYM-7045,Male,0,No,No,33,Yes,Yes,No,No internet service,No internet service,No internet service,No internet service,No internet service,No internet service,Month-to-month,No,Credit card (automatic),20.21,658.88,No
ZBVN-8328,Female,0,No,Yes,40,Yes,No,DSL,Yes,No,Yes,No,Yes,No,Month-to-month,No,Bank transfer (automatic),43.98,1760.74,No
RLIZ-1926,Female,0,No,No,46,Yes,Yes,Fiber optic,No,Yes,Yes,No,No,No,Month-to-month,Yes,Mailed check,91.24,4196.13,No
RPQY-5822,Female,0,Yes,Yes,30,Yes,No,Fiber optic,No,No,Yes,Yes,No,Yes,Two year,No,Electronic check,104.64,3150.3,No
ZCRK-5244,Male,0,No,Yes,34,Yes,No,DSL,No,No,Yes,No,Yes,Yes,Month-to-month,Yes,Mailed check,27.87,947.62,Yes
ZCSQ-5209,Male,0,No,No,6,Yes,Yes,Fiber optic,Yes,No,Yes,No,No,No,Month-to-month,No,Bank transfer (automatic),93.17,565.62,No
PYKQ-4410,Male,0,No,No,44,Yes,Yes,Fiber optic,No,No,Yes,No,No,No,Month-to-month,Yes,Bank transfer (automatic),50.26,2214.23,Yes
FWKK-8792,Male,0,Yes,Yes,56,Yes,No,Fiber optic,Yes,No,No,No,No,Yes,Month-to-month,No,Mailed check,89.3,4996.18,Yes
YQVN-9198,Male,1,No,No,21,Yes,Yes,Fiber optic,Yes,Yes,No,Yes,Yes,No,One year,Yes,Electronic check,59.6,1243.48,No
IHKG-5139,Female,0,No,Yes,69,Yes,No,Fiber optic,No,No,No,No,No,No,Month-to-month,No,Electronic check,78.26,5392.72,Yes
WNMV-8459,Female,0,No,Yes,20,Yes,No,Fiber optic,No,No,Yes,No,Yes,No,Month-to-month,No,Electronic check,87.58,1754.77,Yes
VNHX-5760,Male,0,No,No,48,Yes,Yes,No,No internet service,No internet service,No internet service,No internet service,No internet service,No internet service,Month-to-month,Yes,Credit card (automatic),29.0,1385.01,No
UKZJ-9498,Female,0,No,Yes,46,Yes,No,No,No internet service,No internet service,No internet service,No internet service,No internet service,No internet service,One year,Yes,Credit card (automatic),27.63,1273.72,No
GGZR-7285,Female,1,Yes,No,26,Yes,No,No,No internet service,No internet service,No internet service,No internet service,No internet service,No internet service,Two year,Yes,Mailed check,26.4,688.81,No
IOYG-9714,Male,0,Yes,Yes,9,Yes,No,Fiber optic,Yes,Yes,No,No,No,Yes,Month-to-month,Yes,Credit card (automatic),91.66,835.57,No
POCA-5818,Male,0,No,Yes,43,Yes,No,No,No internet service,No internet service,No internet service,No internet service,No internet service,No internet service,Month-to-month,Yes,Credit card (automatic),25.84,1114.2,No
HYEM-1995,Male,0,Yes,Yes,50,Yes,No,DSL,Yes,Yes,No,No,Yes,No,Two year,No,Electronic check,39.02,1950.37,No
GCNP-5570,Female,0,No,No,17,Yes,No,Fiber optic,No,Yes,No,No,Yes,Yes,One year,No,Electronic check,46.33,783.5,No
TOQX-1727,Male,0,No,No,67,No,No phone service,Fiber optic,Yes,Yes,No,Yes,No,No,Month-to-month,Yes,Bank transfer (automatic),64.14,4292.36,No
FQWM-6504,Male,0,Yes,No,37,Yes,No,No,No internet service,No internet service,No internet service,No internet service,No internet service,No internet service,Month-to-month,No,Bank transfer (automatic),29.14,1078.89,No
PQAP-5701,Male,0,No,No,35,Yes,Yes,Fiber optic,No,Yes,No,No,No,Yes,One year,Yes,Mailed check,62.31,2178.99,No
OEXT-4942,Female,0,No,No,59,Yes,No,Fiber optic,Yes,Yes,No,Yes,No,Yes,One year,Yes,Electronic check,107.51,6336.97,No
FUOR-9336,Female,0,Yes,No,67,No,No phone service,DSL,No,No,No,Yes,No,Yes,Two year,No,Electronic check,39.44,2642.12,No
OWIO-9151,Female,0,Yes,No,44,Yes,Yes,Fiber optic,Yes,Yes,No,No,Yes,Yes,One year,Yes,Electronic check,86.17,3793.01,No
YRVX-5243,Male,0,Yes,No,8,Yes,Yes,Fiber optic,Yes,No,Yes,No,No,No,Month-to-month,No,Credit card (automatic),109.75,882.71,Yes
QUJL-4661,Female,0,No,No,12,Yes,Yes,DSL,No,Yes,No,No,Yes,No,Month-to-month,No,Bank transfer (automatic),62.37,738.93,Yes
TQME-4396,Male,0,Yes,No,56,Yes,No,Fiber optic,No,No,Yes,Yes,Yes,No,Month-to-month,No,Bank transfer (automatic),47.94,2679.35,No
FJSP-1389,Male,1,Yes,No,56,Yes,No,Fiber optic,No,No,No,No,No,Yes,Month-to-month,Yes,Electronic check,105.08,5877.83,No
EAKS-8620,Female,0,No,Yes,36,Yes,No,DSL,Yes,No,Yes,No,No,Yes,Two year,No,Bank transfer (automatic),25.46,919.85,No
DIPG-4506,Male,0,Yes,Yes,46,Yes,No,Fiber optic,Yes,Yes,No,No,No,No,Two year,No,Credit card (automatic),81.36,3745.93,No
LUWU-4247,Female,0,No,No,10,Yes,Yes,No,No internet service,No internet service,No internet service,No internet service,No internet service,No internet service,Month-to-month,No,Electronic check,25.34,256.81,No
HBQB-6273,Male,0,No,No,27,Yes,No,Fiber optic,No,Yes,Yes,No,Yes,Yes,Month-to-month,Yes,Electronic check,51.1,1388.65,No
ZZXR-4500,Male,0,No,No,5,Yes,Yes,DSL,No,Yes,No,Yes,No,Yes,Month-to-month,No,Electronic check,31.92,156.49,No
NIED-0234,Female,1,Yes,No,32,Yes,No,DSL,Yes,No,No,No,No,No,Two year,Yes,Credit card (automatic),46.69,1499.6,No
JLEJ-7265,Male,1,No,No,13,Yes,No,Fiber optic,No,No,Yes,No,No,Yes,Month-to-month,Yes,Electronic check,59.28,773.45,No
JJZK-5986,Female,0,Yes,Yes,46,Yes,No,DSL,Yes,No,No,No,No,Yes,Two year,Yes,Electronic check,56.97,2610.25,No
MKGK-0088,Female,0,Yes,No,28,Yes,Yes,DSL,Yes,No,No,No,Yes,No,Two year,No,Electronic check,34.55,967.59,No
JSOP-7802,Male,0,No,Yes,14,Yes,No,No,No internet service,No internet service,No internet service,No internet service,No internet service,No internet service,Two year,Yes,Mailed check,29.78,421.63,No
MFOP-3786,Male,0,No,No,55,Yes,Yes,DSL,Yes,Yes,No,No,No,No,Month-to-month,Yes,Credit card (automatic),45.3,2489.48,No
QPBQ-8397,Male,0,Yes,No,68,Yes,Yes,Fiber optic,No,Yes,No,No,No,No,Month-to-month,Yes,Electronic check,104.72,7120.58,Yes
EEEE-2507,Male,0,No,Yes,30,Yes,Yes,DSL,No,No,Yes,Yes,No,Yes,Month-to-month,No,Mailed check,72.2,2164.65,No
MTFR-1707,Male,0,Yes,No,18,Yes,No,Fiber optic,No,No,Yes,Yes,Yes,Yes,Month-to-month,Yes,Electronic check,91.76,1662.03,Yes
OZJA-8038,Male,1,Yes,No,17,Yes,Yes,DSL,No,Yes,No,No,Yes,No,Month-to-month,No,Mailed check,25.1,429.53,Yes
AINX-4543,Male,0,No,Yes,57,Yes,No,No,No internet service,No internet service,No internet service,No internet service,No internet service,No internet service,Month-to-month,Yes,Mailed check,22.29,1276.57,No
PPJN-3977,Male,0,No,No,69,Yes,No,Fiber optic,Yes,No,No,Yes,No,Yes,Two year,Yes,Electronic check,87.79,6064.96,No
ICJO-7211,Male,0,Yes,Yes,72,Yes,Yes,DSL,Yes,No,No,Yes,No,No,Month-to-month,No,Credit card (automatic),37.64,2713.18,No
IDEB-8625,Male,0,Yes,No,29,Yes,Yes,Fiber optic,No,No,No,No,Yes,No,Month-to-month,Yes,Credit card (automatic),69.04,1999.7,No
WPNL-5995,Male,0,No,No,34,Yes,Yes,DSL,No,No,Yes,No,No,Yes,One year,Yes,Mailed check,61.87,2105.84,No
MOXN-7434,Female,0,No,Yes,16,Yes,No,Fiber optic,Yes,No,Yes,No,No,Yes,Month-to-month,Yes,Bank transfer (automatic),107.96,1727.91,No
ILZF-2204,Male,0,No,No,15,Yes,No,Fiber optic,No,No,No,Yes,No,Yes,Month-to-month,No,Bank transfer (automatic),73.09,1095.84,Yes
VXKY-6069,Male,0,Yes,No,67,Yes,No,Fiber optic,No,Yes,No,Yes,No,No,One year,Yes,Credit card (automatic),72.46,4851.27,No
YTKG-8098,Male,0,No,No,32,Yes,No,DSL,Yes,No,No,Yes,No,Yes,One year,Yes,Mailed check,73.3,2344.17,No
DLXC-1772,Female,0,Yes,No,35,Yes,No,DSL,No,Yes,Yes,No,No,No,One year,Yes,Credit card (automatic),58.23,2026.9,No
MPHF-9895,Male,0,Yes,No,10,Yes,No,DSL,No,No,No,No,No,Yes,Two year,No,Electronic check,36.69,371.28,No
HRQZ-9139,Female,0,No,No,59,Yes,No,Fiber optic,Yes,Yes,No,Yes,Yes,Yes,Month-to-month,Yes,Credit card (automatic),74.78,4405.43,No
IPGI-8875,Female,0,No,No,3,Yes,No,DSL,Yes,No,No,No,No,Yes,One year,No,Mailed check,62.82,189.46,No
JGRK-0472,Male,0,No,No,62,Yes,No,DSL,No,Yes,No,No,Yes,No,Month-to-month,Yes,Electronic check,28.13,1747.93,No
WEZX-5566,Male,0,No,Yes,4,Yes,No,DSL,No,No,No,No,Yes,No,Two year,Yes,Electronic check,26.65,113.1,No
DZPJ-9757,Male,0,Yes,No,63,Yes,No,DSL,Yes,Yes,Yes,Yes,Yes,No,Month-to-month,No,Bank transfer (automatic),67.61,4259.22,No
GQDG-8148,Female,0,No,No,3,Yes,Yes,No,No internet service,No internet service,No internet service,No internet service,No internet service,No internet service,One year,Yes,Electronic check,28.62,95.61,No
YVWY-9795,Female,0,Yes,Yes,34,Yes,Yes,DSL,Yes,Yes,No,Yes,Yes,No,Month-to-month,No,Electronic check,33.4,1143.2,No
VGGB-8398,Female,0,Yes,No,25,Yes,No,Fiber optic,Yes,Yes,Yes,Yes,No,Yes,Month-to-month,No,Electronic check,75.67,1890.71,No
OLJS-4463,Male,0,Yes,No,25,Yes,Yes,Fiber optic,Yes,Yes,No,No,No,No,One year,Yes,Credit card (automatic),83.01,2084.06,No
KPMD-0539,Male,0,Yes,No,18,Yes,No,DSL,No,Yes,Yes,No,Yes,No,One year,Yes,Electronic check,35.26,630.78,No
ZUYP-3084,Female,0,No,No,36,Yes,No,No,No internet service,No internet service,No internet service,No internet service,No internet service,No internet service,Month-to-month,Yes,Mailed check,25.11,903.96,No
ZMLW-2398,Female,1,Yes,No,10,Yes,No,DSL,No,Yes,No,No,Yes,Yes,One year,Yes,Credit card (automatic),55.41,551.42,No
JMAL-4796,Female,1,No,Yes,65,Yes,Yes,No,No internet service,No internet service,No internet service,No internet service,No internet service,No internet service,One year,Yes,Bank transfer (automatic),22.26,1453.97,No
NNTW-0582,Female,1,No,No,30,Yes,Yes,Fiber optic,No,No,Yes,Yes,No,Yes,Month-to-month,No,Credit card (automatic),77.95,2338.76,No
TXUU-0510,Male,0,Yes,Yes,17,Yes,No,Fiber optic,No,Yes,No,Yes,Yes,No,Month-to-month,Yes,Mailed check,88.69,1506.63,No
FEMP-4899,Male,1,Yes,No,43,Yes,Yes,No,No internet service,No internet service,No internet service,No internet service,No internet service,No internet service,Two year,No,Credit card (automatic),21.06,914.13,No
MSPQ-7447,Female,0,Yes,No,15,Yes,Yes,No,No internet service,No internet service,No internet service,No internet service,No internet service,No internet service,Month-to-month,No,Electronic check,27.98,418.51,Yes
XKBS-9902,Male,0,No,No,57,Yes,No,Fiber optic,Yes,Yes,No,Yes,No,Yes,Month-to-month,No,Mailed check,50.22,2864.47,No
LTWY-4019,Female,0,Yes,No,1,Yes,Yes,Fiber optic,Yes,Yes,No,No,Yes,No,One year,Yes,Electronic check,70.61,73.7,Yes
BYJW-1040,Female,0,Yes,No,58,Yes,No,Fiber optic,Yes,No,No,No,No,No,Month-to-month,Yes,Electronic check,88.6,5133.48,Yes
YSRM-5249,Male,0,Yes,No,47,Yes,No,DSL,No,No,Yes,No,No,No,Month-to-month,No,Mailed check,25.88,1216.99,No
NHJB-4709,Male,1,Yes,No,35,Yes,No,Fiber optic,No,Yes,Yes,Yes,No,Yes,One year,Yes,Electronic check,75.86,2649.34,Yes
JMDU-9212,Male,1,No,Yes,7,Yes,No,DSL,Yes,Yes,No,No,Yes,No,Month-to-month,Yes,Credit card (automatic),62.66,440.84,No
KUGR-6566,Female,1,Yes,No,35,No,No phone service,DSL,No,Yes,No,No,No,Yes,Month-to-month,No,Mailed check,55.32,1932.81,Yes
IWLF-9765,Female,1,Yes,No,24,Yes,Yes,No,No internet service,No internet service,No internet service,No internet service,No internet service,No internet service,One year,Yes,Mailed check,18.85,454.65,No
DPGH-7398,Male,0,No,No,39,Yes,No,Fiber optic,Yes,No,No,Yes,No,No,Month-to-month,No,Bank transfer (automatic),72.98,2849.79,No
CISM-6342,Male,0,No,No,3,Yes,No,Fiber optic,Yes,Yes,Yes,Yes,No,No,Two year,Yes,Credit card (automatic),65.25,197.12,No
BLHW-6707,Male,1,Yes,No,42,Yes,Yes,Fiber optic,No,No,Yes,No,Yes,No,One year,Yes,Bank transfer (automatic),56.38,2366.85,No
JUXI-1258,Female,0,No,No,26,No,No phone service,DSL,No,No,No,No,No,No,Month-to-month,Yes,Bank transfer (automatic),33.53,872.99,No
NJJH-5423,Female,0,Yes,No,37,Yes,No,No,No internet service,No internet service,No internet service,No internet service,No internet service,No internet service,Month-to-month,No,Electronic check,20.42,764.37,No
MWWS-3215,Male,0,No,Yes,37,Yes,No,Fiber optic,Yes,No,No,No,Yes,No,One year,No,Electronic check,108.46,4017.77,No
GTEH-8690,Male,1,Yes,Yes,63,Yes,No,DSL,No,Yes,No,Yes,No,No,Month-to-month,No,Electronic check,55.39,3490.88,Yes
KCUC-0176,Female,0,Yes,No,16,Yes,No,DSL,No,No,Yes,No,No,No,Two year,No,Credit card (automatic),46.92,755.4,No
MJCT-2378,Male,0,No,No,12,Yes,No,Fiber optic,Yes,No,No,Yes,No,Yes,Month-to-month,Yes,Mailed check,67.38,803.9,No
WIYP-6679,Female,0,Yes,No,23,No,No phone service,DSL,No,No,No,No,Yes,No,Month-to-month,No,Mailed check,51.21,1182.2,No
LSXQ-5162,Male,0,No,No,6,Yes,Yes,DSL,Yes,Yes,No,Yes,No,Yes,Month-to-month,No,Mailed check,45.7,274.75,No
PKZE-9104,Female,0,No,Yes,63,Yes,No,DSL,No,Yes,No,Yes,Yes,Yes,One year,Yes,Mailed check,56.91,3586.98,No
YYGI-3236,Female,0,Yes,No,62,Yes,No,Fiber optic,No,Yes,No,Yes,No,No,One year,Yes,Bank transfer (automatic),86.37,5355.92,No
XREU-8259,Male,0,Yes,No,21,Yes,No,Fiber optic,Yes,Yes,Yes,Yes,Yes,No,One year,Yes,Mailed check,45.3,945.11,No
LURR-3360,Male,0,Yes,No,52,Yes,No,Fiber optic,Yes,Yes,Yes,Yes,No,No,Two year,No,Electronic check,86.16,4489.57,No
KVIR-4993,Female,1,No,No,11,Yes,Yes,DSL,No,No,Yes,No,No,Yes,Month-to-month,Yes,Electronic check,28.55,307.67,Yes
DHFW-8212,Male,0,Yes,Yes,71,Yes,No,Fiber optic,No,No,No,Yes,No,Yes,One year,No,Bank transfer (automatic),66.51,4716.93,No
OXMY-9476,Male,0,Yes,Yes,21,No,No phone service,Fiber optic,No,Yes,No,Yes,No,Yes,Month-to-month,Yes,Electronic check,109.09,2294.4,Yes
NYTO-9287,Male,0,No,No,38,Yes,No,DSL,Yes,No,No,Yes,Yes,No,One year,Yes,Bank transfer (automatic),60.66,2305.87,No
OWAB-8408,Female,0,Yes,No,46,Yes,Yes,DSL,No,Yes,No,No,No,No,Month-to-month,Yes,Bank transfer (automatic),48.76,2238.82,Yes
AHEK-5016,Female,0,No,No,63,Yes,No,DSL,No,Yes,Yes,No,Yes,No,Two year,No,Mailed check,58.85,3710.03,No
REYE-2569,Female,0,No,Yes,43,Yes,No,Fiber optic,Yes,No,Yes,Yes,Yes,Yes,Month-to-month,Yes,Bank transfer (automatic),93.68,4020.73,Yes
NZHC-3931,Male,0,Yes,Yes,15,Yes,No,DSL,Yes,No,Yes,No,No,No,Month-to-month,Yes,Electronic check,49.78,748.4,Yes
WLTT-7558,Female,0,Yes,Yes,58,Yes,Yes,Fiber optic,No,Yes,No,Yes,No,No,Month-to-month,Yes,Electronic check,71.49,4142.49,No
TIQY-0656,Male,1,No,No,33,Yes,No,No,No internet service,No internet service,No internet service,No internet service,No internet service,No internet service,Two year,Yes,Electronic check,18.79,620.98,No
IJDP-8298,Male,0,No,Yes,45,No,No phone service,DSL,No,No,Yes,Yes,No,No,Month-to-month,Yes,Electronic check,61.37,2756.94,No
QNEZ-4002,Female,0,No,No,69,Yes,Yes,Fiber optic,Yes,No,Yes,No,No,No,Two year,No,Bank transfer (automatic),57.95,3995.4,No
IWFI-3324,Female,0,No,No,54,Yes,Yes,Fiber optic,Yes,No,No,No,No,Yes,Month-to-month,Yes,Electronic check,52.0,2810.63,No
ENJW-6536,Female,0,Yes,Yes,23,No,No phone service,DSL,No,Yes,No,No,Yes,Yes,Month-to-month,Yes,Electronic check,54.04,1241.98,Yes
NRIG-1915,Male,0,Yes,No,26,Yes,Yes,No,No internet service,No internet service,No internet service,No internet service,No internet service,No internet service,Month-to-month,Yes,Bank transfer (automatic),27.06,710.34,No
WITH-9153,Male,0,No,No,72,Yes,No,Fiber optic,Yes,Yes,No,No,Yes,No,One year,Yes,Electronic check,72.89,5251.28,No
XIRG-6742,Female,0,No,Yes,15,Yes,No,Fiber optic,No,No,No,No,Yes,No,Month-to-month,Yes,Bank transfer (automatic),61.96,927.58,No
ADSR-5696,Male,0,No,No,1,No,No phone service,DSL,No,No,No,No,No,Yes,One year,Yes,Mailed check,50.32,52.96,No
LHMR-9559,Female,0,Yes,No,30,Yes,No,No,No internet service,No internet service,No internet service,No internet service,No internet service,No internet service,Month-to-month,No,Bank transfer (automatic),28.76,870.71,No
LARM-8735,Female,0,Yes,No,62,Yes,No,No,No internet service,No internet service,No internet service,No internet service,No internet service,No internet service,Month-to-month,No,Bank transfer (automatic),28.34,1763.89,No
RERE-6682,Female,1,No,No,46,Yes,No,Fiber optic,No,No,No,Yes,Yes,No,Month-to-month,No,Mailed check,81.58,3746.69,Yes
LTYN-7678,Male,1,No,Yes,18,Yes,Yes,DSL,Yes,No,No,No,No,No,Month-to-month,No,Mailed check,35.2,622.8,No
LDEI-6350,Female,1,No,No,55,Yes,No,DSL,Yes,Yes,No,No,Yes,No,Month-to-month,Yes,Electronic check,41.51,2281.93,Yes
AYOX-0130,Female,0,Yes,No,10,No,No phone service,DSL,No,Yes,No,No,No,No,One year,No,Electronic check,58.83,586.16,No
PRUP-7553,Female,0,Yes,No,7,Yes,No,Fiber optic,No,No,Yes,Yes,Yes,No,Month-to-month,Yes,Electronic check,61.96,442.59,No
BSMV-5455,Female,0,Yes,No,5,Yes,No,Fiber optic,No,No,No,No,No,Yes,One year,Yes,Credit card (automatic),79.4,397.0,No
MAVU-7859,Male,1,Yes,No,30,Yes,No,Fiber optic,Yes,Yes,Yes,No,Yes,No,Month-to-month,No,Electronic check,54.87,1642.83,No
DSPZ-0643,Male,0,Yes,No,49,Yes,Yes,Fiber optic,Yes,Yes,No,Yes,No,No,Month-to-month,No,Bank transfer (automatic),54.99,2686.51,No
IGJM-7399,Male,0,No,No,28,No,No phone service,No,No internet service,No internet service,No internet service,No internet service,No internet service,No internet service,Month-to-month,No,Electronic check,24.65,685.51,Yes
HTOA-7026,Male,0,Yes,No,20,Yes,No,DSL,Yes,No,No,Yes,No,Yes,One year,No,Bank transfer (automatic),47.97,956.06,No
SXEC-4478,Male,0,Yes,Yes,40,Yes,No,Fiber optic,No,Yes,Yes,Yes,No,Yes,Month-to-month,Yes,Electronic check,82.24,3288.8,No
FPJP-2128,Male,0,No,No,68,No,No phone service,DSL,No,Yes,No,No,No,Yes,Month-to-month,No,Mailed check,51.39,3502.36,No
WOKY-5798,Male,0,Yes,No,68,Yes,Yes,Fiber optic,No,No,No,No,Yes,Yes,One year,No,Electronic check,72.26,4916.51,No
CWIR-6473,Female,0,No,No,55,Yes,No,DSL,Yes,No,Yes,No,No,No,Two year,Yes,Bank transfer (automatic),29.61,1623.52,No
AMZH-5727,Female,0,Yes,No,27,Yes,Yes,DSL,No,Yes,Yes,No,No,No,One year,No,Electronic check,26.15,712.57,No
XLAD-6022,Male,0,Yes,No,33,Yes,Yes,DSL,Yes,No,No,Yes,No,Yes,Month-to-month,Yes,Electronic check,54.63,1799.87,No
VEKG-2027,Female,0,No,No,55,Yes,No,Fiber optic,No,Yes,Yes,No,No,No,One year,Yes,Bank transfer (automatic),74.12,4080.59,No
PUOC-7524,Male,0,No,Yes,54,Yes,No,Fiber optic,No,No,No,No,No,No,Month-to-month,No,Bank transfer (automatic),90.34,4878.45,No
AVNL-8675,Male,0,No,No,43,Yes,No,DSL,No,No,Yes,Yes,Yes,Yes,Two year,No,Bank transfer (automatic),55.29,2373.74,No
UOVW-8746,Female,0,No,Yes,31,Yes,Yes,No,No internet service,No internet service,No internet service,No internet service,No internet service,No internet service,Two year,Yes,Credit card (automatic),28.35,869.06,No
XQPX-6115,Female,1,No,No,28,Yes,Yes,No,No internet service,No internet service,No internet service,No internet service,No internet service,No internet service,Month-to-month,No,Electronic check,20.44,568.62,Yes
CAXW-3018,Female,0,No,No,2,Yes,Yes,DSL,No,No,No,No,No,Yes,One year,Yes,Mailed check,63.44,133.35,No
DCHD-6445,Female,0,Yes,No,68,No,No phone service,DSL,No,Yes,No,No,No,Yes,Month-to-month,No,Credit card (automatic),52.87,3588.6,No
MDRF-4232,Male,0,Yes,Yes,10,Yes,Yes,Fiber optic,Yes,No,Yes,Yes,Yes,No,Month-to-month,No,Mailed check,70.39,710.72,Yes
CTBT-9197,Female,0,No,No,47,Yes,No,No,No internet service,No internet service,No internet service,No internet service,No internet service,No internet service,One year,Yes,Credit card (automatic),26.55,1245.19,No
ZUGT-9593,Male,0,Yes,No,52,Yes,No,Fiber optic,Yes,No,No,No,Yes,No,One year,No,Credit card (automatic),95.26,4955.18,No
PFQF-5199,Male,0,No,Yes,55,Yes,No,No,No internet service,No internet service,No internet service,No internet service,No internet service,No internet service,Two year,No,Electronic check,19.52,1065.77,No
IVOK-6111,Female,0,No,Yes,52,Yes,No,No,No internet service,No internet service,No internet service,No internet service,No internet service,No internet service,Two year,No,Bank transfer (automatic),28.22,1462.41,No
ZMKY-2300,Female,0,No,No,25,Yes,No,DSL,Yes,No,Yes,No,Yes,Yes,Month-to-month,Yes,Electronic check,70.23,1760.44,No
TRHM-3225,Female,1,No,No,8,Yes,No,Fiber optic,No,No,No,Yes,Yes,Yes,Two year,No,Electronic check,57.51,461.45,No
FVFX-7809,Male,0,No,No,64,Yes,No,Fiber optic,No,Yes,Yes,No,Yes,Yes,Two year,Yes,Credit card (automatic),56.5,3624.84,No
XESK-9257,Male,0,No,Yes,55,Yes,Yes,DSL,No,No,No,Yes,No,Yes,One year,No,Credit card (automatic),68.79,3780.01,No
JBIE-4054,Female,0,Yes,Yes,27,Yes,No,Fiber optic,No,No,No,Yes,Yes,No,One year,Yes,Credit card (automatic),93.45,2518.73,No
GGDU-9710,Female,0,Yes,No,22,Yes,Yes,Fiber optic,Yes,Yes,Yes,No,No,No,Month-to-month,Yes,Bank transfer (automatic),106.52,2339.75,No
NFKN-3926,Male,0,No,No,30,Yes,Yes,DSL,Yes,Yes,Yes,No,Yes,Yes,Two year,Yes,Credit card (automatic),26.35,794.78,No
HDLL-9517,Female,0,No,No,65,Yes,Yes,DSL,No,No,Yes,No,No,No,Two year,Yes,Mailed check,47.62,3088.75,No
VIKP-5514,Female,0,Yes,No,60,Yes,Yes,DSL,No,No,Yes,Yes,Yes,No,Month-to-month,No,Electronic check,40.74,2454.01,Yes
YATJ-9200,Female,0,Yes,No,15,Yes,Yes,Fiber optic,No,Yes,No,No,No,No,Month-to-month,Yes,Bank transfer (automatic),72.73,1075.7,Yes
AQOB-4138,Female,0,Yes,No,58,Yes,No,DSL,No,No,No,No,No,No,One year,Yes,Mailed check,63.47,3691.49,Yes
SBPT-8343,Female,0,Yes,No,47,No,No phone service,Fiber optic,No,No,Yes,No,No,Yes,One year,Yes,Credit card (automatic),65.89,3101.19,No
XMOT-1318,Female,0,No,No,16,No,No phone service,Fiber optic,Yes,Yes,No,No,Yes,No,One year,Yes,Mailed check,82.53,1325.51,Yes
XITA-2607,Female,0,Yes,No,34,Yes,Yes,Fiber optic,Yes,Yes,Yes,No,Yes,Yes,One year,No,Bank transfer (automatic),69.95,2379.45,No
YHUL-8380,Male,0,No,Yes,58,No,No phone service,Fiber optic,Yes,No,No,No,Yes,No,Month-to-month,No,Credit card (automatic),70.94,4105.7,No
LSTK-9053,Female,0,No,No,40,Yes,No,Fiber optic,Yes,Yes,Yes,No,Yes,Yes,Month-to-month,No,Electronic check,73.84,2960.26,No
TQEI-5738,Female,0,No,Yes,36,No,No phone service,Fiber optic,No,Yes,No,No,No,Yes,One year,Yes,Credit card (automatic),93.97,3385.12,No
PGNN-6715,Male,0,No,No,29,Yes,No,Fiber optic,Yes,No,Yes,No,No,No,Month-to-month,No,Bank transfer (automatic),94.05,2731.83,No
GSHA-0925,Male,0,Yes,No,15,No,No phone service,Fiber optic,Yes,Yes,No,Yes,No,Yes,Month-to-month,Yes,Electronic check,52.53,795.78,No
GRFU-5096,Female,0,No,No,46,Yes,No,DSL,No,Yes,Yes,Yes,No,Yes,Two year,Yes,Electronic check,56.57,2602.76,No
HGIA-9821,Male,0,Yes,No,27,Yes,No,Fiber optic,No,Yes,Yes,No,Yes,Yes,Month-to-month,Yes,Credit card (automatic),95.11,2575.3,Yes
FKET-3792,Female,0,No,No,20,Yes,No,DSL,No,No,Yes,No,No,Yes,One year,Yes,Bank transfer (automatic),60.22,1204.66,No
MQEH-2103,Male,0,Yes,No,40,Yes,No,No,No internet service,No internet service,No internet service,No internet service,No internet service,No internet service,One year,Yes,Electronic check,26.64,1066.08,No
RNXK-9890,Male,0,No,No,44,Yes,No,DSL,Yes,Yes,Yes,Yes,Yes,No,Month-to-month,No,Electronic check,61.8,2715.33,No
OBFZ-6179,Male,0,Yes,No,72,No,No phone service,Fiber optic,No,Yes,No,No,No,No,Two year,No,Credit card (automatic),95.54,6873.92,No
PIHY-5656,Female,0,Yes,No,63,Yes,No,DSL,Yes,Yes,No,Yes,No,Yes,Month-to-month,Yes,Electronic check,69.64,4391.02,No
SDIS-1652,Male,0,Yes,Yes,12,Yes,No,Fiber optic,No,No,No,No,No,No,Month-to-month,Yes,Mailed check,79.22,949.09,No
FOGF-0085,Female,0,Yes,No,42,Yes,Yes,Fiber optic,Yes,No,Yes,No,Yes,Yes,Two year,No,Electronic check,89.88,3779.29,No
RQBH-4661,Female,0,No,Yes,57,Yes,Yes,DSL,No,No,Yes,Yes,No,Yes,Month-to-month,Yes,Mailed check,58.62,3340.59,No
PDBW-4015,Male,0,No,Yes,19,Yes,Yes,DSL,No,No,No,No,No,No,One year,No,Mailed check,39.75,763.48,No
NTGO-1157,Male,0,No,No,62,No,No phone service,Fiber optic,Yes,No,No,No,No,No,Two year,No,Bank transfer (automatic),47.27,2935.69,No
AUAO-5658,Female,0,No,No,0,Yes,No,No,No internet service,No internet service,No internet service,No internet service,No internet service,No internet service,Month-to-month,No,Mailed check,22.22,0.0,Yes
SXSW-4038,Female,0,No,No,22,Yes,No,Fiber optic,No,Yes,No,Yes,No,No,One year,Yes,Bank transfer (automatic),60.71,1337.45,No
POHS-1808,Female,1,Yes,No,32,Yes,Yes,Fiber optic,No,No,Yes,No,No,No,Month-to-month,Yes,Electronic check,90.97,2901.85,Yes
WLBK-4146,Male,0,No,Yes,56,Yes,Yes,DSL,Yes,No,Yes,No,Yes,No,Two year,No,Electronic check,25.29,1420.38,No
URNU-9541,Female,0,No,No,53,Yes,Yes,No,No internet service,No internet service,No internet service,No internet service,No internet service,No internet service,Two year,Yes,Bank transfer (automatic),22.49,1190.12,No
VFLB-3600,Male,0,Yes,No,65,Yes,Yes,DSL,Yes,Yes,No,Yes,No,No,Month-to-month,Yes,Credit card (automatic),60.54,3929.43,No
NKLK-5649,Female,0,Yes,Yes,30,No,No phone service,DSL,No,No,No,Yes,No,No,Month-to-month,Yes,Electronic check,68.68,2063.83,No
HTSG-3074,Male,0,No,No,53,Yes,No,Fiber optic,No,Yes,No,No,Yes,Yes,One year,Yes,Electronic check,102.81,5445.58,No
HHUX-6236,Female,0,Yes,No,15,Yes,No,Fiber optic,Yes,No,Yes,No,No,No,Two year,No,Bank transfer (automatic),91.88,1380.74,Yes
TFLR-1296,Female,0,Yes,No,36,Yes,No,DSL,Yes,Yes,Yes,No,No,Yes,Month-to-month,Yes,Bank transfer (automatic),68.11,2460.9,No
CSMD-9505,Male,0,Yes,Yes,6,Yes,No,DSL,No,No,No,Yes,Yes,Yes,Month-to-month,No,Credit card (automatic),67.77,405.87,No
HOHV-5216,Male,1,Yes,Yes,0,Yes,No,Fiber optic,Yes,Yes,Yes,Yes,Yes,No,Month-to-month,No,Electronic check,69.8,0.0,Yes
HJMV-4308,Male,0,No,Yes,17,Yes,Yes,DSL,Yes,No,Yes,No,No,Yes,Two year,Yes,Bank transfer (automatic),72.65,1230.51,No
JTBT-4162,Male,0,No,No,41,Yes,No,Fiber optic,No,No,Yes,No,Yes,Yes,One year,Yes,Mailed check,72.27,2959.92,No
POHT-4248,Male,0,Yes,No,38,Yes,No,DSL,No,Yes,Yes,Yes,Yes,Yes,Month-to-month,Yes,Mailed check,38.61,1468.76,No
PNRG-9723,Female,0,No,Yes,25,Yes,No,Fiber optic,Yes,No,No,No,No,No,Month-to-month,No,Mailed check,68.21,1700.2,No
ZROJ-8286,Male,0,Yes,No,64,Yes,No,Fiber optic,No,No,Yes,No,Yes,No,Two year,Yes,Bank transfer (automatic),80.41,5155.53,No
FKKS-6257,Male,0,No,No,56,Yes,No,Fiber optic,No,No,No,No,Yes,No,Month-to-month,Yes,Bank transfer (automatic),77.67,4345.77,No
UKKM-2579,Male,0,No,No,68,Yes,Yes,DSL,No,Yes,Yes,Yes,No,Yes,Month-to-month,No,Bank transfer (automatic),54.14,3671.73,Yes
SLNK-4899,Male,0,Yes,No,16,Yes,Yes,DSL,Yes,Yes,No,No,No,Yes,One year,Yes,Electronic check,60.6,979.73,No
CMRM-7683,Male,0,Yes,Yes,6,Yes,Yes,DSL,Yes,No,Yes,Yes,Yes,No,Month-to-month,Yes,Electronic check,62.82,381.83,Yes
PSJP-4042,Female,1,Yes,Yes,70,Yes,Yes,Fiber optic,No,Yes,Yes,No,Yes,Yes,Month-to-month,Yes,Credit card (automatic),98.1,6862.69,Yes
QSEE-9706,Male,0,Yes,No,11,No,No phone service,Fiber optic,Yes,No,No,Yes,No,No,One year,Yes,Electronic check,51.45,572.76,No
UCDS-7321,Female,0,No,Yes,37,Yes,No,No,No internet service,No internet service,No internet service,No internet service,No internet service,No internet service,Month-to-month,Yes,Bank transfer (automatic),22.53,833.77,No
CGVZ-4702,Male,0,Yes,No,47,Yes,Yes,Fiber optic,No,Yes,No,Yes,Yes,No,Month-to-month,Yes,Bank transfer (automatic),97.45,4577.92,No
RBLQ-4428,Male,0,Yes,No,54,Yes,No,Fiber optic,No,No,Yes,No,No,No,One year,Yes,Bank transfer (automatic),70.39,3795.69,No
LFJV-9519,Female,0,No,No,53,Yes,Yes,DSL,No,Yes,No,No,No,No,Month-to-month,No,Credit card (automatic),72.43,3831.29,No
ZHVM-2981,Male,0,No,No,71,Yes,No,No,No internet service,No internet service,No internet service,No internet service,No internet service,No internet service,Month-to-month,Yes,Bank transfer (automatic),28.15,2001.37,Yes
GCLO-5457,Male,0,No,Yes,14,Yes,No,DSL,Yes,Yes,No,No,Yes,No,Month-to-month,No,Credit card (automatic),54.8,766.86,Yes
NCPR-7019,Female,0,No,No,29,Yes,No,Fiber optic,No,Yes,No,Yes,No,No,Month-to-month,Yes,Bank transfer (automatic),52.34,1514.01,No
QPUX-1336,Female,0,No,No,54,Yes,Yes,No,No internet service,No internet service,No internet service,No internet service,No internet service,No internet service,Month-to-month,No,Electronic check,27.21,1465.36,Yes
QYSF-9438,Male,0,No,No,72,Yes,No,Fiber optic,Yes,No,Yes,Yes,No,Yes,Two year,Yes,Electronic check,69.04,4966.1,No
YAGZ-8407,Female,1,No,No,20,Yes,Yes,No,No internet service,No internet service,No internet service,No internet service,No internet service,No internet service,Two year,Yes,Mailed check,21.55,430.1,No
EVWJ-6606,Male,0,Yes,Yes,59,No,No phone service,Fiber optic,Yes,No,Yes,Yes,No,No,Two year,Yes,Electronic check,73.89,4357.03,No
CEJE-7665,Male,0,No,No,7,Yes,No,No,No internet service,No internet service,No internet service,No internet service,No internet service,No internet service,Month-to-month,Yes,Bank transfer (automatic),18.96,125.62,Yes
WNWO-4433,Male,0,No,No,46,Yes,Yes,Fiber optic,No,Yes,Yes,No,No,No,Month-to-month,Yes,Electronic check,67.65,3119.04,No
UZIL-5783,Female,0,No,No,35,Yes,Yes,Fiber optic,Yes,No,Yes,No,Yes,No,One year,No,Bank transfer (automatic),82.01,2861.36,No
GUDW-2068,Female,0,Yes,No,72,Yes,No,DSL,Yes,Yes,No,Yes,No,No,Two year,No,Bank transfer (automatic),53.87,3872.58,No
BGJB-2992,Male,0,No,No,25,Yes,No,DSL,No,No,No,Yes,Yes,Yes,Month-to-month,No,Mailed check,69.82,1750.78,No
TFCY-1651,Male,0,No,No,69,Yes,Yes,DSL,Yes,No,No,No,No,No,Month-to-month,Yes,Credit card (automatic),28.19,1943.07,Yes
SVJT-0027,Female,1,Yes,No,33,Yes,No,Fiber optic,Yes,Yes,Yes,No,No,Yes,Month-to-month,No,Electronic check,96.14,3171.88,Yes
DKQX-9509,Male,1,No,No,59,Yes,Yes,Fiber optic,No,No,No,No,Yes,No,Month-to-month,Yes,Credit card (automatic),78.19,4603.94,Yes
JFQZ-9213,Female,0,No,Yes,22,Yes,Yes,Fiber optic,No,Yes,No,No,No,Yes,Month-to-month,Yes,Mailed check,64.89,1432.5,Yes
RUDF-6117,Female,0,Yes,No,40,Yes,No,DSL,No,Yes,Yes,No,No,No,Month-to-month,No,Credit card (automatic),46.1,1839.51,No
MMYE-6807,Female,0,Yes,No,68,No,No phone service,No,No internet service,No internet service,No internet service,No internet service,No internet service,No internet service,Month-to-month,Yes,Mailed check,26.22,1782.94,No
JZYI-9692,Female,1,No,No,54,No,No phone service,Fiber optic,Yes,Yes,No,No,No,No,Month-to-month,No,Electronic check,45.11,2432.0,No
MURZ-2960,Female,0,Yes,No,72,Yes,No,DSL,No,No,No,Yes,No,No,Month-to-month,Yes,Credit card (automatic),32.11,2303.89,No
CUND-2553,Male,0,No,Yes,44,Yes,Yes,DSL,No,Yes,Yes,No,No,Yes,One year,Yes,Electronic check,41.13,1811.33,No
IKVO-8991,Female,0,Yes,No,60,Yes,No,DSL,No,No,No,Yes,No,Yes,Month-to-month,Yes,Mailed check,44.31,2662.68,No
VNDB-4257,Female,0,Yes,Yes,32,Yes,No,No,No internet service,No internet service,No internet service,No internet service,No internet service,No internet service,One year,No,Credit card (automatic),21.08,672.87,No
TLDU-5656,Female,0,No,No,51,No,No phone service,Fiber optic,Yes,No,No,Yes,No,Yes,One year,No,Mailed check,55.42,2825.83,No
YDZO-0863,Male,0,No,Yes,18,Yes,No,DSL,No,Yes,No,No,No,Yes,Month-to-month,Yes,Credit card (automatic),64.73,1170.28,Yes
ZHLG-1086,Female,1,Yes,No,7,Yes,No,No,No internet service,No internet service,No internet service,No internet service,No internet service,No internet service,Month-to-month,No,Electronic check,26.53,186.25,Yes
NZAM-3444,Female,1,No,Yes,69,Yes,No,No,No internet service,No internet service,No internet service,No internet service,No internet service,No internet service,One year,No,Credit card (automatic),22.48,1552.77,No
KSED-4647,Female,1,Yes,Yes,5,Yes,No,Fiber optic,No,No,Yes,Yes,Yes,Yes,Month-to-month,No,Credit card (automatic),70.88,361.87,No
XCEL-3473,Male,0,No,Yes,71,Yes,No,No,No internet service,No internet service,No internet service,No internet service,No internet service,No internet service,Two year,No,Mailed check,26.26,1861.12,No
UPGC-5833,Male,1,Yes,No,56,Yes,Yes,No,No internet service,No internet service,No internet service,No internet service,No internet service,No internet service,Two year,No,Credit card (automatic),25.96,1456.89,No
VFCA-2775,Male,0,Yes,No,59,No,No phone service,Fiber optic,Yes,No,Yes,Yes,Yes,No,Two year,Yes,Mailed check,58.26,3436.66,No
GRIC-1404,Female,0,Yes,No,18,Yes,Yes,Fiber optic,No,Yes,No,Yes,Yes,No,One year,No,Credit card (automatic),105.81,1896.51,No
ZTPL-5484,Female,1,No,Yes,51,Yes,No,No,No internet service,No internet service,No internet service,No internet service,No internet service,No internet service,Month-to-month,Yes,Electronic check,19.52,989.14,No
MXLM-1222,Male,0,Yes,Yes,40,Yes,No,DSL,No,No,Yes,No,No,Yes,Month-to-month,No,Electronic check,74.53,2979.18,No
FPGG-6205,Male,0,No,Yes,37,Yes,Yes,No,No internet service,No internet service,No internet service,No internet service,No internet service,No internet service,Two year,Yes,Electronic check,27.45,1016.98,No
SPPS-2834,Female,0,No,Yes,68,Yes,Yes,DSL,Yes,Yes,No,No,Yes,Yes,Month-to-month,Yes,Bank transfer (automatic),28.36,1933.17,No
SJMO-0306,Male,0,No,No,15,Yes,No,Fiber optic,No,Yes,No,No,No,No,Month-to-month,Yes,Bank transfer (automatic),93.01,1392.5,Yes
WOTU-9653,Male,1,No,No,38,Yes,No,No,No internet service,No internet service,No internet service,No internet service,No internet service,No internet service,Month-to-month,No,Mailed check,18.36,689.58,No
TBJR-3432,Male,0,Yes,No,50,Yes,No,Fiber optic,No,No,Yes,No,Yes,No,Two year,No,Electronic check,86.12,4306.45,No
BDPU-0054,Female,1,Yes,No,4,Yes,Yes,Fiber optic,Yes,Yes,No,No,Yes,Yes,Month-to-month,Yes,Credit card (automatic),61.41,242.86,Yes
TALW-3261,Male,1,Yes,No,61,Yes,No,Fiber optic,Yes,No,No,Yes,Yes,Yes,Month-to-month,Yes,Credit card (automatic),59.98,3661.06,No
ZQKT-7580,Male,0,No,No,40,Yes,Yes,No,No internet service,No internet service,No internet service,No internet service,No internet service,No internet service,One year,Yes,Mailed check,18.3,730.61,No
QEVH-2527,Male,0,No,No,66,Yes,No,DSL,Yes,No,Yes,No,Yes,No,Month-to-month,Yes,Mailed check,52.57,3466.99,No
LDBY-9752,Female,0,No,No,58,Yes,No,No,No internet service,No internet service,No internet service,No internet service,No internet service,No internet service,One year,No,Electronic check,19.55,1133.08,No
RMTT-0897,Female,0,No,No,18,Yes,No,DSL,No,Yes,Yes,Yes,No,Yes,Month-to-month,No,Mailed check,34.78,631.8,No
WFCT-1619,Male,0,Yes,No,61,Yes,No,Fiber optic,Yes,No,Yes,No,No,Yes,One year,Yes,Bank transfer (automatic),78.3,4777.01,No
AVTO-7085,Male,0,Yes,Yes,52,Yes,Yes,Fiber optic,Yes,Yes,No,No,No,No,Month-to-month,Yes,Bank transfer (automatic),61.94,3222.89,No
PRXE-4466,Male,0,No,No,65,Yes,Yes,DSL,Yes,Yes,Yes,Yes,No,No,Two year,No,Credit card (automatic),33.55,2174.36,No
JWLJ-1701,Male,1,Yes,No,7,Yes,Yes,Fiber optic,Yes,No,No,Yes,No,Yes,Month-to-month,Yes,Electronic check,107.17,747.97,No
GDJJ-8822,Male,0,Yes,No,45,Yes,No,DSL,Yes,Yes,No,No,No,Yes,Month-to-month,No,Credit card (automatic),41.34,1862.75,No
YJOH-0567,Female,0,No,No,11,Yes,No,Fiber optic,Yes,No,Yes,Yes,No,No,Month-to-month,Yes,Bank transfer (automatic),60.67,672.04,No
LRNA-3012,Male,0,Yes,No,64,Yes,No,No,No internet service,No internet service,No internet service,No internet service,No internet service,No internet service,Month-to-month,Yes,Mailed check,19.96,1275.16,No
DFHY-3044,Male,1,No,No,22,No,No phone service,Fiber optic,No,No,No,No,Yes,No,Two year,No,Electronic check,51.1,1128.13,Yes
YFUJ-9470,Female,0,Yes,Yes,38,Yes,No,No,No internet service,No internet service,No internet service,No internet service,No internet service,No internet service,One year,No,Credit card (automatic),26.24,992.84,Yes
EAGO-6976,Female,0,Yes,No,59,No,No phone service,DSL,Yes,Yes,No,No,Yes,No,Two year,No,Credit card (automatic),68.8,4052.43,No
IHHC-9330,Male,0,Yes,Yes,26,Yes,No,DSL,No,No,No,No,Yes,Yes,Month-to-month,No,Mailed check,27.4,715.58,No
FBIN-0095,Female,0,No,Yes,56,Yes,No,DSL,No,Yes,Yes,Yes,No,Yes,Two year,Yes,Bank transfer (automatic),30.48,1705.61,No
ASPZ-1845,Female,0,No,Yes,43,Yes,No,DSL,No,No,Yes,Yes,Yes,No,Month-to-month,Yes,Credit card (automatic),45.47,1959.18,No
BHVP-7706,Male,1,Yes,No,69,Yes,No,No,No internet service,No internet service,No internet service,No internet service,No internet service,No internet service,Month-to-month,Yes,Mailed check,18.81,1298.52,No
BOXR-3164,Male,0,Yes,No,27,Yes,No,DSL,Yes,No,No,Yes,No,No,Two year,Yes,Mailed check,26.6,722.07,No
PMIE-7125,Female,0,No,Yes,22,Yes,Yes,DSL,No,Yes,No,No,No,No,One year,Yes,Electronic check,47.75,1051.0,Yes
KWNZ-7267,Male,0,No,No,33,Yes,No,DSL,Yes,No,No,Yes,No,No,Two year,No,Bank transfer (automatic),74.85,2475.51,No
JOFT-5821,Male,0,No,No,24,Yes,Yes,Fiber optic,Yes,Yes,No,No,No,No,Two year,Yes,Bank transfer (automatic),104.52,2508.6,No
EPGS-4361,Female,0,No,No,10,Yes,No,Fiber optic,Yes,Yes,No,No,No,No,Month-to-month,No,Bank transfer (automatic),67.0,668.57,No
GRCE-6565,Male,0,Yes,Yes,47,Yes,No,Fiber optic,No,No,No,Yes,No,No,Month-to-month,No,Bank transfer (automatic),109.28,5126.1,No
MAOU-0634,Female,0,No,Yes,64,Yes,Yes,Fiber optic,No,No,No,Yes,Yes,Yes,Month-to-month,Yes,Mailed check,84.26,5394.76,No
QXOT-2032,Female,0,No,Yes,9,No,No phone service,DSL,No,No,No,Yes,Yes,Yes,Month-to-month,Yes,Credit card (automatic),37.46,337.23,No
HILE-8066,Female,0,Yes,No,72,Yes,No,Fiber optic,No,Yes,Yes,Yes,Yes,Yes,Two year,Yes,Bank transfer (automatic),54.33,3903.82,No
VTYN-2012,Female,0,No,No,25,Yes,No,Fiber optic,No,No,No,No,No,No,Month-to-month,No,Mailed check,105.61,2639.78,No
RFOG-4465,Female,1,No,Yes,9,Yes,No,No,No internet service,No internet service,No internet service,No internet service,No internet service,No internet service,Two year,Yes,Credit card (automatic),29.61,265.57,No
LHYR-1063,Male,0,No,No,17,Yes,No,Fiber optic,Yes,Yes,No,No,Yes,Yes,Month-to-month,No,Credit card (automatic),82.82,1413.96,No
YFLW-6732,Female,0,Yes,No,59,Yes,No,Fiber optic,Yes,Yes,No,No,No,No,Month-to-month,No,Mailed check,69.77,4109.16,No
CJXO-2714,Male,0,No,No,72,Yes,No,Fiber optic,Yes,No,Yes,No,Yes,No,Month-to-month,Yes,Credit card (automatic),69.97,5041.36,No
UGEY-2802,Male,0,No,No,44,Yes,No,DSL,Yes,Yes,No,Yes,No,No,Month-to-month,Yes,Bank transfer (automatic),71.48,3145.11,No
DVZX-6755,Female,0,Yes,No,25,Yes,Yes,DSL,Yes,Yes,Yes,No,No,No,Month-to-month,Yes,Mailed check,31.2,776.19,No
NVSZ-3562,Male,0,No,No,8,Yes,Yes,DSL,No,Yes,No,No,No,No,One year,No,Bank transfer (automatic),60.38,479.56,No
TVQK-6098,Female,1,No,No,35,Yes,Yes,DSL,Yes,No,Yes,Yes,Yes,No,Month-to-month,No,Mailed check,44.93,1575.14,No
ZIKY-3163,Female,1,No,Yes,14,Yes,Yes,No,No internet service,No internet service,No internet service,No internet service,No internet service,No internet service,Two year,No,Mailed check,26.21,373.11,No
NEQL-9562,Male,0,No,Yes,23,Yes,Yes,Fiber optic,Yes,Yes,No,No,No,Yes,Month-to-month,No,Credit card (automatic),84.75,1941.18,No
JBLL-9601,Female,1,No,No,39,Yes,Yes,No,No internet service,No internet service,No internet service,No internet service,No internet service,No internet service,Month-to-month,No,Mailed check,20.62,799.14,No
CTET-9206,Male,0,No,No,1,Yes,No,DSL,Yes,No,Yes,No,Yes,No,Month-to-month,Yes,Credit card (automatic),28.4,36.27,No
ZVRB-2779,Male,0,No,No,3,No,No phone service,Fiber optic,Yes,No,Yes,No,No,Yes,Two year,Yes,Electronic check,45.45,143.94,No
OJZJ-7610,Male,0,No,No,19,Yes,Yes,No,No internet service,No internet service,No internet service,No internet service,No internet service,No internet service,Month-to-month,No,Electronic check,18.87,357.87,No
FHAC-0986,Female,0,No,Yes,38,Yes,Yes,DSL,Yes,Yes,No,No,No,Yes,Two year,Yes,Mailed check,55.49,2109.9,Yes
NXYC-9154,Male,0,No,No,44,Yes,No,DSL,No,No,No,Yes,Yes,Yes,Month-to-month,Yes,Bank transfer (automatic),26.79,1183.99,No
TVOF-2187,Female,0,No,No,25,Yes,Yes,No,No internet service,No internet service,No internet service,No internet service,No internet service,No internet service,Month-to-month,No,Credit card (automatic),21.01,532.1,Yes
TVCH-2162,Male,0,Yes,No,59,No,No phone service,Fiber optic,No,Yes,No,No,No,Yes,Month-to-month,Yes,Mailed check,83.62,4932.51,No
YOSH-1802,Male,1,No,No,68,Yes,No,DSL,Yes,No,No,No,No,No,Month-to-month,No,Credit card (automatic),45.76,3116.14,No
KRMN-6471,Female,0,No,No,67,Yes,Yes,DSL,No,No,No,Yes,No,Yes,Month-to-month,Yes,Bank transfer (automatic),40.93,2743.81,No
HWEB-9693,Male,0,No,No,69,Yes,No,No,No internet service,No internet service,No internet service,No internet service,No internet service,No internet service,One year,Yes,Bank transfer (automatic),29.42,2033.17,No
DHFY-1457,Male,0,No,No,30,Yes,Yes,DSL,No,No,No,No,Yes,No,Month-to-month,No,Credit card (automatic),42.03,1255.23,No
TGWT-0212,Male,0,No,No,68,Yes,Yes,No,No internet service,No internet service,No internet service,No internet service,No internet service,No internet service,Month-to-month,No,Electronic check,28.5,1935.43,No
ELQE-1358,Female,0,Yes,No,6,Yes,No,Fiber optic,No,No,Yes,No,Yes,No,One year,Yes,Bank transfer (automatic),49.6,293.56,Yes
ZVJK-1748,Female,0,Yes,No,68,Yes,Yes,Fiber optic,No,No,No,No,Yes,No,Month-to-month,Yes,Electronic check,80.3,5467.96,No
ZITQ-8874,Male,0,No,Yes,3,Yes,Yes,Fiber optic,No,No,No,No,Yes,Yes,One year,Yes,Credit card (automatic),104.7,311.18,No
EZFP-0846,Male,0,No,Yes,72,Yes,No,DSL,Yes,No,Yes,Yes,No,Yes,Two year,Yes,Mailed check,40.51,2920.95,No
KOXE-2563,Female,0,No,No,36,Yes,No,Fiber optic,Yes,No,No,Yes,Yes,No,Month-to-month,No,Mailed check,101.67,3665.82,No
YNKD-9183,Female,0,No,No,1,Yes,Yes,Fiber optic,Yes,Yes,No,No,No,Yes,Two year,No,Electronic check,94.65,93.96,No
TJAN-1268,Female,0,Yes,No,48,Yes,Yes,DSL,No,No,No,Yes,Yes,Yes,Month-to-month,No,Mailed check,26.67,1282.6,No
EDMR-6567,Male,0,No,No,16,Yes,No,DSL,Yes,No,Yes,No,Yes,No,Two year,Yes,Credit card (automatic),33.25,528.6,No
IJEU-3264,Male,0,Yes,No,16,Yes,Yes,No,No internet service,No internet service,No internet service,No internet service,No internet service,No internet service,Month-to-month,Yes,Electronic check,20.65,323.5,Yes
WRYY-8498,Female,0,Yes,Yes,39,Yes,No,Fiber optic,Yes,Yes,No,Yes,No,Yes,Month-to-month,Yes,Bank transfer (automatic),83.1,3242.92,No
ARZU-4570,Female,0,Yes,No,50,Yes,Yes,No,No internet service,No internet service,No internet service,No internet service,No internet service,No internet service,Two year,Yes,Electronic check,20.62,1022.15,No
JITH-4087,Male,0,No,No,27,Yes,Yes,DSL,Yes,No,Yes,No,Yes,Yes,Month-to-month,Yes,Bank transfer (automatic),35.31,948.3,Yes
UKDX-8636,Male,1,No,Yes,45,Yes,Yes,Fiber optic,No,No,Yes,No,No,No,Two year,Yes,Electronic check,101.94,4590.43,No
VCJC-0475,Female,0,No,No,48,Yes,No,Fiber optic,Yes,Yes,No,No,No,Yes,Month-to-month,No,Electronic check,98.71,4744.2,No
XWBX-3474,Female,0,Yes,No,16,Yes,No,DSL,Yes,No,No,No,Yes,No,Month-to-month,No,Electronic check,51.22,816.94,Yes
EFOW-8659,Male,0,Yes,No,26,No,No phone service,DSL,No,Yes,Yes,No,No,Yes,Two year,No,Bank transfer (automatic),49.17,1282.41,No
DNKZ-1894,Female,0,No,No,61,Yes,No,Fiber optic,No,Yes,Yes,Yes,No,No,One year,No,Electronic check,90.04,5490.29,No
PELC-2042,Male,1,Yes,Yes,10,Yes,No,No,No internet service,No internet service,No internet service,No internet service,No internet service,No internet service,Two year,No,Mailed check,24.2,238.72,No
RIMZ-5268,Male,0,No,Yes,43,No,No phone service,DSL,No,Yes,No,Yes,Yes,No,Month-to-month,No,Mailed check,58.5,2508.52,Yes
IOAR-7026,Male,0,Yes,No,35,Yes,Yes,No,No internet service,No internet service,No internet service,No internet service,No internet service,No internet service,Month-to-month,No,Mailed check,22.03,767.91,No
XEBO-2896,Female,0,No,No,15,Yes,Yes,DSL,No,No,No,Yes,Yes,Yes,Month-to-month,No,Credit card (automatic),28.18,415.89,Yes
QSYG-1583,Male,0,No,No,59,Yes,No,DSL,No,Yes,Yes,No,Yes,Yes,Two year,Yes,Electronic check,43.11,2549.59,No
PZBC-6364,Female,0,No,No,51,Yes,Yes,DSL,Yes,Yes,No,Yes,No,Yes,Two year,Yes,Credit card (automatic),48.68,2482.94,No
HHUG-5784,Female,0,Yes,No,21,Yes,No,Fiber optic,Yes,No,Yes,Yes,No,No,Two year,No,Credit card (automatic),101.93,2143.68,No
WNAX-2057,Male,0,Yes,No,70,Yes,No,Fiber optic,No,No,Yes,Yes,No,Yes,Month-to-month,No,Electronic check,83.25,5831.16,No
CASO-4788,Female,0,No,Yes,37,Yes,No,DSL,Yes,No,No,Yes,No,Yes,Month-to-month,Yes,Mailed check,28.46,1047.49,No
TXKE-2415,Male,0,No,Yes,64,No,No phone service,Fiber optic,No,No,No,No,Yes,No,Month-to-month,Yes,Electronic check,80.13,5128.08,Yes
AVUI-6569,Female,0,No,Yes,50,Yes,Yes,No,No internet service,No internet service,No internet service,No internet service,No internet service,No internet service,Month-to-month,No,Credit card (automatic),20.67,1033.46,No
EAOY-4354,Male,1,No,Yes,22,Yes,No,Fiber optic,Yes,Yes,No,No,Yes,No,Month-to-month,No,Bank transfer (automatic),60.41,1317.16,No
QRDX-4617,Male,0,Yes,No,14,Yes,No,Fiber optic,No,No,Yes,No,Yes,Yes,One year,No,Bank transfer (automatic),103.45,1448.52,No
EDYV-3729,Male,0,Yes,No,30,Yes,No,Fiber optic,Yes,No,No,Yes,No,No,Two year,Yes,Bank transfer (automatic),87.36,2609.63,No
RWLO-3398,Male,0,Yes,Yes,27,Yes,No,Fiber optic,Yes,No,No,Yes,No,Yes,Month-to-month,No,Credit card (automatic),94.89,2563.73,No
BAOW-7213,Male,0,Yes,Yes,66,Yes,No,No,No internet service,No internet service,No internet service,No internet service,No internet service,No internet service,Two year,No,Bank transfer (automatic),20.12,1329.87,No
RLRU-9478,Female,0,Yes,No,41,Yes,Yes,Fiber optic,No,Yes,Yes,No,No,Yes,Two year,Yes,Credit card (automatic),51.91,2124.39,No
RQSF-4771,Female,1,Yes,No,24,Yes,Yes,Fiber optic,No,Yes,No,Yes,Yes,Yes,One year,No,Bank transfer (automatic),108.39,2597.32,No
INNT-0154,Male,1,No,No,32,Yes,Yes,Fiber optic,Yes,Yes,Yes,No,Yes,No,One year,Yes,Electronic check,55.51,1775.76,No
LWYP-5516,Female,1,Yes,No,22,Yes,No,No,No internet service,No internet service,No internet service,No internet service,No internet service,No internet service,Month-to-month,Yes,Electronic check,18.32,405.22,No
BMWH-0878,Female,0,No,Yes,52,Yes,No,DSL,No,Yes,Yes,No,No,No,Month-to-month,Yes,Electronic check,27.25,1414.78,No
EMND-0833,Male,0,Yes,Yes,15,Yes,No,Fiber optic,No,No,Yes,No,No,No,Two year,Yes,Bank transfer (automatic),105.38,1584.75,No
DBMD-1769,Male,0,No,No,36,Yes,No,DSL,No,No,Yes,No,Yes,Yes,Two year,No,Electronic check,57.1,2047.09,No
BNBR-0550,Male,0,Yes,Yes,4,No,No phone service,DSL,No,Yes,No,Yes,No,Yes,Month-to-month,No,Credit card (automatic),46.42,183.84,No
QVKF-3285,Male,0,Yes,No,10,Yes,No,Fiber optic,No,No,Yes,No,Yes,No,One year,Yes,Credit card (automatic),80.84,806.02,No
QCQS-1426,Male,0,Yes,No,11,Yes,No,No,No internet service,No internet service,No internet service,No internet service,No internet service,No internet service,Two year,Yes,Bank transfer (automatic),26.51,287.81,No
HGRJ-9692,Female,0,No,No,20,Yes,No,No,No internet service,No internet service,No internet service,No internet service,No internet service,No internet service,Month-to-month,Yes,Credit card (automatic),24.95,500.5,Yes
WABZ-0811,Female,1,No,No,17,Yes,Yes,DSL,No,Yes,Yes,Yes,Yes,No,One year,Yes,Electronic check,69.18,1174.67,No
VGNR-3248,Female,0,No,Yes,13,Yes,Yes,DSL,No,Yes,No,Yes,No,No,Two year,No,Bank transfer (automatic),29.34,385.69,No
RMEX-5397,Male,0,No,No,32,Yes,Yes,Fiber optic,Yes,Yes,No,Yes,No,No,Two year,Yes,Mailed check,101.72,3264.48,No
STKI-4518,Female,0,No,No,20,Yes,Yes,Fiber optic,No,No,Yes,No,Yes,No,Month-to-month,Yes,Bank transfer (automatic),78.48,1576.47,Yes
HWYU-4848,Male,1,Yes,No,25,Yes,Yes,Fiber optic,No,No,No,Yes,Yes,No,Month-to-month,Yes,Credit card (automatic),62.31,1554.86,Yes
AZJH-2741,Male,0,Yes,No,24,Yes,No,Fiber optic,Yes,Yes,No,Yes,Yes,No,Month-to-month,Yes,Mailed check,47.23,1129.6,No
IDNG-7656,Male,0,No,No,34,Yes,No,Fiber optic,No,No,Yes,No,Yes,Yes,Two year,No,Electronic check,105.94,3599.62,No
TZQE-7954,Male,0,No,No,62,Yes,No,Fiber optic,No,Yes,No,Yes,Yes,No,Two year,Yes,Electronic check,94.74,5874.08,No
BZEJ-2123,Female,0,Yes,No,19,Yes,Yes,DSL,No,No,No,No,Yes,Yes,Two year,No,Bank transfer (automatic),51.68,976.98,No
RTTO-5466,Male,0,No,Yes,62,Yes,Yes,DSL,No,No,Yes,No,Yes,Yes,Two year,Yes,Electronic check,50.27,3111.54,No
CIGW-1922,Female,0,No,Yes,65,Yes,No,DSL,Yes,Yes,Yes,Yes,No,Yes,Month-to-month,No,Electronic check,66.79,4343.73,Yes
VTDA-5777,Male,0,No,No,11,Yes,Yes,DSL,No,Yes,No,Yes,No,Yes,Two year,Yes,Bank transfer (automatic),59.92,658.87,No
UZVE-3333,Female,0,No,No,31,Yes,No,No,No internet service,No internet service,No internet service,No internet service,No internet service,No internet service,One year,Yes,Electronic check,27.82,861.08,No
VOFE-8795,Female,0,Yes,No,47,Yes,Yes,DSL,Yes,Yes,No,No,Yes,Yes,Month-to-month,Yes,Credit card (automatic),54.69,2572.06,No
KIEJ-3537,Male,0,No,No,58,Yes,Yes,DSL,Yes,No,Yes,No,No,No,Two year,No,Credit card (automatic),50.4,2917.92,No
WUJV-6186,Female,0,No,No,19,Yes,No,No,No internet service,No internet service,No internet service,No internet service,No internet service,No internet service,Month-to-month,No,Bank transfer (automatic),20.04,385.83,Yes
XUOS-1120,Female,0,Yes,No,36,Yes,No,No,No internet service,No internet service,No internet service,No internet service,No internet service,No internet service,Month-to-month,Yes,Bank transfer (automatic),29.92,1075.57,No
AGJL-7560,Male,1,Yes,Yes,39,Yes,No,DSL,No,No,Yes,Yes,No,No,One year,No,Electronic check,72.85,2844.85,No
NQYU-6530,Female,0,No,No,60,Yes,Yes,Fiber optic,Yes,Yes,Yes,Yes,No,Yes,Month-to-month,Yes,Bank transfer (automatic),55.72,3345.6,No
TZZH-0171,Female,0,Yes,Yes,55,Yes,Yes,DSL,Yes,No,Yes,No,No,No,Two year,No,Electronic check,53.88,2969.57,No
KMLO-9822,Female,0,Yes,Yes,13,Yes,Yes,Fiber optic,Yes,Yes,No,No,No,No,Two year,Yes,Electronic check,83.3,1080.94,No
FCIK-7357,Male,0,No,No,35,Yes,Yes,Fiber optic,No,No,Yes,No,No,Yes,One year,No,Credit card (automatic),74.64,2619.34,No
TOEG-7673,Male,1,Yes,No,33,Yes,Yes,Fiber optic,Yes,Yes,Yes,No,No,No,Month-to-month,No,Credit card (automatic),70.58,2330.72,No
AVEK-3108,Female,0,Yes,No,5,Yes,No,No,No internet service,No internet service,No internet service,No internet service,No internet service,No internet service,Month-to-month,Yes,Bank transfer (automatic),25.68,123.94,No
LBIF-5152,Female,0,Yes,No,45,Yes,No,DSL,Yes,No,No,No,No,No,Month-to-month,Yes,Electronic check,52.64,2371.83,No
OGMJ-3849,Female,1,Yes,No,21,No,No phone service,Fiber optic,No,No,No,No,Yes,No,Month-to-month,No,Bank transfer (automatic),53.87,1126.87,Yes
SQAM-3993,Female,0,Yes,No,22,Yes,Yes,Fiber optic,No,No,No,No,Yes,Yes,Month-to-month,Yes,Credit card (automatic),107.19,2356.08,No
IHTF-6973,Male,0,Yes,No,63,No,No phone service,Fiber optic,No,Yes,No,Yes,Yes,No,Month-to-month,No,Mailed check,81.35,5125.1,No
QENQ-3660,Female,0,No,Yes,43,Yes,No,DSL,No,No,No,No,No,Yes,One year,Yes,Credit card (automatic),31.07,1336.64,No
YBUV-0165,Female,0,No,No,10,Yes,No,Fiber optic,Yes,No,No,No,No,No,Two year,Yes,Bank transfer (automatic),50.61,499.42,No
FFNW-9881,Female,0,No,No,67,Yes,Yes,Fiber optic,No,No,Yes,No,No,No,Month-to-month,Yes,Credit card (automatic),98.08,6572.5,Yes
REZW-2232,Male,0,Yes,No,60,Yes,No,Fiber optic,Yes,Yes,No,No,Yes,Yes,Two year,Yes,Mailed check,54.52,3278.27,No
OSHW-6918,Female,0,No,No,55,Yes,Yes,Fiber optic,No,No,Yes,Yes,No,Yes,One year,Yes,Mailed check,68.25,3757.8,No
VSII-5957,Female,0,Yes,No,50,Yes,Yes,No,No internet service,No internet service,No internet service,No internet service,No internet service,No internet service,Month-to-month,No,Credit card (automatic),22.34,1122.35,No
HOFG-3037,Male,0,Yes,Yes,62,No,No phone service,DSL,No,Yes,Yes,No,No,Yes,Month-to-month,No,Bank transfer (automatic),27.99,1732.57,No
MXNR-6017,Female,0,No,Yes,29,Yes,Yes,Fiber optic,No,Yes,Yes,Yes,No,No,Two year,Yes,Mailed check,84.51,2449.61,No
KJMT-2153,Female,0,No,No,9,No,No phone service,Fiber optic,Yes,Yes,No,No,Yes,Yes,Month-to-month,Yes,Electronic check,105.86,957.73,No
CSZC-7884,Female,0,No,Yes,22,Yes,No,Fiber optic,No,No,Yes,No,No,No,Two year,Yes,Mailed check,50.76,1110.39,No
QJUQ-8976,Male,0,No,Yes,0,Yes,No,No,No internet service,No internet service,No internet service,No internet service,No internet service,No internet service,Two year,Yes,Electronic check,26.6,0.0,No
BBDI-8746,Male,0,No,No,47,Yes,Yes,Fiber optic,Yes,No,Yes,Yes,No,Yes,Month-to-month,No,Electronic check,79.85,3749.48,No
YSDB-8654,Female,0,No,No,3,Yes,No,No,No internet service,No internet service,No internet service,No internet service,No internet service,No internet service,Month-to-month,Yes,Electronic check,22.47,65.95,No
WSUR-4696,Female,0,No,No,27,Yes,Yes,DSL,No,No,No,No,No,No,One year,Yes,Electronic check,35.75,963.64,No
ICXE-6003,Male,0,Yes,No,43,Yes,Yes,Fiber optic,No,Yes,No,No,No,Yes,Two year,Yes,Mailed check,45.64,1969.03,No
EZSF-2402,Male,0,No,Yes,66,Yes,No,Fiber optic,Yes,No,No,Yes,Yes,No,Month-to-month,No,Bank transfer (automatic),52.36,3454.95,Yes
WCUW-1234,Female,0,Yes,No,1,Yes,No,Fiber optic,Yes,Yes,Yes,No,No,No,Two year,Yes,Electronic check,100.57,110.63,No
LYIP-3831,Female,0,No,Yes,57,Yes,No,DSL,Yes,Yes,Yes,No,Yes,No,Month-to-month,Yes,Mailed check,39.42,2245.22,No
ZAGT-7775,Female,0,No,No,5,Yes,No,Fiber optic,Yes,No,Yes,Yes,No,No,Month-to-month,Yes,Credit card (automatic),100.19,504.71,Yes
INTE-3414,Male,0,Yes,No,41,Yes,No,Fiber optic,No,No,Yes,No,No,Yes,Month-to-month,Yes,Credit card (automatic),63.97,2624.69,No
JXIG-6519,Male,0,Yes,Yes,16,Yes,No,No,No internet service,No internet service,No internet service,No internet service,No internet service,No internet service,Month-to-month,Yes,Bank transfer (automatic),26.08,416.91,No
LKJM-8450,Male,0,Yes,No,36,Yes,No,Fiber optic,Yes,No,No,No,No,No,Two year,Yes,Bank transfer (automatic),64.16,2310.37,No
EFJK-1634,Male,0,Yes,Yes,43,Yes,No,DSL,No,Yes,No,Yes,No,No,One year,No,Mailed check,73.54,3164.61,No
SUTJ-5129,Male,0,No,No,22,Yes,No,Fiber optic,No,No,No,Yes,Yes,No,Month-to-month,Yes,Credit card (automatic),53.0,1162.15,No
QGYB-6245,Female,1,Yes,Yes,39,Yes,Yes,Fiber optic,No,No,No,Yes,Yes,No,Month-to-month,Yes,Electronic check,62.01,2416.79,No
HDRS-7654,Female,1,No,No,43,Yes,No,DSL,No,Yes,Yes,No,Yes,Yes,Two year,Yes,Credit card (automatic),58.02,2490.58,No
EQFM-8790,Female,0,No,No,30,Yes,Yes,DSL,No,Yes,Yes,Yes,Yes,No,One year,No,Electronic check,36.1,1078.66,Yes
KFCF-8575,Male,0,Yes,No,12,Yes,No,No,No internet service,No internet service,No internet service,No internet service,No internet service,No internet service,Month-to-month,No,Bank transfer (automatic),26.41,314.49,No
FWKJ-3736,Female,0,Yes,Yes,19,No,No phone service,Fiber optic,No,Yes,No,No,Yes,Yes,One year,Yes,Credit card (automatic),103.92,1971.85,No
AYZI-6719,Male,0,No,No,46,Yes,No,No,No internet service,No internet service,No internet service,No internet service,No internet service,No internet service,Two year,Yes,Credit card (automatic),18.68,857.87,No
NLZW-0254,Male,0,Yes,No,9,No,No phone service,Fiber optic,Yes,No,Yes,Yes,Yes,Yes,One year,Yes,Bank transfer (automatic),85.34,768.4,No
EYFC-1893,Female,0,Yes,No,64,Yes,Yes,No,No internet service,No internet service,No internet service,No internet service,No internet service,No internet service,Month-to-month,Yes,Electronic check,19.68,1269.63,No
KEIE-6113,Female,0,No,No,51,Yes,Yes,Fiber optic,Yes,No,Yes,No,No,Yes,One year,No,Bank transfer (automatic),94.3,4805.47,No
XBZW-0895,Female,1,Yes,Yes,62,Yes,No,Fiber optic,No,No,No,No,No,No,Two year,No,Electronic check,69.05,4284.76,No
QZFN-4443,Female,0,No,No,28,Yes,Yes,No,No internet service,No internet service,No internet service,No internet service,No internet service,No internet service,One year,Yes,Credit card (automatic),22.25,615.07,No
WYMD-1116,Female,1,No,Yes,53,Yes,No,DSL,No,No,No,Yes,No,Yes,One year,No,Electronic check,43.63,2305.65,No
DTQT-5136,Male,0,Yes,Yes,49,Yes,Yes,DSL,No,No,No,No,Yes,Yes,Two year,Yes,Electronic check,68.29,3347.37,No
MIBH-5710,Male,0,Yes,Yes,64,No,No phone service,Fiber optic,Yes,No,No,Yes,No,Yes,Month-to-month,No,Electronic check,88.83,5681.84,No
WIIB-3061,Male,1,Yes,No,43,Yes,No,DSL,No,No,No,Yes,Yes,No,Month-to-month,Yes,Bank transfer (automatic),60.17,2588.59,No
DLBA-6513,Female,0,Yes,No,7,Yes,No,Fiber optic,No,No,No,Yes,No,Yes,Month-to-month,No,Electronic check,49.92,356.64,No
LSCS-3006,Female,0,Yes,No,8,Yes,Yes,No,No internet service,No internet service,No internet service,No internet service,No internet service,No internet service,Month-to-month,No,Bank transfer (automatic),18.62,147.62,No
ESYU-9280,Female,1,Yes,No,22,Yes,No,DSL,Yes,No,Yes,No,No,No,Month-to-month,Yes,Mailed check,43.39,953.7,No
INEV-1720,Female,0,Yes,No,33,Yes,Yes,Fiber optic,Yes,Yes,No,No,Yes,No,One year,No,Credit card (automatic),66.92,2212.65,No
WLST-4086,Male,0,No,Yes,15,Yes,No,Fiber optic,No,No,No,Yes,No,Yes,Month-to-month,No,Electronic check,68.06,1018.83,No
BQPP-1227,Female,0,Yes,No,61,Yes,No,DSL,Yes,No,Yes,No,No,Yes,Month-to-month,No,Electronic check,64.95,3965.62,Yes
UYSP-5370,Female,0,Yes,Yes,64,Yes,Yes,DSL,No,Yes,No,No,Yes,No,Two year,Yes,Mailed check,37.51,2400.33,No
DGYA-7133,Female,0,No,Yes,51,Yes,Yes,Fiber optic,No,Yes,No,No,No,No,Two year,No,Credit card (automatic),71.34,3639.52,No
NHRG-2847,Female,0,No,No,22,Yes,No,No,No internet service,No internet service,No internet service,No internet service,No internet service,No internet service,Month-to-month,Yes,Electronic check,21.64,478.59,Yes
EQYJ-6364,Female,0,No,No,37,Yes,Yes,Fiber optic,No,No,Yes,Yes,No,No,Month-to-month,Yes,Mailed check,54.08,2006.8,No
JNIR-3540,Male,1,No,Yes,39,No,No phone service,DSL,No,No,No,No,No,Yes,Month-to-month,No,Mailed check,53.46,2087.7,Yes
IYCP-3397,Female,1,Yes,No,7,Yes,Yes,Fiber optic,Yes,Yes,Yes,No,No,Yes,One year,No,Bank transfer (automatic),77.71,548.56,Yes
VOBT-0237,Female,0,No,Yes,31,Yes,No,Fiber optic,No,No,Yes,Yes,Yes,Yes,Month-to-month,No,Electronic check,61.88,1918.59,Yes
SUQD-1342,Female,0,No,No,39,Yes,No,Fiber optic,No,No,No,Yes,Yes,No,Month-to-month,No,Electronic check,82.51,3219.3,No
VRUT-4856,Male,0,No,No,65,Yes,No,DSL,Yes,No,No,No,Yes,Yes,Month-to-month,No,Mailed check,29.82,1933.49,No
XOIN-4719,Female,0,No,No,47,Yes,No,DSL,Yes,Yes,Yes,Yes,No,Yes,Two year,Yes,Mailed check,46.87,2207.84,No
YRMU-5379,Male,1,No,Yes,12,Yes,No,No,No internet service,No internet service,No internet service,No internet service,No internet service,No internet service,Two year,No,Electronic check,19.12,228.76,No
SKER-2742,Male,0,No,No,26,Yes,No,DSL,Yes,Yes,No,No,Yes,No,Month-to-month,Yes,Bank transfer (automatic),52.87,1381.23,No
UYCL-9674,Female,0,Yes,No,45,Yes,Yes,No,No internet service,No internet service,No internet service,No internet service,No internet service,No internet service,Two year,Yes,Electronic check,18.96,856.64,No
SFLS-8126,Female,0,No,Yes,70,Yes,No,DSL,No,Yes,No,No,No,Yes,Month-to-month,No,Mailed check,53.94,3767.9,No
NZXU-4438,Female,0,No,No,2,Yes,No,DSL,Yes,No,Yes,No,No,Yes,Month-to-month,No,Mailed check,52.42,107.2,No
VPMH-7481,Female,0,Yes,Yes,60,Yes,No,Fiber optic,No,No,No,Yes,No,Yes,Month-to-month,No,Credit card (automatic),56.97,3414.67,No
HCWI-4730,Male,0,No,Yes,71,Yes,Yes,DSL,No,Yes,Yes,Yes,No,Yes,Month-to-month,Yes,Electronic check,64.99,4605.27,Yes
AVHP-9132,Male,0,Yes,Yes,64,No,No phone service,No,No internet service,No internet service,No internet service,No internet service,No internet service,No internet service,Month-to-month,No,Bank transfer (automatic),28.69,1838.8,No
ICKH-6078,Male,0,Yes,Yes,16,Yes,Yes,DSL,No,No,No,Yes,No,Yes,Month-to-month,Yes,Mailed check,60.8,966.76,Yes
XZZQ-6841,Male,0,Yes,No,25,Yes,No,Fiber optic,No,Yes,Yes,Yes,No,Yes,Month-to-month,Yes,Credit card (automatic),63.4,1587.82,No
XYWM-4753,Female,0,Yes,No,28,Yes,No,Fiber optic,No,No,Yes,Yes,Yes,Yes,Month-to-month,Yes,Mailed check,97.16,2726.06,No
AFXS-6680,Female,1,No,No,71,Yes,No,DSL,Yes,No,Yes,No,Yes,Yes,Month-to-month,Yes,Bank transfer (automatic),57.14,4056.04,No
UXMS-4083,Male,0,Yes,No,37,No,No phone service,Fiber optic,No,Yes,No,Yes,No,Yes,One year,No,Electronic check,97.49,3611.79,No
USRW-4921,Male,0,No,No,50,Yes,Yes,No,No internet service,No internet service,No internet service,No internet service,No internet service,No internet service,Two year,Yes,Bank transfer (automatic),21.83,1097.52,Yes
ZVJF-2802,Male,0,Yes,No,42,Yes,Yes,No,No internet service,No internet service,No internet service,No internet service,No internet service,No internet service,One year,No,Bank transfer (automatic),24.82,1048.44,No
MQWR-3373,Male,0,No,Yes,71,Yes,No,Fiber optic,No,Yes,No,No,No,Yes,Two year,No,Electronic check,62.05,4404.4,No
SJCU-5646,Female,0,No,Yes,7,Yes,No,No,No internet service,No internet service,No internet service,No internet service,No internet service,No internet service,Month-to-month,No,Electronic check,19.14,133.14,No
TEVI-5906,Male,0,No,No,24,Yes,Yes,No,No internet service,No internet service,No internet service,No internet service,No internet service,No internet service,One year,No,Mailed check,27.83,671.22,Yes
KMSF-1601,Male,1,No,No,54,Yes,No,Fiber optic,No,Yes,No,No,No,No,Month-to-month,Yes,Credit card (automatic),73.9,3997.77,Yes
IYWR-4311,Male,1,Yes,No,44,No,No phone service,DSL,No,No,No,Yes,No,Yes,Month-to-month,Yes,Electronic check,42.52,1876.41,Yes
JHUH-1129,Male,0,No,Yes,66,Yes,No,DSL,No,No,No,Yes,Yes,No,Two year,Yes,Mailed check,37.45,2485.1,No
HOHS-0632,Female,0,No,No,56,Yes,No,Fiber optic,No,No,Yes,Yes,Yes,No,One year,Yes,Electronic check,108.14,6055.86,No
ULPV-0852,Male,0,Yes,Yes,48,Yes,No,No,No internet service,No internet service,No internet service,No internet service,No internet service,No internet service,Month-to-month,Yes,Electronic check,27.19,1290.54,No
AYRZ-5525,Male,0,Yes,No,53,No,No phone service,Fiber optic,No,Yes,No,No,No,No,Month-to-month,Yes,Bank transfer (automatic),100.92,5347.56,No
NRPX-0508,Male,0,No,No,46,Yes,Yes,Fiber optic,Yes,No,No,No,Yes,No,Month-to-month,No,Mailed check,107.59,4949.26,No
MMIF-5848,Male,0,No,No,63,Yes,No,Fiber optic,No,Yes,No,Yes,Yes,Yes,Two year,No,Mailed check,109.61,6907.13,No
UNND-1109,Male,0,No,No,23,Yes,Yes,Fiber optic,Yes,Yes,No,Yes,Yes,Yes,Month-to-month,No,Mailed check,98.73,2273.46,No
NSQV-6863,Female,1,No,No,61,Yes,No,Fiber optic,Yes,No,Yes,No,Yes,No,Month-to-month,No,Bank transfer (automatic),48.04,2931.93,No
NTXT-0820,Male,0,No,No,32,Yes,No,Fiber optic,No,Yes,No,No,No,No,Month-to-month,Yes,Mailed check,52.31,1675.89,Yes
YNMZ-9482,Male,0,No,Yes,39,Yes,No,DSL,No,Yes,Yes,No,No,No,Month-to-month,Yes,Electronic check,40.32,1581.63,Yes
VKLK-6479,Male,0,Yes,Yes,28,Yes,Yes,DSL,Yes,Yes,No,Yes,Yes,No,One year,No,Bank transfer (automatic),28.93,810.68,No
FPLF-6716,Male,1,No,No,7,Yes,Yes,DSL,No,No,No,Yes,Yes,No,Two year,No,Credit card (automatic),70.04,487.06,No
IMQM-0640,Female,0,No,Yes,15,No,No phone service,Fiber optic,Yes,Yes,No,No,No,No,Month-to-month,No,Bank transfer (automatic),99.01,1491.61,No
POQB-9828,Female,1,No,No,32,No,No phone service,No,No internet service,No internet service,No internet service,No internet service,No internet service,No internet service,Month-to-month,Yes,Credit card (automatic),19.01,604.3,No
FZFG-9727,Female,1,Yes,Yes,63,Yes,No,Fiber optic,Yes,No,Yes,Yes,Yes,No,Month-to-month,Yes,Mailed check,81.77,5160.37,No
OVFK-2576,Male,1,No,No,10,Yes,No,DSL,Yes,Yes,No,No,No,No,Two year,Yes,Electronic check,34.37,340.0,No
JJWC-9244,Female,0,Yes,No,28,Yes,No,DSL,No,Yes,No,No,Yes,Yes,Month-to-month,Yes,Electronic check,25.33,714.6,Yes
IMIZ-4457,Male,0,No,No,48,Yes,Yes,DSL,Yes,Yes,No,No,Yes,No,Month-to-month,No,Credit card (automatic),56.6,2716.73,No
FNKM-5803,Female,1,Yes,No,65,Yes,No,Fiber optic,No,Yes,Yes,No,No,Yes,Two year,Yes,Electronic check,97.28,6333.73,No
PZZL-1829,Female,1,No,No,4,Yes,No,DSL,No,No,No,No,No,Yes,Two year,No,Mailed check,28.29,121.6,No
KBHT-1366,Female,0,Yes,No,52,Yes,Yes,No,No internet service,No internet service,No internet service,No internet service,No internet service,No internet service,One year,No,Bank transfer (automatic),26.29,1364.27,No
ALAC-1236,Female,0,No,No,43,Yes,No,No,No internet service,No internet service,No internet service,No internet service,No internet service,No internet service,Month-to-month,Yes,Mailed check,21.91,936.0,No
RWEO-7749,Male,0,Yes,Yes,6,Yes,Yes,No,No internet service,No internet service,No internet service,No internet service,No internet service,No internet service,Month-to-month,Yes,Mailed check,19.74,115.41,Yes
HYGF-6625,Female,1,No,No,69,Yes,Yes,Fiber optic,No,No,No,Yes,No,No,Month-to-month,No,Electronic check,96.47,6647.08,No
VYAM-6093,Female,0,No,No,68,Yes,Yes,DSL,Yes,No,Yes,Yes,No,Yes,One year,No,Credit card (automatic),56.69,3852.91,No
GFFU-6859,Male,0,No,No,26,Yes,No,Fiber optic,No,No,No,Yes,Yes,Yes,Two year,No,Electronic check,94.24,2457.99,No
GIWF-2098,Female,0,No,No,53,Yes,No,DSL,Yes,Yes,Yes,Yes,No,Yes,One year,Yes,Electronic check,51.3,2714.52,No
WOSJ-8226,Female,0,Yes,No,72,No,No phone service,DSL,Yes,No,No,No,No,Yes,Month-to-month,No,Electronic check,57.81,4163.0,No
BZNW-6091,Female,1,Yes,No,22,Yes,No,Fiber optic,No,No,No,Yes,Yes,No,Month-to-month,Yes,Electronic check,66.22,1457.9,Yes
EDCZ-7682,Male,0,Yes,No,57,No,No phone service,Fiber optic,No,No,No,Yes,Yes,Yes,Month-to-month,Yes,Electronic check,58.68,3336.2,No
JAIP-8079,Male,0,Yes,No,16,No,No phone service,DSL,No,No,No,No,No,No,Month-to-month,Yes,Mailed check,64.07,1019.54,No
AFIS-5246,Female,0,Yes,No,45,Yes,No,DSL,No,Yes,No,Yes,Yes,Yes,Month-to-month,No,Electronic check,72.2,3260.48,No
ZLTT-6409,Female,1,Yes,No,46,Yes,Yes,DSL,Yes,No,No,No,No,Yes,Month-to-month,Yes,Electronic check,61.92,2847.38,Yes
OMOB-5863,Male,0,No,No,58,Yes,No,No,No internet service,No internet service,No internet service,No internet service,No internet service,No internet service,Month-to-month,No,Bank transfer (automatic),27.61,1593.24,No
LOMB-3410,Male,0,No,No,44,Yes,No,No,No internet service,No internet service,No internet service,No internet service,No internet service,No internet service,Month-to-month,No,Electronic check,19.31,855.51,No
PDKM-5008,Female,0,No,No,61,Yes,Yes,Fiber optic,No,No,No,No,No,No,Month-to-month,Yes,Electronic check,106.69,6513.54,No
URKN-1313,Male,0,Yes,Yes,53,No,No phone service,No,No internet service,No internet service,No internet service,No internet service,No internet service,No internet service,Two year,No,Credit card (automatic),21.66,1146.8,No
MFGV-3923,Female,1,No,Yes,12,Yes,Yes,Fiber optic,No,No,No,Yes,No,Yes,Two year,Yes,Electronic check,73.52,880.02,No
UTCA-2453,Male,0,No,No,11,Yes,No,No,No internet service,No internet service,No internet service,No internet service,No internet service,No internet service,Month-to-month,No,Electronic check,25.52,280.69,No
QJGM-8558,Male,0,No,Yes,1,Yes,Yes,No,No internet service,No internet service,No internet service,No internet service,No internet service,No internet service,Month-to-month,Yes,Mailed check,24.32,15.86,No
TPUU-4709,Female,0,No,No,41,Yes,Yes,No,No internet service,No internet service,No internet service,No internet service,No internet service,No internet service,Two year,Yes,Electronic check,28.01,1140.82,No
KOZC-7813,Female,0,Yes,No,53,Yes,No,Fiber optic,Yes,Yes,Yes,No,No,No,Month-to-month,Yes,Mailed check,79.48,4217.97,No
PXPU-0588,Female,1,No,No,10,Yes,Yes,No,No internet service,No internet service,No internet service,No internet service,No internet service,No internet service,Month-to-month,No,Credit card (automatic),27.66,283.58,Yes
KATQ-6217,Male,0,No,No,21,Yes,No,Fiber optic,No,No,No,No,No,Yes,Month-to-month,Yes,Electronic check,49.35,1030.88,No
YWVZ-5844,Female,0,No,Yes,48,Yes,No,DSL,No,No,No,No,No,No,One year,Yes,Credit card (automatic),34.57,1661.5,No
RVNL-5536,Female,1,Yes,Yes,36,Yes,No,DSL,Yes,No,Yes,No,No,Yes,Month-to-month,Yes,Credit card (automatic),41.11,1481.59,No
OYQC-9845,Male,0,Yes,Yes,35,Yes,Yes,Fiber optic,Yes,No,No,Yes,Yes,Yes,One year,Yes,Bank transfer (automatic),81.71,2861.53,No
HIXC-9046,Male,0,No,Yes,48,No,No phone service,DSL,Yes,No,Yes,No,Yes,No,Month-to-month,Yes,Mailed check,56.62,2725.17,No
BATC-3010,Female,0,No,No,57,Yes,Yes,DSL,Yes,No,Yes,No,No,No,Month-to-month,No,Mailed check,58.26,3323.06,No
SDQV-1947,Male,0,No,No,2,Yes,No,Fiber optic,No,Yes,No,Yes,Yes,Yes,Two year,Yes,Electronic check,58.3,122.85,No
TEYB-1552,Female,0,Yes,Yes,65,Yes,Yes,Fiber optic,No,No,No,Yes,Yes,No,Two year,No,Mailed check,88.21,5730.75,Yes
LYMQ-2773,Male,0,No,No,32,Yes,No,No,No internet service,No internet service,No internet service,No internet service,No internet service,No internet service,Month-to-month,Yes,Mailed check,18.87,598.03,Yes
XZMH-0201,Male,0,Yes,No,17,No,No phone service,Fiber optic,No,Yes,No,Yes,Yes,No,One year,Yes,Mailed check,63.08,1074.67,No
TCOV-4496,Male,0,Yes,No,47,Yes,No,Fiber optic,Yes,No,Yes,Yes,No,No,Two year,No,Electronic check,74.88,3515.73,No
WYHC-1095,Male,0,No,No,70,Yes,Yes,Fiber optic,No,No,No,No,No,No,Month-to-month,Yes,Bank transfer (automatic),87.75,6140.83,No
MDCK-1130,Female,0,No,No,36,Yes,No,Fiber optic,No,Yes,No,No,No,No,One year,No,Electronic check,104.27,3754.77,No
FJKE-9818,Male,1,No,No,49,Yes,No,DSL,Yes,Yes,No,Yes,No,No,Two year,Yes,Mailed check,49.21,2410.44,No
YJIP-9934,Female,0,Yes,No,35,Yes,No,DSL,No,No,No,Yes,No,No,Month-to-month,Yes,Electronic check,72.78,2548.19,No
XNHA-9095,Male,0,Yes,Yes,26,Yes,Yes,No,No internet service,No internet service,No internet service,No internet service,No internet service,No internet service,Two year,No,Credit card (automatic),26.19,687.99,No
GRBU-8477,Female,0,Yes,No,21,Yes,Yes,DSL,Yes,No,No,No,No,No,One year,Yes,Bank transfer (automatic),61.52,1282.26,No
EXOH-4430,Female,0,No,No,30,Yes,No,DSL,No,No,Yes,Yes,No,No,Month-to-month,No,Electronic check,42.83,1287.07,No
IBAV-4066,Male,0,Yes,No,39,Yes,No,No,No internet service,No internet service,No internet service,No internet service,No internet service,No internet service,Month-to-month,Yes,Credit card (automatic),29.26,1139.88,No
SXOF-3999,Female,0,Yes,Yes,53,Yes,No,Fiber optic,Yes,No,No,Yes,Yes,No,Two year,Yes,Mailed check,108.87,5776.08,No
LMOS-0114,Female,0,No,No,63,Yes,No,Fiber optic,No,Yes,Yes,Yes,Yes,No,One year,Yes,Mailed check,99.98,6303.06,No
DBPY-6771,Female,0,No,No,69,Yes,No,No,No internet service,No internet service,No internet service,No internet service,No internet service,No internet service,Month-to-month,Yes,Electronic check,25.17,1736.71,Yes
OESJ-8853,Female,1,No,No,52,Yes,No,Fiber optic,Yes,Yes,No,No,No,Yes,Month-to-month,Yes,Electronic check,105.06,5455.44,Yes
HESM-7540,Female,0,Yes,No,53,Yes,Yes,Fiber optic,No,No,Yes,No,No,No,Month-to-month,Yes,Electronic check,94.23,4995.75,No
SWSQ-7649,Female,0,Yes,Yes,53,Yes,No,Fiber optic,Yes,No,No,No,Yes,Yes,Month-to-month,Yes,Mailed check,77.99,4127.88,No
EVGP-2306,Male,0,Yes,Yes,70,No,No phone service,DSL,No,Yes,No,No,No,Yes,Month-to-month,No,Electronic check,46.97,3285.96,No
ZRWV-3166,Female,0,No,No,5,Yes,No,Fiber optic,Yes,Yes,Yes,No,Yes,Yes,Month-to-month,No,Electronic check,59.81,298.61,No
UYCY-4180,Female,0,Yes,No,63,Yes,No,Fiber optic,No,No,No,No,No,No,Two year,No,Credit card (automatic),59.39,3750.72,No
APOM-6276,Female,1,Yes,Yes,53,Yes,No,DSL,Yes,No,No,No,Yes,Yes,Two year,Yes,Electronic check,54.22,2878.35,No
MPWA-0114,Male,0,No,Yes,64,Yes,Yes,No,No internet service,No internet service,No internet service,No internet service,No internet service,No internet service,Month-to-month,Yes,Credit card (automatic),24.01,1536.44,No
YWRE-4787,Male,0,No,No,45,Yes,No,Fiber optic,No,Yes,No,No,No,No,Two year,No,Credit card (automatic),80.64,3620.98,No
NMRD-1536,Male,0,No,Yes,41,Yes,No,DSL,Yes,No,Yes,No,Yes,No,Month-to-month,No,Mailed check,57.01,2335.49,Yes
MBIE-0232,Female,0,Yes,No,55,Yes,No,Fiber optic,No,No,Yes,No,No,No,Month-to-month,Yes,Credit card (automatic),105.81,5812.78,No
VMFJ-6898,Male,0,No,No,39,Yes,Yes,No,No internet service,No internet service,No internet service,No internet service,No internet service,No internet service,Two year,No,Mailed check,26.35,1027.67,No
WASE-9554,Male,0,No,No,14,Yes,Yes,Fiber optic,No,No,Yes,No,Yes,Yes,Two year,Yes,Credit card (automatic),87.12,1221.56,No
FYMA-0878,Male,0,Yes,Yes,29,Yes,No,DSL,Yes,No,No,No,No,No,Month-to-month,No,Credit card (automatic),44.36,1286.77,No
WJFI-1315,Female,0,No,Yes,22,Yes,No,Fiber optic,No,Yes,Yes,Yes,Yes,Yes,Two year,No,Electronic check,97.57,2140.41,No
QGWW-3741,Male,1,No,No,11,Yes,No,Fiber optic,No,No,No,Yes,Yes,No,Month-to-month,No,Mailed check,103.05,1123.79,Yes
ULJY-9019,Male,0,Yes,Yes,29,Yes,No,Fiber optic,Yes,No,No,No,No,Yes,One year,Yes,Bank transfer (automatic),78.63,2282.36,No
HUYV-7088,Female,0,No,No,15,Yes,No,Fiber optic,Yes,No,Yes,Yes,No,No,Two year,Yes,Credit card (automatic),88.76,1341.47,No
SQXH-8589,Female,0,Yes,No,29,Yes,No,No,No internet service,No internet service,No internet service,No internet service,No internet service,No internet service,Month-to-month,Yes,Credit card (automatic),20.18,583.85,No
IDKU-5591,Male,0,No,No,67,Yes,Yes,DSL,Yes,Yes,No,Yes,Yes,Yes,Month-to-month,Yes,Bank transfer (automatic),49.9,3338.72,No
DLIO-6856,Female,0,Yes,No,32,Yes,No,No,No internet service,No internet service,No internet service,No internet service,No internet service,No internet service,Two year,No,Electronic check,23.68,767.44,No
YNPO-3827,Male,0,No,No,56,Yes,Yes,No,No internet service,No internet service,No internet service,No internet service,No internet service,No internet service,Two year,No,Credit card (automatic),28.05,1569.72,No
CSCY-9253,Female,0,No,No,27,Yes,No,No,No internet service,No internet service,No internet service,No internet service,No internet service,No internet service,Month-to-month,Yes,Mailed check,25.56,694.76,No
NBLP-2493,Male,0,Yes,No,25,Yes,No,Fiber optic,No,No,Yes,No,Yes,Yes,Month-to-month,No,Electronic check,78.17,1962.02,Yes
EMLA-3921,Female,0,No,Yes,13,Yes,Yes,DSL,No,No,No,Yes,No,Yes,One year,Yes,Electronic check,47.22,606.81,No
PGJY-0604,Female,0,Yes,Yes,56,Yes,No,Fiber optic,No,No,No,No,No,No,Month-to-month,Yes,Electronic check,102.46,5739.77,Yes
ACPX-3007,Female,0,Yes,No,14,Yes,No,No,No internet service,No internet service,No internet service,No internet service,No internet service,No internet service,Two year,Yes,Electronic check,23.27,325.04,No
OXTT-9115,Male,0,Yes,No,65,Yes,Yes,Fiber optic,Yes,No,Yes,Yes,Yes,Yes,Month-to-month,Yes,Electronic check,59.63,3876.27,No
PXGW-2196,Male,0,No,Yes,15,Yes,No,DSL,No,Yes,No,Yes,Yes,No,One year,No,Bank transfer (automatic),25.85,386.73,Yes
DQQD-4402,Male,0,Yes,No,36,Yes,No,DSL,No,No,Yes,Yes,Yes,No,Two year,No,Credit card (automatic),43.16,1552.33,No
VZWK-0738,Female,0,Yes,Yes,10,Yes,Yes,DSL,No,No,No,No,No,No,Month-to-month,No,Electronic check,42.55,420.52,Yes
VOQR-2196,Female,0,Yes,Yes,10,Yes,No,Fiber optic,No,No,No,No,No,Yes,One year,Yes,Bank transfer (automatic),78.37,786.73,No
QYRT-7286,Male,1,No,No,32,Yes,Yes,No,No internet service,No internet service,No internet service,No internet service,No internet service,No internet service,Month-to-month,Yes,Electronic check,18.81,604.73,No
OJLL-2244,Female,0,No,No,1,Yes,No,Fiber optic,No,Yes,Yes,Yes,No,No,Month-to-month,Yes,Mailed check,82.52,79.36,No
ZEMY-8569,Male,0,No,Yes,32,No,No phone service,DSL,Yes,Yes,Yes,Yes,No,No,Month-to-month,No,Credit card (automatic),59.89,1910.25,No
HIFX-1971,Male,0,No,No,62,Yes,No,No,No internet service,No internet service,No internet service,No internet service,No internet service,No internet service,One year,No,Bank transfer (automatic),24.99,1545.38,No
HRCW-8248,Male,0,Yes,No,2,Yes,Yes,Fiber optic,No,No,Yes,Yes,No,No,One year,No,Mailed check,105.47,204.13,No
GRUU-8103,Female,0,No,No,32,Yes,Yes,DSL,Yes,Yes,Yes,Yes,No,No,Month-to-month,No,Bank transfer (automatic),27.34,875.12,No
DQZW-1866,Male,1,No,No,25,Yes,No,Fiber optic,Yes,Yes,Yes,No,Yes,No,Two year,No,Mailed check,49.92,1236.55,No
OAIZ-8198,Male,0,No,Yes,33,Yes,No,Fiber optic,No,No,Yes,No,No,Yes,Month-to-month,Yes,Bank transfer (automatic),84.58,2794.28,No
RMBM-7226,Male,0,Yes,No,51,Yes,No,No,No internet service,No internet service,No internet service,No internet service,No internet service,No internet service,Two year,Yes,Electronic check,19.77,1011.6,No
JFWV-8175,Male,1,No,No,65,Yes,No,No,No internet service,No internet service,No internet service,No internet service,No internet service,No internet service,Two year,Yes,Electronic check,20.92,1355.43,No
ONOT-5592,Male,0,Yes,No,71,Yes,Yes,DSL,No,No,Yes,Yes,Yes,No,Month-to-month,Yes,Electronic check,62.61,4438.11,No
HEJK-3190,Female,0,No,Yes,26,No,No phone service,DSL,Yes,No,No,No,Yes,Yes,Month-to-month,Yes,Bank transfer (automatic),58.76,1526.29,No
OWZC-2292,Female,0,No,Yes,71,Yes,No,DSL,No,Yes,Yes,Yes,No,Yes,One year,No,Electronic check,74.14,5268.1,No
RFNZ-2098,Male,0,Yes,Yes,70,Yes,No,Fiber optic,No,Yes,Yes,Yes,Yes,Yes,One year,Yes,Bank transfer (automatic),47.67,3336.9,No
VVZY-1982,Male,0,Yes,No,48,Yes,Yes,No,No internet service,No internet service,No internet service,No internet service,No internet service,No internet service,Two year,Yes,Mailed check,21.95,1057.02,No
CSAZ-6961,Male,1,No,No,46,Yes,Yes,No,No internet service,No internet service,No internet service,No internet service,No internet service,No internet service,Two year,No,Mailed check,23.37,1072.61,No
VTKW-6326,Male,0,Yes,No,20,Yes,Yes,Fiber optic,Yes,Yes,Yes,No,No,No,Month-to-month,No,Bank transfer (automatic),52.83,1050.37,No
IDFW-9240,Female,0,Yes,No,20,Yes,No,Fiber optic,No,Yes,No,Yes,No,No,One year,Yes,Credit card (automatic),89.5,1796.8,No
FEWO-8385,Female,0,No,No,70,Yes,No,DSL,No,Yes,No,No,No,No,Two year,No,Mailed check,66.54,4656.53,No
EBQX-5659,Male,1,Yes,Yes,60,Yes,Yes,DSL,Yes,No,No,Yes,No,No,Month-to-month,No,Electronic check,39.62,2383.41,No
NGIN-4008,Female,0,No,No,13,Yes,No,DSL,No,Yes,Yes,Yes,Yes,Yes,Month-to-month,Yes,Bank transfer (automatic),51.55,677.73,Yes
UMRS-0552,Female,0,No,No,19,Yes,Yes,DSL,Yes,No,No,No,No,No,One year,No,Credit card (automatic),69.42,1326.78,No
OCWO-0424,Male,1,No,Yes,4,Yes,No,DSL,No,Yes,No,Yes,No,No,Month-to-month,Yes,Electronic check,60.35,248.67,Yes
NDVI-1971,Male,0,Yes,Yes,30,Yes,Yes,No,No internet service,No internet service,No internet service,No internet service,No internet service,No internet service,Month-to-month,No,Mailed check,19.86,593.76,No
TYTG-4179,Male,0,No,Yes,61,Yes,No,DSL,No,No,Yes,No,No,Yes,Month-to-month,Yes,Electronic check,36.14,2201.96,Yes
JBCZ-6492,Male,0,Yes,Yes,11,Yes,No,Fiber optic,Yes,No,Yes,Yes,No,Yes,Month-to-month,Yes,Electronic check,52.56,572.82,No
PLBK-5907,Male,0,No,Yes,55,Yes,Yes,No,No internet service,No internet service,No internet service,No internet service,No internet service,No internet service,Month-to-month,No,Bank transfer (automatic),23.86,1306.21,No
EUNR-6474,Female,0,Yes,Yes,55,Yes,Yes,DSL,No,No,Yes,No,No,Yes,One year,Yes,Bank transfer (automatic),31.51,1725.12,No
OYEM-2149,Female,0,Yes,No,11,Yes,No,DSL,Yes,Yes,No,Yes,Yes,Yes,Two year,Yes,Electronic check,30.28,334.58,No
ZEFP-1402,Female,0,Yes,Yes,65,Yes,Yes,DSL,No,No,Yes,No,Yes,No,Month-to-month,Yes,Credit card (automatic),70.23,4571.43,No
CSOC-7055,Female,0,No,No,25,Yes,Yes,DSL,Yes,No,Yes,Yes,No,No,Two year,No,Bank transfer (automatic),61.91,1551.19,No
QPMA-2753,Male,0,Yes,No,67,Yes,No,No,No internet service,No internet service,No internet service,No internet service,No internet service,No internet service,Month-to-month,Yes,Bank transfer (automatic),22.1,1474.67,No
UZCO-5558,Female,1,No,No,29,No,No phone service,No,No internet service,No internet service,No internet service,No internet service,No internet service,No internet service,Month-to-month,No,Electronic check,22.94,672.32,No
NZKX-5135,Male,1,No,No,19,Yes,No,Fiber optic,Yes,Yes,No,Yes,No,Yes,Month-to-month,Yes,Mailed check,60.43,1146.24,Yes
IKBF-9996,Female,0,Yes,No,65,Yes,Yes,Fiber optic,No,No,Yes,Yes,No,Yes,One year,Yes,Credit card (automatic),82.69,5374.19,No
NNXM-8488,Male,1,Yes,No,34,Yes,Yes,Fiber optic,Yes,No,Yes,Yes,No,Yes,Two year,No,Bank transfer (automatic),68.01,2314.18,No
KGBX-4716,Female,1,Yes,Yes,50,Yes,No,Fiber optic,No,Yes,Yes,No,Yes,Yes,One year,No,Electronic check,45.78,2298.3,No
EDJP-5458,Female,0,Yes,No,13,Yes,No,Fiber optic,No,Yes,Yes,No,No,No,Month-to-month,No,Electronic check,96.04,1254.07,Yes
APQM-5176,Female,1,No,No,54,Yes,No,Fiber optic,Yes,No,No,Yes,No,No,Two year,No,Bank transfer (automatic),57.8,3113.27,No
VDIW-6401,Male,1,Yes,No,35,Yes,Yes,No,No internet service,No internet service,No internet service,No internet service,No internet service,No internet service,Month-to-month,No,Mailed check,22.47,790.02,Yes
HKER-4732,Male,0,Yes,No,52,Yes,No,No,No internet service,No internet service,No internet service,No internet service,No internet service,No internet service,One year,Yes,Mailed check,23.16,1207.2,No
EGBQ-4677,Female,0,Yes,No,53,Yes,No,Fiber optic,No,No,No,Yes,No,No,Two year,Yes,Mailed check,56.44,2993.09,No
JYKA-6975,Male,0,No,No,62,Yes,No,Fiber optic,No,No,No,No,No,No,Two year,Yes,Bank transfer (automatic),56.88,3524.86,No
ZNTG-2151,Female,0,No,No,57,Yes,No,DSL,No,No,Yes,No,No,Yes,Month-to-month,No,Mailed check,73.88,4204.21,No
VZCN-1733,Female,0,Yes,Yes,26,Yes,No,DSL,No,No,Yes,Yes,Yes,No,Month-to-month,Yes,Bank transfer (automatic),49.11,1276.75,No
GXLI-9731,Male,1,No,No,1,Yes,No,DSL,No,No,Yes,No,No,Yes,Two year,No,Credit card (automatic),72.48,70.28,No
ZPUW-1357,Male,0,Yes,No,22,Yes,No,DSL,No,No,Yes,Yes,No,Yes,Month-to-month,Yes,Electronic check,47.47,1041.29,No
JFFV-3201,Female,0,No,No,34,Yes,Yes,Fiber optic,Yes,Yes,Yes,Yes,No,Yes,One year,No,Credit card (automatic),49.05,1663.24,No
RZGN-5784,Female,0,No,No,61,Yes,No,No,No internet service,No internet service,No internet service,No internet service,No internet service,No internet service,Two year,Yes,Electronic check,27.72,1690.04,No
KCTN-7216,Female,0,No,No,71,Yes,No,DSL,No,No,Yes,Yes,No,No,Month-to-month,Yes,Credit card (automatic),60.79,4320.67,No
NTHQ-7410,Female,0,No,No,58,Yes,No,Fiber optic,No,Yes,Yes,Yes,Yes,Yes,Two year,No,Mailed check,109.8,6372.98,No
MVNI-8835,Female,0,No,No,63,Yes,Yes,Fiber optic,Yes,No,Yes,No,No,Yes,Month-to-month,No,Bank transfer (automatic),65.64,4147.46,No
LJVE-1605,Female,0,No,Yes,40,Yes,No,No,No internet service,No internet service,No internet service,No internet service,No internet service,No internet service,Month-to-month,No,Bank transfer (automatic),28.85,1155.11,Yes
UUHI-6971,Female,1,Yes,No,32,Yes,Yes,DSL,No,Yes,No,Yes,Yes,Yes,Month-to-month,Yes,Electronic check,58.93,1887.83,No
ROXF-7885,Male,0,No,Yes,8,Yes,Yes,DSL,Yes,No,No,No,No,No,Month-to-month,Yes,Mailed check,26.18,215.48,No
XRXC-0600,Male,0,No,Yes,48,Yes,Yes,Fiber optic,Yes,Yes,No,Yes,No,Yes,Month-to-month,Yes,Electronic check,68.39,3287.47,Yes
ADLO-3959,Male,0,Yes,No,1,Yes,Yes,No,No internet service,No internet service,No internet service,No internet service,No internet service,No internet service,Month-to-month,Yes,Credit card (automatic),29.81,32.13,No
LCOP-9560,Male,0,Yes,Yes,2,Yes,No,No,No internet service,No internet service,No internet service,No internet service,No internet service,No internet service,Two year,Yes,Electronic check,21.64,49.15,No
NPNF-9069,Male,0,Yes,No,22,Yes,Yes,Fiber optic,Yes,No,Yes,Yes,Yes,No,One year,Yes,Electronic check,81.43,1790.07,No
UJNT-0861,Male,0,No,No,18,Yes,Yes,Fiber optic,Yes,Yes,Yes,Yes,No,Yes,One year,No,Mailed check,66.4,1199.97,No
DTXR-4975,Male,0,No,No,17,Yes,Yes,DSL,Yes,Yes,No,Yes,Yes,No,One year,No,Electronic check,62.63,1062.77,No
TEBE-2262,Female,0,Yes,Yes,34,Yes,No,Fiber optic,No,No,No,No,No,No,One year,Yes,Mailed check,83.09,2824.0,No
DWNS-9919,Female,0,No,Yes,53,Yes,Yes,Fiber optic,No,No,Yes,No,Yes,No,Month-to-month,No,Mailed check,96.52,5116.24,No
GOUA-9726,Male,0,No,No,59,Yes,No,Fiber optic,Yes,Yes,No,Yes,Yes,No,One year,No,Electronic check,98.16,5786.9,No
FZMF-7332,Female,0,No,Yes,8,Yes,No,Fiber optic,No,Yes,Yes,Yes,Yes,Yes,One year,No,Credit card (automatic),77.17,619.51,No
QZCO-0572,Male,0,No,Yes,51,Yes,Yes,DSL,No,No,No,Yes,No,No,Two year,No,Credit card (automatic),36.11,1841.3,No
LDUW-5167,Male,0,Yes,Yes,49,Yes,No,No,No internet service,No internet service,No internet service,No internet service,No internet service,No internet service,Month-to-month,No,Mailed check,19.46,962.3,No
LPNA-5864,Male,0,No,No,11,Yes,No,No,No internet service,No internet service,No internet service,No internet service,No internet service,No internet service,Month-to-month,No,Credit card (automatic),22.18,241.24,No
JJYR-6819,Male,1,No,No,16,Yes,Yes,Fiber optic,No,Yes,Yes,No,Yes,Yes,Month-to-month,No,Credit card (automatic),102.51,1638.33,No
VION-2746,Female,0,No,No,48,Yes,Yes,DSL,No,No,Yes,Yes,No,No,One year,No,Electronic check,33.12,1600.32,No
CHBX-1616,Male,0,No,No,47,Yes,Yes,Fiber optic,No,No,No,Yes,No,No,Month-to-month,No,Electronic check,86.53,4066.11,No
QFJG-3053,Male,0,No,No,26,Yes,Yes,DSL,Yes,No,No,No,No,Yes,One year,Yes,Electronic check,53.84,1407.18,No
STVU-1125,Male,0,Yes,No,13,Yes,Yes,Fiber optic,Yes,No,No,Yes,Yes,No,Two year,No,Electronic check,108.03,1403.77,No
LAWX-6253,Female,0,No,No,54,Yes,Yes,Fiber optic,No,No,No,No,No,No,Two year,No,Bank transfer (automatic),92.1,4967.71,No
USUF-7589,Female,0,No,No,12,Yes,No,Fiber optic,Yes,No,Yes,Yes,Yes,Yes,One year,Yes,Bank transfer (automatic),81.7,984.27,No
JJZD-1826,Male,0,Yes,No,2,Yes,No,DSL,Yes,Yes,Yes,No,No,No,Month-to-month,No,Credit card (automatic),57.41,112.22,Yes
DLQX-3567,Female,0,Yes,No,63,Yes,Yes,No,No internet service,No internet service,No internet service,No internet service,No internet service,No internet service,Month-to-month,Yes,Credit card (automatic),23.61,1486.3,No
ZBIJ-2017,Male,0,No,No,71,No,No phone service,Fiber optic,Yes,No,Yes,No,Yes,No,Two year,No,Electronic check,62.78,4463.48,No
JVKQ-8692,Female,0,Yes,No,22,Yes,Yes,No,No internet service,No internet service,No internet service,No internet service,No internet service,No internet service,One year,No,Electronic check,24.01,531.65,No
GFCH-0472,Male,0,No,Yes,72,Yes,Yes,Fiber optic,Yes,No,Yes,No,No,No,One year,No,Mailed check,69.42,5009.28,No
MZKV-9181,Male,0,Yes,Yes,38,Yes,No,Fiber optic,No,Yes,No,No,No,No,One year,No,Credit card (automatic),79.54,3023.73,No
USZL-8869,Male,0,No,No,57,Yes,Yes,Fiber optic,Yes,No,Yes,No,Yes,No,Month-to-month,Yes,Mailed check,77.22,4391.96,No
EIWR-9099,Female,0,Yes,No,17,Yes,Yes,Fiber optic,Yes,No,No,No,Yes,No,One year,No,Mailed check,82.9,1402.5,No
NDJX-5148,Female,0,Yes,Yes,53,No,No phone service,No,No internet service,No internet service,No internet service,No internet service,No internet service,No internet service,Month-to-month,Yes,Bank transfer (automatic),18.35,971.45,No
FPVW-4224,Male,0,No,No,30,Yes,No,Fiber optic,Yes,No,No,No,Yes,Yes,One year,Yes,Electronic check,49.88,1495.79,No
TEIE-3309,Female,0,Yes,No,63,Yes,No,DSL,No,Yes,No,No,Yes,No,One year,Yes,Bank transfer (automatic),37.83,2389.05,No
TLTY-3606,Female,0,Yes,No,41,Yes,No,No,No internet service,No internet service,No internet service,No internet service,No internet service,No internet service,Month-to-month,No,Credit card (automatic),27.49,1128.86,No
BLKH-0927,Male,0,Yes,No,36,Yes,No,Fiber optic,No,No,No,No,Yes,Yes,One year,Yes,Mailed check,46.78,1675.46,No
ZHKU-4794,Male,0,No,Yes,69,Yes,No,Fiber optic,No,No,Yes,No,Yes,No,One year,Yes,Mailed check,70.96,4900.82,No
IQES-2126,Female,0,Yes,No,41,Yes,No,No,No internet service,No internet service,No internet service,No internet service,No internet service,No internet service,Month-to-month,Yes,Electronic check,24.14,988.63,No
OHXH-0619,Male,0,No,No,28,No,No phone service,DSL,No,No,Yes,No,No,Yes,One year,Yes,Electronic check,29.24,816.79,No
DUAN-3388,Female,0,Yes,No,69,Yes,Yes,No,No internet service,No internet service,No internet service,No internet service,No internet service,No internet service,Month-to-month,Yes,Credit card (automatic),28.82,1987.78,No
MZQX-3341,Male,1,No,Yes,2,Yes,Yes,DSL,Yes,No,Yes,Yes,No,Yes,Two year,Yes,Electronic check,43.27,86.34,No
QUGJ-8176,Male,0,No,Yes,17,Yes,No,DSL,No,No,Yes,No,Yes,No,One year,Yes,Credit card (automatic),46.33,789.51,No
REGO-2159,Male,1,Yes,No,28,Yes,No,No,No internet service,No internet service,No internet service,No internet service,No internet service,No internet service,Month-to-month,Yes,Bank transfer (automatic),20.05,561.72,Yes
FTAU-0718,Male,0,No,No,51,No,No phone service,Fiber optic,No,Yes,Yes,No,Yes,Yes,Two year,No,Credit card (automatic),71.86,3653.73,No
ISFY-6321,Male,0,Yes,No,41,Yes,No,No,No internet service,No internet service,No internet service,No internet service,No internet service,No internet service,Two year,Yes,Mailed check,19.58,806.73,No
JJQP-9033,Male,0,No,No,51,Yes,Yes,DSL,No,No,Yes,Yes,No,No,Month-to-month,No,Credit card (automatic),66.85,3406.49,No
YJAP-3284,Male,0,No,Yes,35,Yes,No,No,No internet service,No internet service,No internet service,No internet service,No internet service,No internet service,Month-to-month,Yes,Electronic check,29.4,1036.68,Yes
OYJF-8033,Male,0,Yes,No,7,Yes,No,DSL,No,Yes,No,No,Yes,No,Month-to-month,No,Electronic check,73.2,508.45,No
ZJVZ-0942,Female,0,No,No,1,Yes,No,Fiber optic,No,Yes,No,No,Yes,No,One year,No,Bank transfer (automatic),91.74,94.51,Yes
AFSD-8109,Female,0,No,No,50,Yes,Yes,DSL,No,Yes,No,Yes,No,No,Month-to-month,Yes,Credit card (automatic),49.83,2492.16,No
FLOQ-0613,Female,0,No,No,14,No,No phone service,Fiber optic,No,Yes,Yes,Yes,No,Yes,Two year,Yes,Electronic check,89.36,1251.57,No
TBVZ-1730,Female,0,Yes,No,16,Yes,No,Fiber optic,Yes,Yes,Yes,No,Yes,Yes,Month-to-month,No,Mailed check,49.32,798.09,No
PGFV-2965,Female,0,No,Yes,12,No,No phone service,No,No internet service,No internet service,No internet service,No internet service,No internet service,No internet service,Month-to-month,No,Bank transfer (automatic),25.58,309.51,No
ZJYS-2323,Female,0,No,No,53,Yes,No,Fiber optic,No,Yes,No,No,Yes,No,Month-to-month,Yes,Bank transfer (automatic),64.2,3401.0,Yes
FQRJ-5505,Female,1,No,No,24,No,No phone service,DSL,No,Yes,Yes,No,Yes,No,One year,Yes,Electronic check,28.16,674.2,No
YHZE-3545,Female,0,Yes,Yes,32,Yes,Yes,Fiber optic,No,No,Yes,No,Yes,Yes,Month-to-month,No,Credit card (automatic),101.64,3257.74,No
NJKC-6744,Female,0,Yes,No,21,Yes,Yes,Fiber optic,No,No,No,No,No,Yes,Month-to-month,Yes,Electronic check,87.88,1846.78,No
TZUJ-7480,Male,0,No,Yes,43,Yes,Yes,No,No internet service,No internet service,No internet service,No internet service,No internet service,No internet service,Month-to-month,Yes,Electronic check,22.84,988.8,Yes
WEOD-2961,Female,1,Yes,No,3,Yes,No,DSL,No,Yes,No,No,No,Yes,Month-to-month,Yes,Electronic check,60.3,178.6,No
ERWF-9681,Female,0,Yes,No,25,Yes,No,No,No internet service,No internet service,No internet service,No internet service,No internet service,No internet service,Two year,Yes,Bank transfer (automatic),19.36,486.99,No
YGBP-9131,Male,0,No,Yes,0,Yes,Yes,No,No internet service,No internet service,No internet service,No internet service,No internet service,No internet service,Month-to-month,Yes,Mailed check,24.08,0.0,Yes
QFJN-4208,Female,0,No,Yes,9,Yes,Yes,DSL,Yes,No,No,No,Yes,No,Two year,Yes,Credit card (automatic),60.83,548.64,No
HVFL-3131,Male,0,Yes,No,1,Yes,Yes,DSL,Yes,No,Yes,Yes,No,No,Month-to-month,Yes,Electronic check,37.95,40.41,Yes
GIRI-8704,Male,0,No,No,28,Yes,No,Fiber optic,Yes,Yes,No,No,Yes,No,Month-to-month,Yes,Electronic check,48.0,1348.07,No
PNZM-3679,Female,0,No,No,24,Yes,Yes,Fiber optic,Yes,No,Yes,Yes,No,No,Two year,Yes,Electronic check,72.36,1738.85,No
PMHR-2996,Female,0,Yes,No,59,Yes,No,DSL,Yes,Yes,No,No,Yes,Yes,One year,Yes,Credit card (automatic),73.2,4315.97,No
DFHX-6112,Male,0,Yes,Yes,12,No,No phone service,Fiber optic,Yes,Yes,No,No,Yes,Yes,Two year,No,Electronic check,65.76,789.8,No
DAEG-9464,Female,0,Yes,Yes,39,Yes,No,Fiber optic,Yes,No,No,No,No,No,Month-to-month,Yes,Credit card (automatic),47.88,1859.68,Yes
KJXG-0041,Female,0,Yes,Yes,33,Yes,Yes,DSL,No,No,No,No,No,Yes,Two year,Yes,Credit card (automatic),40.1,1335.08,No
IBLY-9132,Female,0,Yes,No,34,Yes,Yes,Fiber optic,Yes,No,Yes,Yes,No,Yes,One year,No,Credit card (automatic),47.64,1620.47,No
VDYI-9822,Female,0,Yes,Yes,38,Yes,No,No,No internet service,No internet service,No internet service,No internet service,No internet service,No internet service,Month-to-month,Yes,Bank transfer (automatic),27.59,1050.95,No
TPIN-5876,Male,0,No,No,41,Yes,Yes,No,No internet service,No internet service,No internet service,No internet service,No internet service,No internet service,Two year,No,Credit card (automatic),27.11,1106.67,No
EMOY-3373,Male,0,No,Yes,24,Yes,No,Fiber optic,No,Yes,No,Yes,Yes,No,Month-to-month,No,Electronic check,102.34,2456.31,No
GDQZ-8322,Female,0,No,No,13,Yes,Yes,Fiber optic,Yes,No,No,No,Yes,No,Month-to-month,Yes,Mailed check,97.43,1275.32,No
IHZG-6323,Female,0,No,No,0,Yes,Yes,No,No internet service,No internet service,No internet service,No internet service,No internet service,No internet service,Two year,No,Bank transfer (automatic),25.84,0.0,No
FLTD-1651,Female,1,No,No,38,Yes,No,Fiber optic,Yes,No,No,No,No,Yes,Month-to-month,Yes,Bank transfer (automatic),102.24,3886.02,Yes
UVED-8218,Male,0,No,No,29,Yes,No,DSL,No,No,Yes,Yes,No,Yes,Month-to-month,No,Credit card (automatic),33.13,957.24,No
XYJK-2002,Female,0,No,No,4,Yes,Yes,No,No internet service,No internet service,No internet service,No internet service,No internet service,No internet service,Month-to-month,Yes,Bank transfer (automatic),24.58,94.19,No
DBXN-2359,Female,0,No,No,70,Yes,Yes,DSL,Yes,Yes,No,Yes,No,No,Month-to-month,Yes,Bank transfer (automatic),69.22,4839.2,No
MVMR-5346,Male,0,No,No,61,Yes,No,Fiber optic,Yes,No,Yes,No,Yes,No,Month-to-month,Yes,Credit card (automatic),47.89,2921.75,No
WPPV-9553,Male,0,Yes,No,30,Yes,No,Fiber optic,No,No,Yes,No,No,Yes,One year,No,Credit card (automatic),55.83,1674.21,No
CACS-8277,Female,0,No,No,6,Yes,No,DSL,No,No,No,No,No,No,Month-to-month,Yes,Bank transfer (automatic),51.59,313.35,No
SZZM-5779,Male,1,Yes,No,28,No,No phone service,Fiber optic,No,Yes,No,No,No,No,One year,Yes,Mailed check,54.72,1531.85,No
PZII-7692,Female,0,No,No,50,Yes,Yes,DSL,No,Yes,No,Yes,No,No,Two year,No,Electronic check,25.17,1263.94,No
GTRX-1049,Male,1,No,Yes,50,Yes,Yes,DSL,No,No,No,Yes,Yes,Yes,One year,Yes,Mailed check,70.14,3507.62,No
IURZ-3764,Male,0,Yes,No,70,Yes,No,Fiber optic,No,No,No,No,Yes,No,Month-to-month,Yes,Mailed check,47.65,3332.89,No
DPUW-4766,Male,0,No,No,68,Yes,Yes,Fiber optic,Yes,No,No,No,Yes,No,Month-to-month,Yes,Electronic check,87.07,5915.44,No
YXMH-5674,Male,0,Yes,No,13,Yes,Yes,DSL,Yes,No,No,Yes,No,No,Month-to-month,Yes,Credit card (automatic),32.25,422.35,No
ZRWZ-2975,Male,0,Yes,Yes,22,Yes,No,DSL,No,Yes,No,Yes,Yes,Yes,Two year,Yes,Electronic check,65.67,1447.13,No
KPDB-6069,Male,0,Yes,Yes,42,Yes,Yes,Fiber optic,No,Yes,No,No,No,Yes,Month-to-month,Yes,Credit card (automatic),49.07,2063.65,No
MJGJ-2333,Female,1,Yes,No,55,Yes,Yes,Fiber optic,Yes,No,No,No,No,No,Month-to-month,No,Electronic check,89.21,4897.82,No
PIFJ-8369,Female,1,No,No,20,Yes,No,No,No internet service,No internet service,No internet service,No internet service,No internet service,No internet service,Two year,Yes,Bank transfer (automatic),18.75,371.25,No
LYZS-2570,Male,0,Yes,No,29,Yes,Yes,Fiber optic,Yes,Yes,Yes,No,No,No,Month-to-month,Yes,Mailed check,45.99,1335.45,No
DMHV-1700,Male,0,Yes,No,39,Yes,No,No,No internet service,No internet service,No internet service,No internet service,No internet service,No internet service,Month-to-month,Yes,Electronic check,25.35,984.49,Yes
GPNJ-2787,Female,1,Yes,No,21,Yes,No,No,No internet service,No internet service,No internet service,No internet service,No internet service,No internet service,Two year,Yes,Electronic check,24.01,498.96,No
AQFA-7545,Female,0,Yes,No,1,Yes,No,Fiber optic,Yes,No,No,Yes,No,Yes,Month-to-month,No,Credit card (automatic),59.36,58.64,Yes
DAWJ-8338,Male,0,Yes,No,22,Yes,Yes,Fiber optic,No,Yes,No,No,No,Yes,Month-to-month,Yes,Mailed check,73.06,1610.1,No
DZTH-3874,Male,0,No,No,61,Yes,No,DSL,Yes,No,No,No,No,No,One year,No,Credit card (automatic),67.75,4130.8,No
IHZD-3037,Female,0,Yes,No,29,Yes,Yes,DSL,Yes,No,No,Yes,Yes,No,Month-to-month,No,Credit card (automatic),52.16,1509.32,No
EVTU-9782,Male,0,No,No,26,Yes,No,No,No internet service,No internet service,No internet service,No internet service,No internet service,No internet service,Month-to-month,Yes,Electronic check,18.56,490.16,No
ZDQU-3559,Female,0,No,No,36,Yes,Yes,Fiber optic,No,Yes,Yes,Yes,No,Yes,Month-to-month,No,Bank transfer (automatic),48.35,1738.78,No
FCNG-2590,Male,0,Yes,No,69,Yes,No,Fiber optic,Yes,Yes,No,Yes,Yes,No,Month-to-month,Yes,Mailed check,92.57,6377.54,Yes
OXGI-2718,Male,0,No,No,15,No,No phone service,Fiber optic,Yes,No,Yes,No,No,No,Two year,Yes,Electronic check,64.03,973.91,No
ALJG-9050,Male,0,No,No,19,Yes,Yes,Fiber optic,No,Yes,Yes,Yes,Yes,Yes,Month-to-month,No,Mailed check,68.36,1305.05,No
MTWB-2358,Male,1,Yes,No,45,Yes,No,Fiber optic,No,No,No,No,Yes,No,One year,Yes,Credit card (automatic),88.83,3995.83,No
DVLG-3524,Female,1,No,No,24,Yes,No,DSL,Yes,Yes,No,Yes,No,No,Month-to-month,Yes,Mailed check,27.92,668.19,No
LLZT-6565,Female,0,No,No,58,Yes,No,No,No internet service,No internet service,No internet service,No internet service,No internet service,No internet service,Month-to-month,Yes,Electronic check,28.42,1646.02,No
LBNW-7633,Female,0,No,No,31,Yes,No,Fiber optic,No,Yes,Yes,Yes,Yes,Yes,One year,Yes,Mailed check,61.33,1904.41,No
ENIE-1429,Female,1,No,Yes,16,Yes,No,Fiber optic,No,No,No,Yes,Yes,Yes,Month-to-month,Yes,Mailed check,103.88,1659.14,No
HZJB-3434,Female,0,No,Yes,9,No,No phone service,Fiber optic,No,No,No,No,No,No,Month-to-month,No,Electronic check,74.61,675.77,Yes
ZPDC-0380,Female,1,No,Yes,16,Yes,No,Fiber optic,Yes,No,Yes,No,No,Yes,Two year,Yes,Mailed check,87.04,1390.63,No
PWCX-5094,Male,0,Yes,No,1,Yes,Yes,Fiber optic,No,No,No,No,No,No,Month-to-month,No,Mailed check,70.73,71.96,No
LHPC-3656,Male,0,Yes,No,65,Yes,Yes,Fiber optic,No,No,Yes,No,No,No,One year,Yes,Electronic check,95.87,6237.52,No
MIYR-2354,Female,0,Yes,No,28,Yes,No,Fiber optic,No,No,Yes,No,No,Yes,Month-to-month,Yes,Credit card (automatic),77.29,2166.5,No
VXBV-8407,Male,1,Yes,No,3,Yes,Yes,DSL,Yes,No,No,Yes,Yes,Yes,Two year,Yes,Mailed check,39.51,129.1,No
TXMT-7844,Female,0,Yes,Yes,29,Yes,No,Fiber optic,No,No,No,Yes,No,No,One year,Yes,Bank transfer (automatic),50.87,1470.94,No
BYDC-1238,Female,0,Yes,Yes,60,Yes,No,DSL,No,No,Yes,No,Yes,No,Two year,Yes,Credit card (automatic),64.91,3890.49,No
FZOE-8752,Male,0,Yes,No,57,Yes,No,Fiber optic,Yes,No,Yes,No,No,No,One year,Yes,Electronic check,96.28,5485.96,No
WMZV-7593,Female,0,Yes,No,33,No,No phone service,No,No internet service,No internet service,No internet service,No internet service,No internet service,No internet service,Month-to-month,No,Electronic check,19.92,656.37,Yes
JPLG-6715,Male,0,No,Yes,23,Yes,No,DSL,No,No,No,No,No,Yes,One year,Yes,Mailed check,55.9,1291.6,No
SHTO-3155,Female,0,No,Yes,24,Yes,Yes,DSL,Yes,No,No,No,Yes,No,Month-to-month,Yes,Credit card (automatic),58.56,1410.09,No
AHSQ-9004,Female,1,Yes,No,24,No,No phone service,No,No internet service,No internet service,No internet service,No internet service,No internet service,No internet service,Month-to-month,No,Bank transfer (automatic),21.25,510.39,No
EAUW-4838,Female,0,Yes,No,29,Yes,Yes,No,No internet service,No internet service,No internet service,No internet service,No internet service,No internet service,Month-to-month,No,Mailed check,27.81,801.97,Yes
PHNQ-3607,Male,0,Yes,Yes,54,Yes,Yes,DSL,Yes,Yes,Yes,No,Yes,No,One year,Yes,Mailed check,58.21,3146.2,No
PNPB-7370,Male,0,Yes,Yes,23,Yes,No,DSL,No,No,No,Yes,Yes,No,One year,No,Bank transfer (automatic),28.2,648.49,No
OLUI-6239,Male,0,Yes,No,38,Yes,No,No,No internet service,No internet service,No internet service,No internet service,No internet service,No internet service,Month-to-month,No,Electronic check,25.62,970.49,No
WNVM-3219,Male,0,No,No,1,Yes,Yes,Fiber optic,Yes,No,No,Yes,Yes,Yes,Two year,Yes,Credit card (automatic),84.06,83.25,No
YSOG-0701,Female,0,No,No,33,Yes,No,Fiber optic,No,Yes,Yes,Yes,No,No,One year,Yes,Electronic check,62.43,2068.48,No
QDBQ-0151,Male,0,Yes,No,15,Yes,Yes,Fiber optic,Yes,No,No,No,No,No,Month-to-month,No,Bank transfer (automatic),90.72,1358.58,Yes
OPKB-7477,Male,0,Yes,Yes,47,Yes,No,No,No internet service,No internet service,No internet service,No internet service,No internet service,No internet service,Month-to-month,Yes,Electronic check,22.77,1069.58,No
LBNW-8787,Male,1,No,No,23,Yes,No,DSL,No,Yes,No,No,Yes,No,Two year,Yes,Mailed check,36.75,843.88,No
TPJG-8836,Male,0,No,Yes,49,Yes,No,Fiber optic,Yes,Yes,Yes,No,No,Yes,One year,No,Bank transfer (automatic),68.46,3350.98,No
FLOS-9571,Female,0,Yes,No,1,No,No phone service,No,No internet service,No internet service,No internet service,No internet service,No internet service,No internet service,Month-to-month,No,Electronic check,22.68,20.85,Yes
SXTT-1906,Male,0,Yes,No,38,No,No phone service,DSL,No,Yes,No,Yes,No,No,Month-to-month,Yes,Bank transfer (automatic),35.25,1344.01,No
NDVX-6653,Female,0,No,Yes,58,Yes,Yes,DSL,No,No,Yes,Yes,No,Yes,One year,Yes,Electronic check,57.38,3329.81,No
TYKU-8831,Male,0,Yes,No,22,Yes,Yes,DSL,No,No,Yes,No,No,No,Month-to-month,Yes,Credit card (automatic),42.09,922.39,No
BYIS-4411,Male,1,Yes,Yes,11,Yes,Yes,DSL,No,Yes,Yes,Yes,No,Yes,Month-to-month,No,Mailed check,67.55,741.71,Yes
ZLAB-6008,Male,1,Yes,Yes,68,Yes,Yes,Fiber optic,Yes,No,No,Yes,Yes,Yes,Month-to-month,Yes,Bank transfer (automatic),92.3,6284.93,No
MBOT-2369,Male,0,No,Yes,14,Yes,No,DSL,No,Yes,No,No,Yes,No,Month-to-month,Yes,Bank transfer (automatic),42.19,593.03,No
BBIV-6443,Male,0,Yes,No,59,No,No phone service,Fiber optic,Yes,Yes,Yes,No,No,No,One year,No,Mailed check,81.57,4807.43,No
HWZR-1506,Male,0,No,No,63,Yes,No,Fiber optic,Yes,No,No,No,No,Yes,Month-to-month,Yes,Mailed check,87.58,5518.13,No
HJXC-6025,Male,0,Yes,No,1,Yes,No,Fiber optic,No,Yes,No,Yes,Yes,Yes,Month-to-month,Yes,Electronic check,82.09,72.64,No
IUPE-8854,Male,0,Yes,No,69,Yes,No,No,No internet service,No internet service,No internet service,No internet service,No internet service,No internet service,One year,Yes,Bank transfer (automatic),19.01,1306.85,No
JRKX-7672,Male,0,Yes,No,63,Yes,Yes,DSL,Yes,No,No,No,Yes,Yes,Month-to-month,Yes,Credit card (automatic),31.09,1950.22,No
OSRQ-2269,Female,0,No,No,35,Yes,Yes,Fiber optic,No,No,Yes,No,Yes,No,Month-to-month,No,Electronic check,58.52,2042.04,Yes
YQOH-0237,Male,0,No,No,12,Yes,Yes,Fiber optic,Yes,Yes,No,No,No,No,Month-to-month,Yes,Credit card (automatic),63.4,764.63,Yes
MARK-4542,Male,0,No,Yes,1,Yes,No,Fiber optic,Yes,Yes,Yes,No,No,Yes,One year,No,Bank transfer (automatic),92.87,94.12,No
ZWQR-8378,Male,1,Yes,No,4,Yes,Yes,Fiber optic,No,No,Yes,Yes,No,No,Two year,No,Credit card (automatic),69.55,277.71,Yes
GQEV-7978,Female,0,No,No,39,Yes,No,Fiber optic,Yes,Yes,No,No,No,Yes,Month-to-month,Yes,Credit card (automatic),51.08,1991.94,No
IDVS-0508,Female,0,No,Yes,63,Yes,No,Fiber optic,No,No,No,No,No,Yes,Month-to-month,No,Electronic check,62.81,3950.22,Yes
VQCQ-1560,Male,1,Yes,Yes,38,Yes,No,Fiber optic,No,No,No,No,No,Yes,Two year,Yes,Electronic check,46.44,1762.17,No
ZUVO-3546,Male,0,Yes,No,34,Yes,Yes,Fiber optic,No,No,No,Yes,Yes,Yes,Month-to-month,Yes,Credit card (automatic),99.64,3385.76,Yes
MTAB-5914,Female,0,Yes,No,56,No,No phone service,DSL,No,No,Yes,No,No,No,Month-to-month,No,Credit card (automatic),74.37,4158.83,No
LTGT-6761,Female,0,Yes,No,40,Yes,No,No,No internet service,No internet service,No internet service,No internet service,No internet service,No internet service,Month-to-month,No,Electronic check,27.29,1096.75,No
KAUM-6072,Male,0,No,No,44,No,No phone service,Fiber optic,Yes,Yes,Yes,Yes,Yes,Yes,Month-to-month,Yes,Bank transfer (automatic),92.14,4051.33,No
GSTH-1598,Female,0,Yes,No,33,Yes,No,DSL,No,Yes,Yes,No,No,No,Month-to-month,Yes,Electronic check,56.21,1851.73,No
ZYUO-2585,Male,0,Yes,No,18,Yes,Yes,No,No internet service,No internet service,No internet service,No internet service,No internet service,No internet service,Month-to-month,No,Mailed check,28.35,515.2,No
TOMU-6928,Female,0,No,No,41,Yes,Yes,DSL,Yes,No,No,Yes,No,No,One year,Yes,Bank transfer (automatic),50.91,2085.81,No
AXUP-9810,Male,1,Yes,No,16,No,No phone service,Fiber optic,No,Yes,Yes,No,Yes,Yes,One year,No,Credit card (automatic),66.66,1066.0,Yes
JGJL-8433,Male,0,Yes,Yes,34,Yes,No,DSL,No,Yes,No,No,No,Yes,One year,Yes,Electronic check,45.39,1548.3,No
MHPA-0719,Male,0,Yes,No,34,Yes,Yes,Fiber optic,No,Yes,Yes,Yes,Yes,No,Month-to-month,No,Electronic check,81.33,2759.52,Yes
FBES-6816,Male,0,Yes,Yes,5,Yes,No,No,No internet service,No internet service,No internet service,No internet service,No internet service,No internet service,Month-to-month,Yes,Bank transfer (automatic),27.64,141.61,Yes
XNZX-6339,Male,0,No,No,51,Yes,No,No,No internet service,No internet service,No internet service,No internet service,No internet service,No internet service,One year,No,Electronic check,19.14,976.87,No
MILJ-8466,Female,0,Yes,No,42,Yes,No,No,No internet service,No internet service,No internet service,No internet service,No internet service,No internet service,Month-to-month,No,Credit card (automatic),24.73,1043.7,No
YLPO-6763,Male,0,Yes,No,22,Yes,No,No,No internet service,No internet service,No internet service,No internet service,No internet service,No internet service,One year,Yes,Electronic check,23.58,519.28,No
RSGM-8163,Female,0,Yes,No,42,Yes,Yes,Fiber optic,Yes,No,No,No,No,Yes,Two year,Yes,Mailed check,78.76,3310.44,No
PWEG-5164,Female,0,Yes,No,52,Yes,No,No,No internet service,No internet service,No internet service,No internet service,No internet service,No internet service,One year,Yes,Mailed check,22.67,1175.93,No
IMQQ-1786,Female,1,Yes,Yes,71,Yes,Yes,Fiber optic,Yes,No,No,No,Yes,No,One year,No,Electronic check,94.74,6720.68,No
QLGX-6469,Female,0,No,No,72,Yes,Yes,DSL,No,No,Yes,Yes,No,Yes,Two year,No,Electronic check,54.36,3916.56,No
PKPB-8114,Male,0,Yes,No,66,Yes,No,No,No internet service,No internet service,No internet service,No internet service,No internet service,No internet service,Two year,Yes,Bank transfer (automatic),25.82,1694.91,No
NHFI-5407,Female,1,No,No,65,Yes,No,Fiber optic,No,No,Yes,No,Yes,Yes,One year,No,Credit card (automatic),81.35,5293.28,No
CLMR-6101,Female,0,No,No,33,No,No phone service,Fiber optic,No,Yes,No,No,No,No,Month-to-month,No,Electronic check,63.13,2076.03,No
VRQA-3753,Female,0,No,No,34,Yes,No,Fiber optic,No,Yes,No,No,No,No,Month-to-month,No,Credit card (automatic),109.87,3737.17,No
VFYP-3590,Male,1,No,Yes,26,Yes,No,DSL,Yes,No,Yes,No,No,Yes,One year,Yes,Credit card (automatic),25.56,671.01,No
GWKA-7487,Male,0,No,No,26,Yes,Yes,Fiber optic,Yes,No,No,Yes,Yes,No,Two year,No,Credit card (automatic),45.85,1184.94,No
SQSR-1317,Female,0,Yes,No,63,Yes,No,Fiber optic,Yes,Yes,Yes,No,No,No,Month-to-month,Yes,Bank transfer (automatic),93.49,5889.5,No
EQVG-0286,Female,1,Yes,No,38,Yes,No,Fiber optic,Yes,No,Yes,No,Yes,No,One year,Yes,Mailed check,87.42,3323.34,No
OLDF-5214,Male,0,Yes,No,59,Yes,No,Fiber optic,No,Yes,Yes,No,No,No,Month-to-month,Yes,Credit card (automatic),77.26,4564.6,Yes
HSUP-2655,Female,0,No,No,72,No,No phone service,No,No internet service,No internet service,No internet service,No internet service,No internet service,No internet service,One year,Yes,Mailed check,24.73,1781.82,No
ARVH-4148,Male,0,Yes,No,22,Yes,Yes,Fiber optic,No,No,Yes,No,No,No,Month-to-month,Yes,Bank transfer (automatic),77.3,1701.52,No
VMUZ-5869,Female,0,Yes,Yes,10,Yes,Yes,DSL,No,No,No,Yes,Yes,Yes,Month-to-month,Yes,Credit card (automatic),60.45,597.42,No
PSJZ-4347,Female,0,Yes,Yes,3,Yes,Yes,Fiber optic,No,No,No,No,No,Yes,Month-to-month,No,Bank transfer (automatic),69.43,220.53,No
KFDU-6741,Male,0,Yes,No,50,Yes,No,DSL,Yes,Yes,No,Yes,No,Yes,Two year,Yes,Bank transfer (automatic),66.93,3339.93,No
VYCG-7520,Male,1,No,No,37,Yes,Yes,No,No internet service,No internet service,No internet service,No internet service,No internet service,No internet service,Month-to-month,Yes,Bank transfer (automatic),20.88,772.92,Yes
CKFK-3050,Female,0,Yes,No,50,Yes,No,No,No internet service,No internet service,No internet service,No internet service,No internet service,No internet service,Two year,No,Credit card (automatic),23.92,1193.24,No
LXCP-2026,Male,0,No,Yes,47,Yes,Yes,No,No internet service,No internet service,No internet service,No internet service,No internet service,No internet service,Month-to-month,No,Mailed check,29.69,1398.76,Yes
ZXKP-7240,Female,1,No,No,35,Yes,Yes,Fiber optic,No,No,No,No,No,No,Month-to-month,No,Credit card (automatic),95.94,3360.13,Yes
YXJR-9038,Male,0,Yes,No,24,Yes,Yes,DSL,No,No,No,No,Yes,No,One year,No,Credit card (automatic),44.34,1057.0,No
LXPS-9589,Male,0,Yes,No,4,Yes,No,No,No internet service,No internet service,No internet service,No internet service,No internet service,No internet service,One year,Yes,Bank transfer (automatic),26.85,107.73,No
XJEY-8273,Male,1,Yes,No,68,Yes,No,DSL,No,Yes,Yes,Yes,Yes,No,Month-to-month,No,Electronic check,43.73,2972.35,Yes
ZGZX-6407,Female,0,No,No,22,Yes,Yes,Fiber optic,No,No,No,Yes,No,No,Month-to-month,Yes,Bank transfer (automatic),65.08,1430.81,Yes
UCBS-8190,Female,0,No,Yes,13,No,No phone service,DSL,No,No,No,No,Yes,No,Month-to-month,No,Credit card (automatic),47.31,611.47,Yes
PORB-4097,Female,0,Yes,No,51,No,No phone service,Fiber optic,No,Yes,No,Yes,Yes,Yes,Two year,Yes,Credit card (automatic),76.55,3897.85,No
BVUR-9055,Male,0,Yes,No,47,Yes,No,Fiber optic,No,No,Yes,No,Yes,Yes,Month-to-month,No,Credit card (automatic),74.43,3500.38,No
SMXY-2874,Female,0,No,No,56,Yes,No,Fiber optic,No,Yes,No,No,No,No,Month-to-month,No,Credit card (automatic),105.4,5897.69,No
VLAU-9960,Male,0,Yes,No,32,Yes,Yes,No,No internet service,No internet service,No internet service,No internet service,No internet service,No internet service,One year,No,Credit card (automatic),29.83,956.45,No
ZIMW-3396,Male,1,No,No,37,Yes,No,DSL,No,No,Yes,Yes,Yes,No,One year,Yes,Credit card (automatic),44.01,1622.67,No
FCYO-5191,Male,0,No,No,64,Yes,Yes,DSL,No,Yes,Yes,No,Yes,No,One year,Yes,Electronic check,42.02,2687.33,No
AKEZ-5234,Male,0,No,No,5,Yes,No,Fiber optic,Yes,No,Yes,No,Yes,Yes,Month-to-month,No,Electronic check,81.44,402.23,Yes
TISE-6658,Female,0,Yes,No,20,Yes,Yes,No,No internet service,No internet service,No internet service,No internet service,No internet service,No internet service,Month-to-month,No,Electronic check,22.15,441.64,No
OWKD-9850,Female,0,Yes,Yes,26,Yes,Yes,DSL,No,Yes,No,Yes,Yes,Yes,Two year,Yes,Mailed check,31.9,822.64,No
IWFF-3327,Female,0,Yes,No,68,Yes,No,Fiber optic,Yes,Yes,No,No,Yes,No,Month-to-month,Yes,Bank transfer (automatic),51.3,3493.11,No
XRPU-8863,Male,0,No,No,5,Yes,No,DSL,Yes,No,No,No,No,Yes,Month-to-month,Yes,Electronic check,65.23,327.22,No
TJKG-2245,Female,0,Yes,Yes,39,Yes,Yes,Fiber optic,No,Yes,Yes,Yes,No,Yes,Month-to-month,Yes,Electronic check,51.3,2003.94,No
HAWH-4913,Male,0,Yes,No,24,Yes,No,DSL,No,No,Yes,Yes,Yes,Yes,Month-to-month,Yes,Electronic check,65.82,1581.94,No
VYBO-3947,Female,0,No,Yes,68,Yes,No,DSL,No,No,No,No,Yes,No,Month-to-month,Yes,Bank transfer (automatic),66.67,4543.45,Yes
XBFV-4791,Female,0,No,No,61,Yes,No,DSL,No,Yes,No,Yes,Yes,Yes,Two year,Yes,Bank transfer (automatic),41.73,2540.25,No
NMBW-8262,Female,0,Yes,No,45,Yes,Yes,No,No internet service,No internet service,No internet service,No internet service,No internet service,No internet service,Month-to-month,Yes,Electronic check,25.91,1168.11,Yes
LFSQ-5204,Female,0,No,No,47,Yes,Yes,Fiber optic,Yes,No,Yes,No,No,Yes,Month-to-month,No,Mailed check,109.35,5135.8,Yes
HXXS-7372,Female,0,Yes,No,37,No,No phone service,Fiber optic,No,Yes,Yes,No,No,Yes,Month-to-month,No,Bank transfer (automatic),89.55,3309.55,No
PCAH-7851,Female,0,No,No,60,Yes,No,Fiber optic,No,Yes,No,Yes,Yes,Yes,One year,No,Credit card (automatic),73.1,4391.57,No
QHZT-6930,Male,0,Yes,Yes,16,Yes,Yes,DSL,Yes,Yes,Yes,Yes,Yes,No,One year,Yes,Electronic check,71.71,1151.1,No
HZNY-9883,Male,0,Yes,No,47,Yes,No,Fiber optic,No,No,Yes,No,Yes,Yes,Month-to-month,Yes,Bank transfer (automatic),73.9,3477.96,No
PYTR-9210,Male,0,Yes,No,32,Yes,No,No,No internet service,No internet service,No internet service,No internet service,No internet service,No internet service,Two year,No,Electronic check,28.67,914.5,No
VDWG-9087,Female,0,No,No,17,No,No phone service,No,No internet service,No internet service,No internet service,No internet service,No internet service,No internet service,One year,No,Mailed check,19.27,324.07,No
ZQHE-0364,Male,0,Yes,Yes,35,Yes,Yes,Fiber optic,Yes,Yes,No,Yes,Yes,Yes,One year,Yes,Bank transfer (automatic),106.11,3714.74,No
CTRH-1566,Female,0,Yes,No,53,Yes,Yes,No,No internet service,No internet service,No internet service,No internet service,No internet service,No internet service,One year,Yes,Electronic check,28.25,1497.43,No
MAHY-6737,Male,0,No,No,2,Yes,No,Fiber optic,No,No,No,No,No,No,Two year,No,Electronic check,104.84,206.47,Yes
SQMP-7582,Female,0,No,No,19,Yes,Yes,No,No internet service,No internet service,No internet service,No internet service,No internet service,No internet service,Month-to-month,Yes,Bank transfer (automatic),19.31,365.86,Yes
XYIN-6922,Female,0,No,No,30,Yes,No,DSL,No,Yes,Yes,Yes,No,No,Two year,No,Electronic check,35.88,1073.99,No
BQBU-0939,Male,0,Yes,No,20,Yes,Yes,Fiber optic,No,Yes,No,Yes,No,No,Two year,No,Credit card (automatic),92.18,1841.79,No
ZQZX-4932,Female,0,Yes,No,33,Yes,No,No,No internet service,No internet service,No internet service,No internet service,No internet service,No internet service,One year,No,Bank transfer (automatic),18.54,613.91,No
IFLA-7918,Female,0,No,No,56,Yes,No,Fiber optic,No,No,Yes,Yes,Yes,No,Month-to-month,Yes,Credit card (automatic),108.46,6072.46,No
WSDC-5898,Male,0,No,No,36,Yes,No,DSL,Yes,No,No,No,Yes,Yes,One year,Yes,Bank transfer (automatic),57.44,2061.12,No
QJFP-0363,Male,1,Yes,Yes,0,Yes,No,Fiber optic,Yes,Yes,No,No,Yes,No,Month-to-month,No,Bank transfer (automatic),91.75,0.0,Yes
YJUN-8036,Male,0,No,Yes,56,Yes,No,DSL,Yes,Yes,No,No,Yes,No,One year,Yes,Credit card (automatic),43.36,2433.64,No
MBIC-3371,Male,0,Yes,No,54,Yes,No,Fiber optic,No,No,No,No,Yes,Yes,Month-to-month,No,Mailed check,48.51,2622.47,No
EBVI-8033,Male,0,No,Yes,30,Yes,Yes,No,No internet service,No internet service,No internet service,No internet service,No internet service,No internet service,One year,No,Credit card (automatic),20.21,603.58,No
QJBF-9282,Female,1,Yes,No,22,Yes,Yes,Fiber optic,Yes,No,Yes,No,No,Yes,Month-to-month,No,Credit card (automatic),105.37,2315.13,No
SICF-5068,Female,0,Yes,Yes,47,Yes,No,DSL,Yes,Yes,No,Yes,No,No,Two year,No,Bank transfer (automatic),72.78,3423.32,No
YYRA-5537,Male,0,No,No,19,Yes,Yes,Fiber optic,Yes,No,No,Yes,No,Yes,One year,Yes,Electronic check,66.08,1249.79,No
UWIA-8363,Female,0,No,No,6,Yes,No,DSL,No,No,Yes,Yes,No,No,Two year,No,Mailed check,67.75,403.1,No
DPNT-5418,Male,0,No,Yes,1,Yes,Yes,DSL,Yes,No,No,Yes,Yes,No,Month-to-month,No,Mailed check,62.07,54.17,No
VZVI-0623,Female,0,Yes,No,39,Yes,Yes,DSL,No,No,No,No,No,No,Two year,No,Mailed check,34.55,1352.63,No
ACNN-6508,Female,0,No,No,23,Yes,No,Fiber optic,No,Yes,No,No,Yes,No,Month-to-month,No,Bank transfer (automatic),46.66,1067.63,Yes
TGPT-6403,Female,0,No,No,8,Yes,Yes,Fiber optic,No,No,Yes,No,No,No,Two year,Yes,Electronic check,64.86,520.38,Yes
OSFF-0119,Male,0,No,No,42,Yes,No,DSL,No,No,No,No,No,No,Month-to-month,Yes,Electronic check,27.6,1152.14,No
NTYK-1707,Female,0,No,No,50,Yes,No,No,No internet service,No internet service,No internet service,No internet service,No internet service,No internet service,One year,No,Bank transfer (automatic),19.7,991.67,No
CUAA-5273,Male,0,Yes,No,49,Yes,No,Fiber optic,Yes,Yes,No,Yes,Yes,Yes,Two year,Yes,Mailed check,97.08,4760.86,No
VMZL-8739,Male,1,Yes,No,21,Yes,Yes,DSL,Yes,No,Yes,No,Yes,Yes,Month-to-month,Yes,Electronic check,32.29,689.03,Yes
XGUG-6916,Male,0,No,No,9,Yes,No,DSL,No,No,No,No,Yes,Yes,Month-to-month,Yes,Bank transfer (automatic),50.02,448.09,Yes
SXXY-3928,Female,0,Yes,No,66,Yes,Yes,DSL,Yes,No,Yes,No,No,No,One year,No,Credit card (automatic),30.3,1999.02,No
YRFP-2413,Female,1,No,Yes,3,Yes,Yes,Fiber optic,No,Yes,Yes,No,No,Yes,Month-to-month,Yes,Credit card (automatic),62.42,195.9,No
KSRV-2354,Female,0,No,No,29,Yes,Yes,No,No internet service,No internet service,No internet service,No internet service,No internet service,No internet service,Month-to-month,Yes,Credit card (automatic),22.78,661.35,No
DLDB-9374,Male,0,Yes,No,21,Yes,Yes,No,No internet service,No internet service,No internet service,No internet service,No internet service,No internet service,Month-to-month,No,Bank transfer (automatic),22.95,475.12,No
NOKJ-9759,Male,0,No,No,72,Yes,No,No,No internet service,No internet service,No internet service,No internet service,No internet service,No internet service,One year,Yes,Credit card (automatic),26.49,1914.47,No
UDZI-9495,Male,0,Yes,No,40,Yes,No,DSL,No,No,No,Yes,Yes,Yes,Two year,Yes,Credit card (automatic),47.82,1912.03,No
GLMQ-8742,Male,0,No,No,15,Yes,Yes,Fiber optic,No,No,No,Yes,No,Yes,Month-to-month,Yes,Electronic check,70.7,1067.12,Yes
EUYW-1481,Male,1,Yes,Yes,55,Yes,No,No,No internet service,No internet service,No internet service,No internet service,No internet service,No internet service,Month-to-month,No,Electronic check,25.01,1374.56,No
HLST-1858,Male,0,Yes,Yes,68,Yes,No,No,No internet service,No internet service,No internet service,No internet service,No internet service,No internet service,Two year,Yes,Mailed check,19.02,1307.82,No
NOKM-7845,Female,1,No,No,13,Yes,Yes,DSL,No,No,Yes,No,No,No,One year,Yes,Electronic check,29.53,386.05,No
WEAY-1677,Male,0,No,No,51,Yes,No,Fiber optic,No,No,No,No,No,No,Two year,Yes,Credit card (automatic),72.18,3686.8,No
QZWY-2778,Female,1,No,No,13,Yes,No,DSL,No,No,Yes,No,Yes,No,One year,Yes,Bank transfer (automatic),62.22,808.37,No
XUUC-5921,Male,0,No,No,46,Yes,No,DSL,No,Yes,No,No,No,Yes,Month-to-month,No,Mailed check,40.66,1867.12,No
WZCT-9708,Male,0,Yes,No,15,Yes,No,No,No internet service,No internet service,No internet service,No internet service,No internet service,No internet service,Month-to-month,Yes,Electronic check,22.15,323.21,No
FRPS-4581,Female,0,No,No,42,Yes,Yes,Fiber optic,Yes,No,No,No,No,Yes,Two year,Yes,Bank transfer (automatic),48.34,2031.85,No
PUWK-6327,Female,1,No,No,67,Yes,No,No,No internet service,No internet service,No internet service,No internet service,No internet service,No internet service,One year,Yes,Bank transfer (automatic),23.37,1568.53,No
RELJ-4063,Female,0,Yes,No,36,Yes,No,DSL,No,No,Yes,No,Yes,Yes,Month-to-month,Yes,Bank transfer (automatic),54.45,1965.77,No
ZLRH-3076,Female,0,No,No,13,Yes,Yes,No,No internet service,No internet service,No internet service,No internet service,No internet service,No internet service,One year,Yes,Credit card (automatic),21.88,293.72,No
CCGR-4659,Female,0,No,No,40,Yes,Yes,Fiber optic,No,Yes,No,No,No,No,Two year,Yes,Electronic check,57.1,2284.76,No
WBGB-6797,Female,1,Yes,No,72,Yes,Yes,DSL,Yes,No,Yes,No,Yes,Yes,Month-to-month,Yes,Electronic check,31.49,2264.3,No
PUGK-7316,Female,1,Yes,No,23,Yes,Yes,DSL,Yes,Yes,No,Yes,Yes,Yes,Two year,No,Credit card (automatic),27.09,617.41,No
MQLR-9690,Male,0,No,Yes,18,Yes,No,Fiber optic,Yes,Yes,Yes,No,No,No,One year,Yes,Electronic check,78.39,1419.11,No
GPPU-2168,Male,0,Yes,No,11,Yes,No,Fiber optic,No,Yes,Yes,Yes,No,Yes,One year,Yes,Credit card (automatic),105.8,1151.87,No
INZJ-7107,Male,0,No,Yes,46,Yes,Yes,DSL,No,No,No,No,Yes,No,One year,No,Electronic check,63.2,2899.82,Yes
BTDB-3659,Male,0,Yes,No,11,Yes,No,No,No internet service,No internet service,No internet service,No internet service,No internet service,No internet service,Month-to-month,No,Mailed check,24.02,274.94,No
VDRE-2234,Female,0,No,Yes,2,Yes,Yes,Fiber optic,No,Yes,Yes,No,Yes,No,Two year,Yes,Credit card (automatic),79.15,154.03,No
BVOV-7177,Female,0,Yes,No,29,Yes,No,Fiber optic,Yes,No,No,Yes,Yes,Yes,Month-to-month,Yes,Mailed check,85.53,2471.08,No
TWOP-6007,Male,0,No,No,57,Yes,No,Fiber optic,No,No,No,No,No,Yes,One year,No,Electronic check,89.36,5089.91,No
ACVX-4433,Female,0,No,No,45,Yes,No,Fiber optic,Yes,No,No,Yes,Yes,Yes,One year,Yes,Electronic check,59.84,2694.28,No
GVXO-5969,Male,1,No,No,50,Yes,No,DSL,Yes,No,No,No,No,No,Month-to-month,No,Credit card (automatic),50.81,2538.97,No
NZEV-0272,Female,1,No,No,14,Yes,No,DSL,No,Yes,No,Yes,Yes,Yes,Month-to-month,Yes,Mailed check,40.31,560.33,No
QSPD-7836,Male,0,Yes,Yes,42,Yes,No,Fiber optic,Yes,Yes,Yes,No,No,No,One year,Yes,Electronic check,84.26,3540.09,No
AIDN-8240,Male,0,No,No,21,Yes,No,Fiber optic,Yes,No,No,No,No,Yes,Month-to-month,Yes,Credit card (automatic),74.85,1569.64,Yes
KSEV-7020,Male,0,Yes,No,8,Yes,No,DSL,Yes,No,No,No,No,No,Two year,No,Electronic check,61.94,498.88,No
EXTI-5549,Female,1,No,No,38,Yes,Yes,Fiber optic,Yes,Yes,Yes,No,No,No,One year,No,Electronic check,63.96,2428.18,Yes
UKWX-6009,Male,0,No,No,67,Yes,No,Fiber optic,Yes,No,Yes,No,No,No,Two year,Yes,Mailed check,105.19,7046.85,No
FCPM-8612,Male,0,Yes,No,56,Yes,No,No,No internet service,No internet service,No internet service,No internet service,No internet service,No internet service,Month-to-month,No,Bank transfer (automatic),21.97,1238.65,No
HMNO-0490,Male,0,Yes,No,67,Yes,No,Fiber optic,Yes,No,No,No,No,Yes,Month-to-month,No,Credit card (automatic),98.13,6572.11,No
LIWE-5226,Female,0,No,No,6,Yes,No,DSL,No,Yes,Yes,No,No,Yes,Month-to-month,No,Mailed check,44.57,266.54,No
GGBB-4362,Male,0,No,No,1,Yes,Yes,DSL,No,No,Yes,Yes,Yes,Yes,Month-to-month,No,Credit card (automatic),71.16,70.82,No
UBQI-3760,Female,0,No,No,53,Yes,Yes,Fiber optic,Yes,No,Yes,No,No,No,One year,Yes,Credit card (automatic),94.35,4990.96,No
JKGR-2062,Female,0,No,No,36,Yes,Yes,DSL,No,No,Yes,No,No,Yes,Month-to-month,No,Electronic check,54.43,1956.13,Yes
VMWC-1886,Male,0,No,Yes,27,Yes,Yes,Fiber optic,Yes,No,No,Yes,Yes,No,Month-to-month,Yes,Electronic check,89.89,2427.37,No
NETO-3036,Female,0,No,No,58,Yes,Yes,DSL,Yes,No,Yes,No,No,No,One year,Yes,Mailed check,54.54,3162.64,No
EYDK-2531,Female,0,No,No,45,Yes,No,No,No internet service,No internet service,No internet service,No internet service,No internet service,No internet service,Month-to-month,Yes,Bank transfer (automatic),22.77,1023.73,No
ETOU-8353,Female,0,No,No,62,No,No phone service,Fiber optic,Yes,No,No,Yes,No,Yes,Month-to-month,Yes,Electronic check,86.22,5344.6,No
QORF-7835,Female,0,Yes,Yes,34,Yes,No,DSL,No,No,No,No,Yes,No,Month-to-month,Yes,Mailed check,42.83,1452.66,No
SLIH-0198,Male,0,Yes,No,57,Yes,No,Fiber optic,Yes,No,Yes,No,No,No,Month-to-month,No,Bank transfer (automatic),94.65,5397.08,No
ZCSJ-8294,Female,0,No,No,12,Yes,No,Fiber optic,No,No,No,No,No,No,Month-to-month,Yes,Mailed check,101.07,1215.68,No
FSNZ-7151,Male,0,No,Yes,70,Yes,No,DSL,Yes,Yes,Yes,Yes,No,Yes,One year,Yes,Mailed check,30.5,2137.31,No
YVYD-2173,Female,0,Yes,No,5,Yes,No,No,No internet service,No internet service,No internet service,No internet service,No internet service,No internet service,One year,No,Credit card (automatic),27.42,141.34,Yes
RKIH-4746,Female,0,No,Yes,44,No,No phone service,DSL,Yes,No,No,No,No,Yes,Month-to-month,Yes,Electronic check,64.24,2820.98,No
UEMT-4623,Male,1,No,Yes,4,Yes,Yes,No,No internet service,No internet service,No internet service,No internet service,No internet service,No internet service,Month-to-month,Yes,Credit card (automatic),25.16,100.43,Yes
XVXK-1864,Female,0,Yes,No,37,Yes,No,DSL,No,Yes,Yes,No,Yes,No,Month-to-month,No,Electronic check,73.04,2705.56,No
OGRT-6179,Female,1,Yes,No,43,Yes,Yes,Fiber optic,Yes,No,Yes,No,Yes,No,One year,No,Electronic check,83.39,3589.46,No
JKUU-7051,Male,0,No,No,24,Yes,Yes,DSL,Yes,No,No,Yes,No,No,Two year,No,Mailed check,46.77,1123.64,No
QLOG-3095,Female,0,Yes,Yes,14,Yes,Yes,No,No internet service,No internet service,No internet service,No internet service,No internet service,No internet service,Two year,Yes,Electronic check,24.3,343.26,No
JOFP-2598,Male,0,No,Yes,71,Yes,No,No,No internet service,No internet service,No internet service,No internet service,No internet service,No internet service,Month-to-month,No,Electronic check,18.68,1318.23,No
VAZV-7677,Male,0,Yes,Yes,38,Yes,No,No,No internet service,No internet service,No internet service,No internet service,No internet service,No internet service,Month-to-month,No,Mailed check,29.27,1118.94,No
ISGF-1424,Female,0,Yes,No,47,Yes,No,Fiber optic,Yes,Yes,No,Yes,No,Yes,Month-to-month,Yes,Mailed check,104.89,4925.22,No
YXYI-7755,Male,0,No,No,51,Yes,Yes,DSL,No,No,Yes,No,No,No,Two year,No,Electronic check,73.59,3745.99,No
OFZV-8909,Female,0,No,No,59,Yes,Yes,DSL,Yes,No,No,No,No,No,Two year,Yes,Bank transfer (automatic),53.66,3166.44,No
VHQK-5851,Female,0,No,No,22,Yes,No,Fiber optic,No,Yes,Yes,No,Yes,Yes,One year,No,Mailed check,90.73,2003.04,No
ATFZ-9846,Male,1,Yes,No,68,Yes,Yes,Fiber optic,No,No,No,No,No,No,Month-to-month,Yes,Bank transfer (automatic),57.51,3910.32,No
VVIE-1728,Female,1,No,No,51,Yes,Yes,DSL,Yes,Yes,Yes,No,Yes,No,Month-to-month,Yes,Mailed check,74.41,3798.65,No
NEQO-3807,Male,0,Yes,No,21,Yes,Yes,DSL,Yes,No,No,Yes,No,No,Two year,No,Electronic check,71.72,1511.87,No
XYIM-5468,Female,0,No,No,24,Yes,Yes,DSL,No,Yes,Yes,Yes,No,No,Month-to-month,No,Credit card (automatic),46.01,1099.67,No
ELCI-9009,Male,0,No,No,54,Yes,No,Fiber optic,No,Yes,Yes,Yes,No,No,Two year,No,Electronic check,100.96,5453.23,No
KTBW-1677,Male,0,No,No,63,Yes,No,Fiber optic,No,No,Yes,Yes,No,Yes,Month-to-month,Yes,Electronic check,98.16,6178.89,No
CIZP-9953,Male,0,Yes,No,64,Yes,No,Fiber optic,Yes,No,No,No,Yes,Yes,One year,Yes,Electronic check,54.09,3453.0,No
XTTK-7305,Male,0,Yes,Yes,3,Yes,Yes,DSL,No,No,No,No,Yes,No,Month-to-month,Yes,Mailed check,33.24,106.88,Yes
HNCB-5045,Male,0,Yes,No,51,Yes,Yes,DSL,Yes,No,Yes,No,No,No,Month-to-month,No,Electronic check,31.82,1623.88,No
HGFR-7742,Male,0,No,Yes,31,Yes,No,DSL,No,No,No,No,No,No,One year,Yes,Bank transfer (automatic),41.82,1301.23,No
XESI-8674,Female,1,Yes,No,52,Yes,No,DSL,Yes,Yes,No,No,Yes,Yes,Month-to-month,No,Mailed check,31.92,1663.8,No
UEBS-7586,Female,1,Yes,No,25,Yes,Yes,Fiber optic,No,No,Yes,Yes,Yes,Yes,Month-to-month,No,Bank transfer (automatic),109.27,2731.22,Yes
NFPD-6364,Female,0,No,Yes,34,Yes,Yes,DSL,No,Yes,Yes,No,No,Yes,Month-to-month,Yes,Electronic check,49.72,1690.38,Yes
BWHJ-1534,Female,0,No,Yes,13,Yes,No,Fiber optic,No,Yes,No,Yes,No,Yes,Two year,Yes,Credit card (automatic),56.7,732.24,No
AFLN-7108,Male,1,No,No,33,Yes,Yes,DSL,No,No,No,No,No,Yes,One year,No,Mailed check,60.86,1992.91,No
ORXU-1485,Male,0,No,Yes,59,Yes,Yes,DSL,Yes,No,Yes,No,Yes,No,Month-to-month,Yes,Bank transfer (automatic),36.18,2136.82,No
CLXN-0883,Male,0,No,No,24,Yes,Yes,DSL,No,Yes,No,No,Yes,No,One year,Yes,Electronic check,71.28,1710.82,No
MHKN-2599,Male,1,No,No,53,Yes,Yes,Fiber optic,Yes,No,Yes,Yes,Yes,Yes,One year,Yes,Credit card (automatic),69.8,3704.31,No
HKYH-8390,Female,0,No,No,26,Yes,Yes,Fiber optic,No,No,No,No,No,Yes,Month-to-month,Yes,Bank transfer (automatic),45.25,1183.33,Yes
WKLJ-3026,Male,1,No,No,20,Yes,No,DSL,Yes,Yes,Yes,No,No,No,Month-to-month,No,Electronic check,55.8,1118.94,No
CQWH-4524,Male,0,Yes,No,47,Yes,No,DSL,No,No,Yes,No,Yes,No,Month-to-month,No,Electronic check,68.67,3225.94,Yes
SMRW-9670,Male,1,No,No,34,No,No phone service,Fiber optic,Yes,No,Yes,Yes,No,Yes,Month-to-month,No,Electronic check,82.63,,Yes
RBLS-6660,Female,0,No,Yes,51,Yes,Yes,Fiber optic,Yes,No,Yes,Yes,No,Yes,Month-to-month,Yes,Electronic check,94.21,4796.76,No
RHYJ-6039,Female,0,Yes,No,69,Yes,Yes,Fiber optic,No,Yes,No,No,No,Yes,One year,Yes,Credit card (automatic),84.14,5804.22,No
HNMU-0658,Female,0,No,Yes,25,Yes,No,DSL,Yes,Yes,No,Yes,Yes,No,Month-to-month,Yes,Mailed check,43.18,1070.55,No
TTHN-3264,Female,0,No,Yes,14,Yes,Yes,Fiber optic,Yes,Yes,Yes,No,Yes,Yes,Month-to-month,Yes,Electronic check,50.06,699.99,No
IUIV-5563,Male,0,Yes,No,4,Yes,No,Fiber optic,Yes,No,No,No,No,Yes,Two year,No,Bank transfer (automatic),107.66,423.36,No
DYWZ-5065,Female,0,Yes,No,32,Yes,Yes,Fiber optic,No,No,No,Yes,Yes,Yes,Month-to-month,Yes,Mailed check,76.66,2453.1,Yes
THGH-8021,Female,0,No,Yes,24,Yes,No,Fiber optic,Yes,No,No,No,Yes,No,Two year,No,Mailed check,45.5,1086.64,No
SKPR-5813,Male,1,No,Yes,51,Yes,Yes,No,No internet service,No internet service,No internet service,No internet service,No internet service,No internet service,Two year,No,Electronic check,23.24,1188.38,No
EUNA-5453,Female,0,No,Yes,43,Yes,No,Fiber optic,No,No,Yes,No,No,No,Two year,No,Electronic check,71.7,3070.77,No
FIAV-0635,Female,0,Yes,No,19,Yes,Yes,DSL,Yes,No,No,No,Yes,Yes,Two year,Yes,Electronic check,62.87,1196.25,No
PGEI-7209,Male,0,Yes,No,55,Yes,Yes,No,No internet service,No internet service,No internet service,No internet service,No internet service,No internet service,Month-to-month,No,Electronic check,18.5,1015.76,No
HTWD-6001,Female,0,No,No,65,Yes,Yes,Fiber optic,No,Yes,Yes,No,No,No,Month-to-month,Yes,Credit card (automatic),68.08,4424.24,No
UNZV-1086,Female,0,No,No,7,Yes,Yes,DSL,Yes,No,Yes,No,No,No,Month-to-month,Yes,Electronic check,43.02,296.52,No
HVIX-3410,Female,0,No,No,63,Yes,Yes,Fiber optic,No,Yes,Yes,No,Yes,Yes,Month-to-month,No,Electronic check,88.84,5593.64,Yes
FCTQ-5793,Female,0,No,No,28,Yes,No,Fiber optic,Yes,No,Yes,Yes,No,Yes,Month-to-month,No,Bank transfer (automatic),46.86,1303.25,Yes
JOHK-9262,Male,0,No,Yes,47,Yes,No,No,No internet service,No internet service,No internet service,No internet service,No internet service,No internet service,Two year,Yes,Credit card (automatic),21.53,1016.3,No
OFTV-6753,Male,0,No,No,18,Yes,Yes,Fiber optic,No,No,Yes,Yes,No,No,Two year,No,Electronic check,86.41,1557.06,No
IGYO-2407,Female,1,No,No,8,Yes,No,DSL,Yes,No,Yes,Yes,Yes,No,Two year,Yes,Bank transfer (automatic),39.89,325.99,No
AAPW-7216,Male,0,Yes,No,71,Yes,Yes,No,No internet service,No internet service,No internet service,No internet service,No internet service,No internet service,Month-to-month,No,Electronic check,24.33,1723.57,Yes
JEOA-1250,Male,0,No,Yes,14,Yes,No,No,No internet service,No internet service,No internet service,No internet service,No internet service,No internet service,Two year,No,Bank transfer (automatic),26.11,368.16,No
OXRU-7475,Female,1,Yes,Yes,67,Yes,No,No,No internet service,No internet service,No internet service,No internet service,No internet service,No internet service,Month-to-month,No,Bank transfer (automatic),20.22,1348.55,No
WHSM-4968,Female,0,No,Yes,62,Yes,No,DSL,No,No,No,No,Yes,Yes,Two year,Yes,Bank transfer (automatic),49.09,3046.67,No
NFJA-7503,Male,0,No,No,37,Yes,Yes,DSL,Yes,Yes,No,No,No,No,Two year,Yes,Electronic check,30.79,1137.54,No
FOJQ-9426,Male,0,No,No,46,Yes,No,No,No internet service,No internet service,No internet service,No internet service,No internet service,No internet service,One year,Yes,Mailed check,23.29,1069.78,No
XSJS-2552,Female,0,Yes,No,12,Yes,Yes,Fiber optic,No,No,Yes,Yes,Yes,Yes,Two year,No,Electronic check,90.31,1088.07,No
VYKH-6676,Male,0,No,Yes,45,Yes,Yes,No,No internet service,No internet service,No internet service,No internet service,No internet service,No internet service,Month-to-month,No,Mailed check,29.44,1316.2,Yes
PCHH-0944,Male,1,No,No,35,Yes,No,DSL,No,Yes,No,No,No,No,Month-to-month,Yes,Credit card (automatic),65.7,2295.75,No
QVNF-3550,Female,0,Yes,Yes,9,Yes,No,Fiber optic,No,No,No,Yes,Yes,No,Two year,Yes,Electronic check,60.79,546.61,No
ERNG-8886,Female,0,No,No,54,Yes,Yes,Fiber optic,Yes,Yes,Yes,Yes,No,No,One year,No,Electronic check,60.85,3282.5,No
GQKF-4773,Female,0,No,No,22,Yes,Yes,Fiber optic,Yes,Yes,No,Yes,Yes,No,One year,Yes,Mailed check,92.88,2044.97,No
AFZA-4424,Female,0,Yes,No,22,Yes,Yes,Fiber optic,Yes,No,Yes,Yes,No,Yes,Month-to-month,Yes,Electronic check,67.42,1473.95,Yes
VEQL-6264,Male,0,Yes,Yes,67,Yes,No,DSL,Yes,No,No,No,Yes,Yes,One year,Yes,Bank transfer (automatic),44.11,2953.19,No
MLSM-5053,Female,0,Yes,No,43,No,No phone service,DSL,Yes,No,Yes,No,Yes,Yes,Month-to-month,No,Mailed check,52.23,2248.31,No
DEMI-0231,Male,0,No,No,4,Yes,No,No,No internet service,No internet service,No internet service,No internet service,No internet service,No internet service,Month-to-month,No,Bank transfer (automatic),28.56,115.33,No
YOWA-8510,Male,0,No,No,3,Yes,Yes,No,No internet service,No internet service,No internet service,No internet service,No internet service,No internet service,Month-to-month,Yes,Credit card (automatic),26.02,74.61,No
VGJF-6571,Female,0,No,Yes,29,Yes,No,DSL,No,No,No,Yes,Yes,Yes,Month-to-month,Yes,Mailed check,72.26,2098.25,No
IYIG-8021,Male,0,Yes,No,51,Yes,No,No,No internet service,No internet service,No internet service,No internet service,No internet service,No internet service,Month-to-month,No,Mailed check,20.08,1026.67,No
KPOA-4025,Female,0,No,Yes,12,Yes,No,Fiber optic,No,Yes,No,No,Yes,No,Month-to-month,No,Bank transfer (automatic),85.01,1016.32,No
VSTG-5185,Female,1,Yes,No,17,Yes,Yes,DSL,No,Yes,No,Yes,No,Yes,Two year,No,Mailed check,42.78,725.01,No
BWKK-9930,Male,0,Yes,No,31,Yes,Yes,No,No internet service,No internet service,No internet service,No internet service,No internet service,No internet service,One year,No,Mailed check,29.36,911.69,No
JIMK-9742,Male,0,Yes,Yes,32,Yes,Yes,Fiber optic,No,No,No,Yes,Yes,No,Month-to-month,No,Mailed check,67.45,2159.24,No
DCJX-4708,Male,0,Yes,No,57,Yes,No,Fiber optic,No,Yes,No,No,Yes,No,Two year,Yes,Credit card (automatic),84.89,4834.19,No
KZCQ-2169,Female,1,Yes,No,61,Yes,No,No,No internet service,No internet service,No internet service,No internet service,No internet service,No internet service,One year,Yes,Bank transfer (automatic),23.62,1441.33,No
TWSF-6645,Female,0,No,No,70,Yes,No,No,No internet service,No internet service,No internet service,No internet service,No internet service,No internet service,One year,Yes,Bank transfer (automatic),23.97,1678.31,No
CLDV-2628,Female,0,No,No,13,Yes,Yes,No,No internet service,No internet service,No internet service,No internet service,No internet service,No internet service,One year,Yes,Bank transfer (automatic),27.54,359.4,No
TBFN-8991,Male,0,Yes,No,13,Yes,No,Fiber optic,No,No,No,No,Yes,No,One year,Yes,Credit card (automatic),93.77,1216.2,Yes
ODEY-6458,Female,0,Yes,No,9,Yes,Yes,DSL,No,No,Yes,No,No,Yes,Month-to-month,No,Mailed check,38.06,349.06,No
OTBP-4630,Female,0,No,No,58,Yes,Yes,Fiber optic,No,No,Yes,No,No,No,Month-to-month,No,Bank transfer (automatic),78.63,4554.47,No
HUJO-1299,Male,0,No,No,38,Yes,Yes,DSL,Yes,Yes,Yes,No,Yes,No,Month-to-month,Yes,Mailed check,41.47,1567.91,No
UTYI-7147,Male,0,No,No,45,Yes,Yes,DSL,No,No,Yes,Yes,No,No,Month-to-month,Yes,Mailed check,59.57,2674.76,No
XGDS-7794,Female,0,Yes,No,17,No,No phone service,No,No internet service,No internet service,No internet service,No internet service,No internet service,No internet service,One year,Yes,Bank transfer (automatic),18.43,315.4,No
CETH-1795,Female,0,Yes,Yes,18,Yes,No,DSL,No,No,Yes,No,Yes,Yes,Month-to-month,Yes,Bank transfer (automatic),66.4,1185.93,No
PDNC-9450,Female,0,No,No,36,Yes,Yes,Fiber optic,No,Yes,Yes,Yes,No,Yes,Month-to-month,No,Bank transfer (automatic),93.36,3353.57,No
QKZS-1070,Male,0,No,No,2,Yes,Yes,No,No internet service,No internet service,No internet service,No internet service,No internet service,No internet service,One year,Yes,Electronic check,24.99,47.36,No
ZXED-7772,Female,0,No,Yes,54,Yes,No,Fiber optic,No,No,No,No,Yes,No,Month-to-month,Yes,Electronic check,97.8,5280.54,No
LXMA-3454,Female,0,No,No,6,Yes,No,DSL,No,No,No,No,No,No,One year,No,Credit card (automatic),30.54,183.68,No
EUYJ-9219,Male,0,Yes,No,70,Yes,No,Fiber optic,No,Yes,No,Yes,Yes,No,One year,No,Electronic check,52.43,3678.58,No
BPOX-4458,Female,0,Yes,No,51,Yes,Yes,No,No internet service,No internet service,No internet service,No internet service,No internet service,No internet service,Month-to-month,No,Mailed check,28.44,1448.32,No
WEEZ-8816,Female,0,Yes,No,53,Yes,No,Fiber optic,No,Yes,Yes,Yes,No,Yes,Month-to-month,No,Electronic check,76.86,4078.66,No
ZATB-9853,Female,0,Yes,No,37,Yes,Yes,Fiber optic,Yes,Yes,Yes,Yes,No,No,Month-to-month,Yes,Credit card (automatic),54.24,2006.26,Yes
SPDR-4851,Male,1,No,No,62,Yes,Yes,Fiber optic,Yes,Yes,Yes,Yes,No,Yes,Month-to-month,Yes,Electronic check,79.35,4921.59,No
FYNT-0149,Male,1,No,No,63,Yes,No,DSL,No,No,No,Yes,No,No,Month-to-month,Yes,Mailed check,26.65,1679.04,No
WXSY-1335,Male,0,Yes,No,5,Yes,No,No,No internet service,No internet service,No internet service,No internet service,No internet service,No internet service,Month-to-month,Yes,Credit card (automatic),23.66,114.36,No
ZFCI-4152,Male,0,Yes,Yes,51,Yes,No,Fiber optic,No,No,No,Yes,No,Yes,Month-to-month,Yes,Credit card (automatic),61.56,3142.88,Yes
HMSE-3317,Female,0,Yes,No,43,No,No phone service,DSL,No,Yes,No,Yes,Yes,No,Month-to-month,Yes,Mailed check,39.19,1679.01,No
STVI-3248,Male,0,Yes,Yes,35,No,No phone service,DSL,No,No,No,No,Yes,No,Month-to-month,No,Bank transfer (automatic),53.22,1859.48,No
QEDU-6660,Male,0,No,Yes,36,Yes,Yes,DSL,No,No,No,No,No,No,Month-to-month,Yes,Electronic check,69.72,2502.25,Yes
YOGO-3315,Male,0,No,No,63,Yes,No,Fiber optic,No,No,Yes,No,Yes,Yes,Month-to-month,Yes,Electronic check,86.9,5474.73,No
MLJS-0454,Male,0,No,No,47,No,No phone service,No,No internet service,No internet service,No internet service,No internet service,No internet service,No internet service,Two year,Yes,Electronic check,26.22,1228.14,No
UZMN-7907,Female,0,Yes,No,26,Yes,Yes,DSL,No,No,No,No,Yes,Yes,Month-to-month,Yes,Credit card (automatic),38.06,991.44,No
KGQY-3627,Male,0,No,No,64,Yes,No,DSL,Yes,Yes,Yes,No,No,No,Month-to-month,Yes,Credit card (automatic),71.19,4556.23,No
TNRR-7705,Female,0,No,No,0,Yes,No,No,No internet service,No internet service,No internet service,No internet service,No internet service,No internet service,Month-to-month,No,Mailed check,23.38,0.0,Yes
IYBH-7334,Male,0,Yes,No,47,No,No phone service,Fiber optic,No,No,Yes,Yes,No,No,Month-to-month,No,Mailed check,85.63,4031.73,No
JWAK-8236,Female,0,Yes,Yes,36,Yes,No,DSL,No,No,No,Yes,Yes,No,One year,Yes,Mailed check,70.01,2520.27,No
EUQR-4109,Male,0,No,No,48,Yes,No,No,No internet service,No internet service,No internet service,No internet service,No internet service,No internet service,One year,Yes,Mailed check,26.26,1269.68,No
CKQZ-7776,Male,0,No,No,54,Yes,No,DSL,No,Yes,No,Yes,Yes,Yes,Month-to-month,Yes,Electronic check,66.68,3596.46,No
WBYG-4374,Male,0,Yes,No,38,Yes,Yes,Fiber optic,No,No,No,Yes,No,Yes,Month-to-month,Yes,Bank transfer (automatic),100.52,3824.93,Yes
FTRG-1660,Female,0,Yes,No,35,Yes,No,Fiber optic,No,Yes,No,Yes,No,Yes,Two year,Yes,Mailed check,45.42,1589.75,No
JJLC-2528,Male,1,Yes,No,65,Yes,No,Fiber optic,No,Yes,No,Yes,Yes,No,Month-to-month,No,Mailed check,45.5,2959.06,No
UFFH-9286,Female,0,No,No,65,Yes,No,DSL,No,Yes,No,Yes,Yes,Yes,One year,Yes,Credit card (automatic),36.63,2380.87,No
KPFQ-3410,Female,0,Yes,No,67,No,No phone service,No,No internet service,No internet service,No internet service,No internet service,No internet service,No internet service,Two year,No,Bank transfer (automatic),25.47,1704.05,No
RHZV-9187,Female,0,Yes,No,1,Yes,No,Fiber optic,Yes,No,Yes,No,Yes,No,One year,Yes,Mailed check,56.89,62.37,No
DKJN-6252,Male,0,No,Yes,64,Yes,No,DSL,No,Yes,Yes,No,Yes,No,Two year,Yes,Mailed check,48.02,3078.74,No
ZSML-8573,Male,0,No,Yes,17,Yes,Yes,Fiber optic,No,No,Yes,No,No,No,Month-to-month,Yes,Electronic check,63.79,1095.13,No
THWU-1506,Male,0,Yes,No,40,Yes,No,DSL,Yes,Yes,Yes,No,Yes,No,Month-to-month,Yes,Credit card (automatic),31.67,1264.36,No
YEEL-6493,Male,0,No,Yes,38,Yes,No,Fiber optic,No,No,No,No,Yes,Yes,One year,Yes,Bank transfer (automatic),76.18,2893.19,No
QFNI-3934,Male,0,Yes,No,25,Yes,Yes,DSL,No,No,No,No,No,No,Month-to-month,No,Electronic check,36.2,902.99,No
PPPF-2805,Female,1,Yes,No,2,Yes,Yes,DSL,Yes,Yes,No,No,No,No,One year,No,Electronic check,63.18,125.38,No
FXEY-8146,Male,0,Yes,No,48,Yes,No,No,No internet service,No internet service,No internet service,No internet service,No internet service,No internet service,Month-to-month,Yes,Bank transfer (automatic),28.95,1393.26,No
BGIX-9837,Male,0,No,No,27,No,No phone service,DSL,Yes,No,Yes,No,No,No,One year,No,Electronic check,69.98,1888.92,No
IJLB-9200,Male,0,Yes,No,15,Yes,No,Fiber optic,Yes,No,Yes,No,No,Yes,Two year,Yes,Bank transfer (automatic),108.81,1631.67,No
ZVAE-5853,Female,1,Yes,Yes,21,Yes,No,DSL,No,Yes,No,No,No,No,Month-to-month,No,Credit card (automatic),47.85,1008.17,No
AFGU-5970,Male,0,No,No,48,Yes,No,Fiber optic,No,No,Yes,Yes,Yes,Yes,Month-to-month,No,Credit card (automatic),101.57,4885.75,No
HLKB-1717,Male,0,Yes,No,27,Yes,No,Fiber optic,No,No,No,Yes,Yes,No,Month-to-month,Yes,Credit card (automatic),53.2,1445.22,No
UYYX-8675,Male,0,Yes,Yes,15,Yes,Yes,DSL,No,Yes,No,No,Yes,Yes,One year,Yes,Electronic check,47.91,720.37,No
IPBC-1520,Male,1,No,Yes,63,Yes,No,No,No internet service,No internet service,No internet service,No internet service,No internet service,No internet service,One year,Yes,Mailed check,20.34,1273.31,No
TULK-3529,Female,0,Yes,Yes,59,Yes,Yes,No,No internet service,No internet service,No internet service,No internet service,No internet service,No internet service,Two year,Yes,Bank transfer (automatic),29.4,1730.19,No
FJNA-5797,Female,0,Yes,No,65,Yes,No,Fiber optic,No,No,No,Yes,No,No,Month-to-month,Yes,Bank transfer (automatic),89.84,5836.76,No
PANM-6993,Male,0,No,Yes,25,Yes,No,No,No internet service,No internet service,No internet service,No internet service,No internet service,No internet service,Month-to-month,Yes,Electronic check,28.83,714.39,No
NLVF-4989,Female,1,Yes,No,41,Yes,Yes,DSL,No,Yes,No,No,No,No,Month-to-month,No,Electronic check,55.63,2271.78,Yes
XLVD-3836,Female,0,No,No,2,Yes,No,Fiber optic,No,Yes,Yes,Yes,Yes,Yes,Two year,No,Electronic check,53.59,109.08,No
VBUS-8909,Female,0,No,Yes,20,Yes,Yes,DSL,Yes,Yes,No,Yes,No,No,Month-to-month,No,Bank transfer (automatic),27.99,556.37,No
TMTY-0100,Male,1,Yes,No,31,No,No phone service,No,No internet service,No internet service,No internet service,No internet service,No internet service,No internet service,Two year,Yes,Mailed check,24.66,764.25,No
MQSN-3910,Female,0,Yes,No,69,Yes,Yes,Fiber optic,No,Yes,No,No,No,No,One year,Yes,Bank transfer (automatic),51.32,3544.23,No
EVRC-9213,Male,0,No,No,68,Yes,No,Fiber optic,No,Yes,Yes,Yes,No,No,Month-to-month,Yes,Credit card (automatic),47.54,3224.11,No
EHFO-8298,Male,0,No,Yes,23,Yes,No,DSL,No,No,No,No,No,Yes,One year,Yes,Mailed check,33.64,766.2,No
KTXZ-6689,Female,0,No,No,64,Yes,No,DSL,No,Yes,Yes,Yes,No,No,Month-to-month,No,Mailed check,44.91,2864.4,No
ORUS-6244,Female,0,Yes,Yes,22,Yes,Yes,Fiber optic,No,No,No,Yes,Yes,Yes,Month-to-month,No,Credit card (automatic),95.38,2099.31,No
RALF-0894,Female,0,Yes,No,7,Yes,Yes,DSL,No,No,Yes,Yes,No,No,One year,Yes,Credit card (automatic),41.29,291.83,No
ALXA-3634,Male,0,Yes,No,44,Yes,Yes,DSL,Yes,Yes,No,Yes,Yes,Yes,Month-to-month,Yes,Electronic check,56.5,2493.01,No
WTEG-0202,Female,0,No,Yes,10,No,No phone service,No,No internet service,No internet service,No internet service,No internet service,No internet service,No internet service,Month-to-month,No,Electronic check,18.1,187.69,Yes
KRUJ-4987,Male,0,Yes,No,56,Yes,No,No,No internet service,No internet service,No internet service,No internet service,No internet service,No internet service,Month-to-month,Yes,Electronic check,28.64,1601.98,No
CAUK-2480,Female,0,No,No,11,Yes,Yes,DSL,Yes,No,Yes,Yes,No,No,One year,Yes,Electronic check,49.34,549.04,No
AICJ-4842,Female,1,Yes,No,71,Yes,No,DSL,No,Yes,Yes,No,Yes,No,Month-to-month,Yes,Bank transfer (automatic),65.67,4653.41,No
IGPG-7418,Female,0,Yes,Yes,9,No,No phone service,DSL,Yes,No,No,Yes,Yes,No,Two year,Yes,Electronic check,68.46,605.73,No
CBZZ-4725,Male,0,No,No,62,Yes,No,Fiber optic,No,No,No,No,Yes,Yes,Month-to-month,No,Mailed check,107.21,6642.71,Yes
IBOH-9620,Female,1,Yes,No,34,Yes,No,Fiber optic,No,Yes,No,Yes,No,No,One year,No,Bank transfer (automatic),73.45,2503.85,No
VBCN-4715,Male,0,No,Yes,37,Yes,No,DSL,No,No,No,Yes,Yes,No,Month-to-month,No,Mailed check,50.4,1868.05,No
QGTA-8825,Female,0,No,Yes,20,Yes,No,No,No internet service,No internet service,No internet service,No internet service,No internet service,No internet service,One year,Yes,Credit card (automatic),24.42,490.64,No
GOTF-8956,Male,0,No,No,50,Yes,No,DSL,Yes,No,No,No,No,Yes,Two year,No,Credit card (automatic),44.52,2225.02,No
FGQF-8253,Female,0,Yes,No,17,Yes,No,Fiber optic,No,Yes,No,No,No,Yes,Two year,Yes,Electronic check,86.87,1476.12,No
PWPW-8377,Female,0,Yes,No,17,Yes,No,No,No internet service,No internet service,No internet service,No internet service,No internet service,No internet service,Month-to-month,Yes,Electronic check,28.21,482.17,No
HXFH-5912,Female,0,No,No,25,Yes,Yes,No,No internet service,No internet service,No internet service,No internet service,No internet service,No internet service,Month-to-month,No,Credit card (automatic),27.89,695.81,No
FWTQ-3573,Female,0,No,No,19,Yes,Yes,Fiber optic,Yes,Yes,No,No,No,No,Two year,Yes,Bank transfer (automatic),75.85,1435.12,No
ZQUW-5263,Female,0,Yes,No,24,Yes,Yes,DSL,No,Yes,No,Yes,Yes,No,One year,Yes,Bank transfer (automatic),69.42,1668.05,No
EKWR-3356,Female,0,No,No,44,No,No phone service,No,No internet service,No internet service,No internet service,No internet service,No internet service,No internet service,Month-to-month,Yes,Mailed check,22.8,1004.9,Yes
DJAQ-4028,Male,1,No,No,57,Yes,No,Fiber optic,Yes,Yes,Yes,No,Yes,Yes,Month-to-month,Yes,Mailed check,66.51,3798.03,Yes
CCIE-7985,Female,1,Yes,No,17,Yes,Yes,No,No internet service,No internet service,No internet service,No internet service,No internet service,No internet service,Month-to-month,Yes,Mailed check,27.53,467.54,Yes
GGWD-1169,Female,0,No,No,47,Yes,No,No,No internet service,No internet service,No internet service,No internet service,No internet service,No internet service,Month-to-month,No,Credit card (automatic),29.08,1366.43,No
PWZW-7245,Male,0,Yes,No,13,Yes,No,DSL,No,Yes,No,No,No,No,One year,No,Bank transfer (automatic),58.18,756.61,No
XXJS-3539,Male,0,No,Yes,6,Yes,Yes,DSL,No,Yes,No,Yes,No,Yes,One year,Yes,Electronic check,41.47,253.09,No
TOEP-9611,Female,0,No,No,37,Yes,No,DSL,Yes,No,No,Yes,No,Yes,Month-to-month,Yes,Electronic check,35.59,1320.66,No
ZITE-2197,Male,0,Yes,No,63,No,No phone service,No,No internet service,No internet service,No internet service,No internet service,No internet service,No internet service,Month-to-month,Yes,Electronic check,29.8,1873.57,No
TLQP-5511,Male,0,No,No,28,Yes,Yes,Fiber optic,No,Yes,No,Yes,No,Yes,Month-to-month,No,Credit card (automatic),82.01,2291.16,No
HWNB-9079,Female,0,No,No,54,Yes,No,DSL,No,No,Yes,No,No,No,Two year,Yes,Mailed check,42.53,2297.53,No
RUFZ-0193,Male,0,Yes,No,44,Yes,No,Fiber optic,Yes,No,Yes,No,No,No,Two year,Yes,Mailed check,88.15,3876.75,No
RKVP-3258,Female,0,Yes,No,18,No,No phone service,Fiber optic,No,No,No,Yes,Yes,Yes,One year,No,Credit card (automatic),95.62,1713.11,No
HRSR-9680,Male,0,No,No,1,Yes,No,Fiber optic,No,No,No,No,No,No,Month-to-month,No,Mailed check,49.31,60.99,Yes
CVOD-9908,Male,0,No,No,65,Yes,Yes,DSL,No,Yes,Yes,Yes,No,No,Month-to-month,No,Mailed check,48.71,3158.84,Yes
GNWL-0879,Male,0,No,No,35,Yes,Yes,No,No internet service,No internet service,No internet service,No internet service,No internet service,No internet service,Two year,No,Mailed check,18.06,635.42,No
LETA-8713,Female,0,Yes,Yes,55,Yes,No,Fiber optic,No,No,No,No,Yes,Yes,Two year,Yes,Bank transfer (automatic),103.28,5679.46,No
DWCP-7693,Female,0,No,No,20,Yes,Yes,No,No internet service,No internet service,No internet service,No internet service,No internet service,No internet service,Month-to-month,No,Electronic check,26.15,524.17,No
OYFC-6574,Female,0,Yes,No,62,No,No phone service,Fiber optic,Yes,No,No,No,No,Yes,Month-to-month,Yes,Electronic check,47.55,2946.66,Yes
FAHA-2157,Female,0,Yes,No,1,Yes,Yes,Fiber optic,Yes,Yes,No,Yes,Yes,No,Month-to-month,Yes,Bank transfer (automatic),100.11,94.05,No
XGGX-4212,Female,1,No,No,14,Yes,No,Fiber optic,No,No,No,No,Yes,No,Month-to-month,Yes,Electronic check,94.79,1329.95,Yes
KKCW-0659,Female,1,Yes,No,61,Yes,No,Fiber optic,No,No,No,No,Yes,No,One year,Yes,Mailed check,45.11,2743.51,No
BZQI-1388,Male,0,No,No,11,Yes,No,Fiber optic,Yes,No,Yes,Yes,Yes,No,Month-to-month,Yes,Bank transfer (automatic),86.89,957.96,No
KQNR-1177,Male,0,No,No,2,Yes,No,Fiber optic,No,No,No,No,Yes,Yes,Two year,No,Electronic check,89.3,181.29,No
ZHTO-7670,Female,0,Yes,No,3,No,No phone service,Fiber optic,Yes,No,Yes,Yes,No,No,Two year,Yes,Credit card (automatic),49.73,152.54,No
SZFQ-3860,Male,0,No,No,8,Yes,No,No,No internet service,No internet service,No internet service,No internet service,No internet service,No internet service,Two year,No,Electronic check,29.6,236.88,No
VVRF-9176,Female,1,No,Yes,45,Yes,No,Fiber optic,Yes,No,No,Yes,No,No,Month-to-month,No,Mailed check,84.94,3833.76,No
NVNJ-5889,Female,0,Yes,No,41,Yes,Yes,No,No internet service,No internet service,No internet service,No internet service,No internet service,No internet service,Month-to-month,Yes,Mailed check,23.0,959.18,Yes
JBCP-9698,Male,0,Yes,No,30,Yes,No,Fiber optic,Yes,Yes,Yes,No,Yes,No,Month-to-month,No,Electronic check,80.79,2418.55,Yes
MFKA-6048,Male,0,Yes,Yes,36,Yes,Yes,DSL,Yes,No,No,No,Yes,No,One year,No,Bank transfer (automatic),34.02,1222.76,No
ZPKZ-8052,Female,0,Yes,Yes,10,Yes,No,DSL,No,No,Yes,Yes,Yes,Yes,Month-to-month,Yes,Bank transfer (automatic),32.02,319.47,No
ILSR-7245,Female,0,No,Yes,60,Yes,Yes,No,No internet service,No internet service,No internet service,No internet service,No internet service,No internet service,Month-to-month,No,Bank transfer (automatic),24.75,1472.96,No
LZOJ-0664,Male,1,Yes,No,26,Yes,Yes,DSL,No,No,Yes,No,Yes,No,Two year,No,Bank transfer (automatic),29.01,750.53,No
YKBU-1186,Male,0,Yes,Yes,45,Yes,No,DSL,No,No,Yes,No,Yes,No,One year,Yes,Electronic check,64.62,2911.33,No
DPNK-7309,Male,0,No,Yes,69,No,No phone service,Fiber optic,No,No,No,No,Yes,Yes,Month-to-month,Yes,Electronic check,53.18,3678.22,Yes
SJLA-1163,Female,0,No,No,42,Yes,No,Fiber optic,No,No,No,No,No,Yes,One year,No,Electronic check,77.88,3261.63,No
JIRI-5976,Female,0,No,Yes,44,Yes,No,Fiber optic,Yes,No,No,No,No,Yes,One year,No,Electronic check,95.36,4206.63,No
KMXM-8757,Female,0,Yes,No,17,Yes,Yes,DSL,No,No,No,No,No,No,Month-to-month,Yes,Electronic check,63.62,1078.99,No
HBRK-0916,Female,1,Yes,No,49,No,No phone service,DSL,Yes,No,No,No,No,Yes,Month-to-month,No,Electronic check,54.46,2672.21,No
STTT-1504,Female,0,No,Yes,5,Yes,Yes,Fiber optic,No,No,Yes,No,No,Yes,Two year,Yes,Mailed check,96.6,479.98,No
BIBV-3511,Male,0,Yes,Yes,12,Yes,No,No,No internet service,No internet service,No internet service,No internet service,No internet service,No internet service,Two year,Yes,Bank transfer (automatic),27.36,332.63,No
LGPS-2676,Female,0,No,Yes,11,Yes,Yes,Fiber optic,No,Yes,No,Yes,No,Yes,Two year,No,Bank transfer (automatic),107.24,1175.0,No
CSWS-1624,Female,0,No,No,6,Yes,No,DSL,Yes,No,No,Yes,Yes,Yes,Two year,Yes,Credit card (automatic),36.73,218.12,No
WMBX-1337,Female,0,Yes,Yes,13,Yes,Yes,Fiber optic,No,No,Yes,No,No,No,One year,No,Mailed check,108.49,1406.66,No
KAIF-3558,Male,0,No,Yes,72,Yes,Yes,DSL,Yes,No,Yes,Yes,No,No,Month-to-month,No,Electronic check,66.34,4768.03,No
NLDH-0542,Female,0,Yes,No,46,Yes,Yes,No,No internet service,No internet service,No internet service,No internet service,No internet service,No internet service,Month-to-month,Yes,Electronic check,20.74,946.34,No
DHPK-9176,Male,1,No,No,6,Yes,No,Fiber optic,Yes,Yes,Yes,No,No,Yes,Two year,No,Electronic check,64.85,386.15,No
ABWM-2106,Female,0,No,No,38,Yes,No,Fiber optic,No,No,No,Yes,No,Yes,Month-to-month,Yes,Bank transfer (automatic),65.17,2476.93,No
CVPZ-7565,Female,0,Yes,No,55,Yes,No,Fiber optic,No,Yes,Yes,Yes,No,No,Month-to-month,Yes,Electronic check,56.78,3125.45,No
WUYS-5804,Male,0,No,Yes,18,No,No phone service,DSL,Yes,No,No,No,No,No,Month-to-month,Yes,Credit card (automatic),27.62,502.32,Yes
MTIK-0302,Male,0,No,Yes,26,Yes,No,DSL,No,No,Yes,No,Yes,No,One year,Yes,Bank transfer (automatic),36.72,950.76,No
TQEF-0993,Female,1,No,No,60,Yes,No,DSL,Yes,No,No,No,Yes,No,One year,Yes,Credit card (automatic),45.06,2702.37,No
TQRK-9412,Male,0,No,Yes,65,Yes,Yes,DSL,No,Yes,Yes,No,Yes,No,Month-to-month,No,Mailed check,72.64,4724.61,No
IEAE-2025,Male,0,No,No,51,Yes,No,Fiber optic,No,No,No,Yes,No,Yes,Month-to-month,Yes,Bank transfer (automatic),81.79,4165.43,No
JELL-0148,Male,1,No,Yes,55,Yes,No,Fiber optic,No,No,No,No,Yes,No,Month-to-month,No,Electronic check,105.04,5771.03,Yes
NLME-4047,Female,0,Yes,No,13,Yes,No,DSL,No,Yes,Yes,No,Yes,Yes,Month-to-month,Yes,Electronic check,60.43,787.15,No
YZSD-6605,Female,0,No,No,32,Yes,No,DSL,No,No,Yes,Yes,No,No,Month-to-month,Yes,Credit card (automatic),52.94,1696.81,Yes
MLYE-7989,Female,0,No,No,11,Yes,Yes,DSL,Yes,No,Yes,No,No,Yes,Month-to-month,Yes,Electronic check,53.83,590.99,Yes
ZMCQ-1496,Female,0,Yes,No,65,Yes,No,DSL,No,No,No,Yes,Yes,No,Month-to-month,No,Electronic check,72.19,4690.91,No
PKVD-8324,Male,1,Yes,No,23,Yes,No,DSL,No,No,Yes,Yes,No,Yes,Month-to-month,No,Bank transfer (automatic),49.06,1126.11,No
DBSG-1017,Female,0,No,No,44,Yes,No,No,No internet service,No internet service,No internet service,No internet service,No internet service,No internet service,One year,No,Mailed check,21.41,944.17,No
HJRV-6067,Male,0,Yes,No,54,Yes,No,DSL,No,Yes,No,No,No,Yes,Month-to-month,No,Credit card (automatic),33.95,1836.51,Yes
YNXS-7253,Female,0,Yes,No,70,Yes,Yes,DSL,No,No,No,No,No,No,One year,Yes,Mailed check,34.82,2437.57,No
WXJV-9376,Female,0,Yes,Yes,52,No,No phone service,No,No internet service,No internet service,No internet service,No internet service,No internet service,No internet service,Two year,No,Electronic check,18.9,983.85,No
ZOHJ-6228,Male,0,Yes,No,65,Yes,Yes,No,No internet service,No internet service,No internet service,No internet service,No internet service,No internet service,Two year,Yes,Mailed check,19.86,1284.93,No
PNGL-0205,Female,0,Yes,Yes,18,Yes,No,No,No internet service,No internet service,No internet service,No internet service,No internet service,No internet service,Two year,Yes,Bank transfer (automatic),26.79,477.76,No
BGHM-5493,Female,0,Yes,No,50,Yes,Yes,DSL,Yes,Yes,Yes,Yes,Yes,Yes,Two year,Yes,Electronic check,70.83,3541.26,No
YXUM-0776,Female,0,No,No,65,Yes,Yes,Fiber optic,Yes,Yes,Yes,No,Yes,No,Month-to-month,No,Credit card (automatic),99.73,6481.7,No
GXAO-2359,Male,0,Yes,No,44,Yes,No,Fiber optic,No,Yes,No,Yes,No,Yes,One year,Yes,Electronic check,88.12,3872.69,No
LZYD-5885,Female,0,No,No,39,Yes,No,DSL,Yes,No,Yes,No,Yes,No,Two year,No,Credit card (automatic),57.82,2253.69,No
UCUO-2499,Male,0,Yes,No,5,Yes,Yes,DSL,Yes,No,No,Yes,Yes,No,Month-to-month,No,Electronic check,46.96,232.05,No
OQFW-1298,Male,0,No,Yes,50,Yes,No,Fiber optic,No,Yes,Yes,No,Yes,No,Month-to-month,Yes,Electronic check,105.77,5286.49,Yes
HTKX-7501,Female,0,No,No,40,Yes,Yes,No,No internet service,No internet service,No internet service,No internet service,No internet service,No internet service,Month-to-month,No,Electronic check,21.46,857.95,Yes
TDBY-1543,Female,1,No,No,46,Yes,No,Fiber optic,Yes,Yes,Yes,Yes,Yes,No,Month-to-month,No,Mailed check,48.71,2237.54,Yes
FDYZ-6293,Female,0,Yes,No,16,Yes,No,Fiber optic,No,No,Yes,No,No,Yes,Two year,Yes,Mailed check,93.43,1493.65,No
QFBT-4725,Female,0,No,No,22,Yes,Yes,Fiber optic,No,No,Yes,No,No,No,One year,Yes,Bank transfer (automatic),63.13,1388.51,No
QYAB-0731,Male,0,Yes,Yes,39,Yes,No,No,No internet service,No internet service,No internet service,No internet service,No internet service,No internet service,One year,No,Electronic check,18.23,715.53,Yes
WXIO-4207,Male,0,Yes,No,72,Yes,Yes,DSL,Yes,No,Yes,Yes,Yes,No,Month-to-month,Yes,Mailed check,40.07,2880.6,No
MNFE-6434,Female,0,Yes,No,36,Yes,Yes,DSL,No,No,No,Yes,No,Yes,Month-to-month,No,Electronic check,55.82,2005.33,No
LNWN-5998,Female,1,Yes,Yes,57,Yes,Yes,DSL,Yes,Yes,Yes,No,No,Yes,One year,Yes,Bank transfer (automatic),26.93,1541.23,No
ZBNG-0737,Female,0,Yes,Yes,20,No,No phone service,DSL,No,No,No,No,Yes,No,Two year,Yes,Credit card (automatic),46.39,924.02,No
XTDE-6505,Male,0,No,Yes,26,Yes,Yes,No,No internet service,No internet service,No internet service,No internet service,No internet service,No internet service,Month-to-month,Yes,Mailed check,29.92,780.8,No
SYCI-4978,Female,0,No,No,10,Yes,No,Fiber optic,No,No,No,Yes,Yes,Yes,Month-to-month,No,Mailed check,93.41,928.48,Yes
YWZO-0763,Female,0,Yes,No,38,Yes,No,Fiber optic,No,Yes,No,No,Yes,Yes,Month-to-month,Yes,Bank transfer (automatic),68.53,2603.47,No
VJPR-3739,Female,0,Yes,Yes,62,Yes,Yes,DSL,No,Yes,No,No,No,No,Two year,Yes,Credit card (automatic),26.38,1631.28,No
TDPL-9816,Male,0,Yes,Yes,27,Yes,Yes,DSL,No,Yes,No,No,Yes,No,Month-to-month,Yes,Mailed check,55.64,1498.11,No
SLDQ-2196,Male,0,No,No,46,Yes,No,DSL,Yes,No,No,Yes,No,No,Month-to-month,Yes,Credit card (automatic),33.71,1546.69,No
FAOL-7804,Female,0,No,No,46,Yes,No,Fiber optic,Yes,Yes,Yes,No,No,No,Month-to-month,Yes,Bank transfer (automatic),72.67,3336.9,No
GRVH-7997,Male,0,Yes,Yes,3,Yes,Yes,Fiber optic,No,No,Yes,Yes,Yes,No,Month-to-month,No,Mailed check,48.77,150.57,No
LPLV-5214,Female,0,No,No,60,Yes,Yes,Fiber optic,No,Yes,No,No,Yes,No,One year,Yes,Bank transfer (automatic),102.12,6132.02,No
NYTU-5533,Female,0,Yes,Yes,17,Yes,Yes,DSL,Yes,No,No,No,No,No,Two year,Yes,Credit card (automatic),51.29,869.44,No
XENK-4836,Male,0,Yes,No,49,Yes,Yes,DSL,Yes,Yes,Yes,No,Yes,No,Two year,No,Bank transfer (automatic),51.75,2538.74,No
EOYM-7799,Female,0,Yes,No,35,Yes,Yes,DSL,No,No,Yes,Yes,No,Yes,Month-to-month,No,Bank transfer (automatic),51.34,1801.24,No
SYXS-9043,Male,0,Yes,No,0,Yes,No,No,No internet service,No internet service,No internet service,No internet service,No internet service,No internet service,Month-to-month,No,Mailed check,28.92,0.0,No
XVJU-8525,Male,1,Yes,No,34,Yes,No,Fiber optic,Yes,Yes,No,Yes,Yes,Yes,Month-to-month,Yes,Credit card (automatic),90.99,3104.08,No
DEVY-2017,Female,1,Yes,No,4,Yes,No,No,No internet service,No internet service,No internet service,No internet service,No internet service,No internet service,Month-to-month,Yes,Electronic check,23.49,89.08,No
DWRK-9798,Female,0,No,No,5,Yes,Yes,DSL,Yes,No,Yes,Yes,Yes,No,One year,Yes,Credit card (automatic),30.86,145.79,No
GJQR-8962,Female,0,Yes,Yes,59,Yes,No,No,No internet service,No internet service,No internet service,No internet service,No internet service,No internet service,Month-to-month,No,Bank transfer (automatic),27.11,1594.53,No
OPUQ-9233,Female,0,Yes,No,4,Yes,No,DSL,No,No,No,No,No,Yes,Two year,No,Electronic check,31.71,133.97,No
WEIW-1716,Female,0,Yes,No,31,Yes,No,Fiber optic,Yes,Yes,Yes,Yes,Yes,Yes,Month-to-month,No,Mailed check,62.31,1933.47,Yes
UJFD-4463,Male,0,No,No,38,Yes,Yes,Fiber optic,Yes,No,No,Yes,No,Yes,Month-to-month,No,Bank transfer (automatic),89.35,3384.16,Yes
UNNT-3748,Male,0,Yes,Yes,39,Yes,Yes,DSL,Yes,No,No,Yes,No,No,Month-to-month,Yes,Mailed check,44.34,1722.92,No
UPXC-6041,Male,1,Yes,Yes,41,Yes,Yes,Fiber optic,No,No,No,Yes,No,No,Month-to-month,Yes,Mailed check,84.1,3452.07,No
HVEC-0999,Male,0,Yes,No,7,Yes,Yes,Fiber optic,No,Yes,Yes,Yes,No,Yes,Month-to-month,No,Electronic check,99.88,700.02,Yes
KZLH-4860,Male,0,Yes,No,28,Yes,Yes,Fiber optic,Yes,No,No,No,Yes,No,Month-to-month,Yes,Credit card (automatic),67.0,1882.82,No
KMQW-6816,Female,0,No,No,59,Yes,No,Fiber optic,No,No,No,Yes,No,Yes,One year,Yes,Bank transfer (automatic),85.64,5053.2,No
RJLZ-1488,Male,0,Yes,Yes,22,Yes,No,No,No internet service,No internet service,No internet service,No internet service,No internet service,No internet service,Month-to-month,Yes,Credit card (automatic),22.86,503.87,No
JAKN-6992,Female,0,Yes,No,3,Yes,Yes,Fiber optic,Yes,No,No,Yes,Yes,No,Two year,Yes,Mailed check,61.47,180.61,No
ZJQB-5911,Female,0,No,No,33,Yes,Yes,Fiber optic,No,No,No,No,No,No,Month-to-month,No,Credit card (automatic),102.57,3378.83,Yes
TSXH-5368,Male,0,No,No,37,Yes,Yes,Fiber optic,No,Yes,Yes,No,No,Yes,Two year,No,Mailed check,63.17,2334.41,No
MBVG-0576,Male,1,No,No,60,Yes,Yes,DSL,No,No,No,No,Yes,Yes,Month-to-month,No,Bank transfer (automatic),29.09,1756.37,No
RNRD-4416,Male,0,No,Yes,26,Yes,No,DSL,No,No,Yes,No,No,No,Month-to-month,Yes,Mailed check,59.69,1545.68,No
XRDO-2345,Female,0,No,Yes,30,Yes,No,Fiber optic,Yes,No,Yes,No,No,No,Month-to-month,No,Credit card (automatic),98.22,2944.88,No
BZVI-7089,Female,0,No,No,2,Yes,No,DSL,No,Yes,Yes,No,No,Yes,One year,Yes,Mailed check,67.53,127.34,No
KBPA-5051,Female,0,No,No,26,Yes,No,DSL,No,No,No,No,No,No,Month-to-month,No,Electronic check,64.79,1690.73,No
LWWT-1601,Male,1,No,Yes,42,Yes,No,Fiber optic,Yes,No,No,No,Yes,Yes,Month-to-month,Yes,Mailed check,52.3,2186.48,No
LBQY-5256,Female,0,No,No,59,Yes,No,No,No internet service,No internet service,No internet service,No internet service,No internet service,No internet service,Month-to-month,Yes,Electronic check,24.24,1426.64,No
STZQ-5581,Female,0,No,No,45,Yes,No,Fiber optic,Yes,Yes,Yes,No,Yes,Yes,One year,No,Bank transfer (automatic),46.95,2120.23,No
EUWE-9391,Male,0,No,No,36,Yes,Yes,Fiber optic,No,Yes,No,No,No,Yes,Month-to-month,No,Electronic check,99.66,3594.27,Yes
XEMD-8127,Female,0,Yes,No,66,Yes,No,DSL,No,Yes,Yes,No,No,Yes,Two year,Yes,Electronic check,74.8,4941.69,No
KDIZ-9998,Female,0,Yes,No,5,Yes,No,No,No internet service,No internet service,No internet service,No internet service,No internet service,No internet service,Month-to-month,No,Electronic check,23.97,120.57,Yes
JIAV-9576,Male,0,Yes,No,58,Yes,No,DSL,No,Yes,Yes,No,Yes,No,Two year,Yes,Credit card (automatic),62.44,3621.16,No
WRTA-6385,Female,0,Yes,No,2,Yes,Yes,DSL,No,Yes,Yes,No,Yes,Yes,Two year,Yes,Electronic check,73.18,136.5,No
VYMX-5553,Male,1,No,Yes,10,Yes,No,No,No internet service,No internet service,No internet service,No internet service,No internet service,No internet service,Month-to-month,No,Mailed check,21.54,217.56,No
UCYO-1609,Male,0,No,No,26,No,No phone service,No,No internet service,No internet service,No internet service,No internet service,No internet service,No internet service,Month-to-month,Yes,Credit card (automatic),21.94,565.68,No
WBUA-4300,Female,0,No,Yes,1,Yes,No,DSL,Yes,No,No,Yes,No,No,One year,Yes,Credit card (automatic),62.11,72.19,No
GCZP-8898,Female,0,Yes,No,63,Yes,Yes,DSL,No,No,Yes,No,No,No,Month-to-month,Yes,Credit card (automatic),69.38,4369.04,No
PQLD-0084,Male,1,Yes,No,43,Yes,Yes,Fiber optic,Yes,Yes,No,No,Yes,Yes,Month-to-month,No,Electronic check,64.17,2758.4,No
QKSW-1318,Female,0,No,Yes,54,Yes,Yes,Fiber optic,No,Yes,No,Yes,Yes,No,Month-to-month,No,Electronic check,70.63,3812.0,Yes
ILMP-6619,Female,0,No,Yes,39,Yes,No,DSL,Yes,Yes,No,Yes,Yes,No,One year,No,Electronic check,55.49,2174.54,No
XQXE-3912,Male,0,Yes,No,22,Yes,Yes,DSL,No,No,No,Yes,No,Yes,Month-to-month,Yes,Bank transfer (automatic),40.32,892.56,No
MMJB-3246,Male,0,Yes,No,63,Yes,Yes,Fiber optic,No,Yes,Yes,No,No,Yes,Month-to-month,Yes,Bank transfer (automatic),109.63,6907.19,No
IEHB-5783,Male,0,No,No,56,No,No phone service,Fiber optic,Yes,No,No,Yes,No,Yes,Month-to-month,No,Credit card (automatic),85.48,4785.32,No
TGDU-1194,Male,0,No,Yes,9,Yes,Yes,DSL,No,Yes,Yes,No,Yes,No,Two year,Yes,Mailed check,64.26,574.2,No
LJZR-5570,Male,1,Yes,No,34,Yes,No,Fiber optic,No,No,No,Yes,No,Yes,Two year,Yes,Electronic check,49.83,1693.95,No
GLGI-3653,Male,0,Yes,No,5,Yes,Yes,Fiber optic,No,Yes,Yes,Yes,Yes,No,Two year,No,Electronic check,51.19,253.38,No
JXCX-4329,Female,0,No,No,53,Yes,No,Fiber optic,Yes,Yes,No,Yes,No,No,Two year,Yes,Electronic check,105.51,5592.09,No
WGVC-8120,Female,0,Yes,No,66,Yes,No,DSL,No,Yes,Yes,No,Yes,No,Month-to-month,Yes,Mailed check,57.37,3796.83,No
GBJX-8150,Male,0,No,Yes,55,Yes,Yes,DSL,No,No,No,Yes,No,No,Month-to-month,Yes,Bank transfer (automatic),41.6,2286.7,No
HUIS-1669,Male,0,Yes,No,59,Yes,Yes,Fiber optic,Yes,No,No,No,Yes,No,One year,Yes,Mailed check,75.87,4480.99,No
OUGF-8238,Male,1,No,No,13,Yes,No,No,No internet service,No internet service,No internet service,No internet service,No internet service,No internet service,One year,No,Bank transfer (automatic),18.4,237.51,No
JMHZ-5288,Male,0,Yes,No,45,Yes,No,Fiber optic,Yes,Yes,No,No,No,Yes,Two year,Yes,Electronic check,104.36,4695.41,No
KFBG-8821,Male,1,No,Yes,15,Yes,Yes,DSL,Yes,No,No,No,Yes,Yes,Month-to-month,No,Electronic check,68.83,1034.03,Yes
LUKJ-6239,Female,0,Yes,No,26,No,No phone service,DSL,No,No,No,Yes,Yes,Yes,Two year,Yes,Electronic check,50.16,1306.41,No
BLKN-9161,Male,1,No,No,36,Yes,No,Fiber optic,Yes,No,No,No,No,Yes,Month-to-month,Yes,Electronic check,55.52,1990.84,Yes
ATOV-9930,Female,0,Yes,No,60,Yes,Yes,Fiber optic,No,Yes,No,Yes,No,No,Two year,Yes,Electronic check,59.68,3579.66,No
AYAW-6005,Male,0,No,Yes,19,Yes,Yes,Fiber optic,No,No,No,No,Yes,No,Month-to-month,Yes,Electronic check,99.26,1882.64,Yes
XWVZ-2657,Female,0,No,No,24,Yes,No,DSL,No,No,No,No,No,Yes,One year,Yes,Bank transfer (automatic),41.66,998.99,No
TYOQ-6890,Female,0,Yes,No,49,Yes,Yes,Fiber optic,Yes,Yes,No,Yes,Yes,No,One year,No,Mailed check,76.29,3743.33,No
ZPSW-8051,Male,1,No,No,57,Yes,No,Fiber optic,Yes,No,Yes,No,No,No,One year,No,Credit card (automatic),71.32,4063.54,No
UNWG-9635,Male,0,No,No,36,Yes,Yes,DSL,Yes,No,No,Yes,Yes,Yes,Month-to-month,Yes,Credit card (automatic),73.86,2664.48,No
ZFGY-5907,Male,0,Yes,No,4,Yes,No,No,No internet service,No internet service,No internet service,No internet service,No internet service,No internet service,One year,No,Bank transfer (automatic),28.26,117.03,No
BSUV-6328,Female,0,No,No,53,Yes,Yes,DSL,No,No,Yes,No,No,No,Two year,No,Bank transfer (automatic),66.08,3497.32,No
DYYK-2270,Male,0,No,No,36,Yes,Yes,DSL,No,No,Yes,Yes,No,No,Month-to-month,No,Bank transfer (automatic),42.78,1545.87,No
FVYP-1761,Male,0,No,Yes,9,Yes,Yes,No,No internet service,No internet service,No internet service,No internet service,No internet service,No internet service,Month-to-month,Yes,Electronic check,25.39,226.68,Yes
QTRS-1830,Female,0,Yes,No,8,Yes,Yes,DSL,No,Yes,Yes,No,Yes,No,Month-to-month,No,Electronic check,42.75,340.9,Yes
HTNZ-7789,Female,1,No,No,32,Yes,Yes,DSL,Yes,No,No,No,No,Yes,Month-to-month,No,Mailed check,38.94,1243.4,No
GPDL-1535,Male,1,Yes,No,23,Yes,No,No,No internet service,No internet service,No internet service,No internet service,No internet service,No internet service,Two year,Yes,Mailed check,25.36,586.55,No
PXCA-4252,Male,0,No,Yes,69,Yes,Yes,Fiber optic,No,No,No,No,No,Yes,One year,Yes,Bank transfer (automatic),50.94,3523.14,No
QIUM-1180,Male,0,Yes,No,56,Yes,Yes,DSL,Yes,Yes,No,No,No,Yes,One year,Yes,Electronic check,42.43,2376.31,No
ZCZW-0158,Male,0,Yes,Yes,25,Yes,Yes,Fiber optic,Yes,No,Yes,No,Yes,Yes,Month-to-month,No,Electronic check,75.71,1900.92,No
ILXC-1084,Male,0,No,No,38,Yes,No,Fiber optic,No,No,Yes,Yes,Yes,No,Month-to-month,Yes,Electronic check,59.75,,Yes
PSJZ-4280,Male,0,No,No,43,Yes,No,Fiber optic,Yes,No,No,No,No,Yes,Two year,No,Bank transfer (automatic),79.5,3413.02,No
ASFK-1079,Male,1,Yes,No,63,Yes,Yes,Fiber optic,Yes,No,No,No,No,Yes,Two year,Yes,Bank transfer (automatic),50.22,3167.84,No
YJMA-2469,Female,0,No,Yes,47,No,No phone service,Fiber optic,No,Yes,Yes,No,No,No,Month-to-month,Yes,Credit card (automatic),74.22,3486.51,No
TFAT-7470,Female,0,No,Yes,66,Yes,Yes,Fiber optic,No,No,No,Yes,No,Yes,Month-to-month,No,Electronic check,89.44,5903.31,No
MZIT-8771,Female,0,No,Yes,47,Yes,No,No,No internet service,No internet service,No internet service,No internet service,No internet service,No internet service,Two year,No,Mailed check,28.61,1339.59,No
ONSZ-8274,Female,1,No,No,39,No,No phone service,Fiber optic,No,Yes,No,Yes,No,Yes,Month-to-month,No,Mailed check,46.88,1825.01,Yes
GDHD-4097,Male,0,Yes,No,45,Yes,No,No,No internet service,No internet service,No internet service,No internet service,No internet service,No internet service,Month-to-month,Yes,Credit card (automatic),27.32,1227.91,No
GKUP-5078,Male,0,No,No,2,Yes,No,DSL,Yes,No,No,No,Yes,Yes,Month-to-month,Yes,Electronic check,72.13,142.4,No
EZGJ-3513,Female,0,Yes,No,13,Yes,No,DSL,Yes,Yes,Yes,No,No,Yes,Month-to-month,Yes,Credit card (automatic),60.48,786.61,No
UNYY-7356,Female,0,No,Yes,3,Yes,No,No,No internet service,No internet service,No internet service,No internet service,No internet service,No internet service,Month-to-month,No,Credit card (automatic),27.61,86.49,Yes
MQQD-2938,Male,0,No,Yes,11,Yes,No,No,No internet service,No internet service,No internet service,No internet service,No internet service,No internet service,Month-to-month,No,Bank transfer (automatic),25.92,281.78,No
BTWR-7938,Male,1,Yes,No,22,Yes,Yes,No,No internet service,No internet service,No internet service,No internet service,No internet service,No internet service,Month-to-month,Yes,Electronic check,24.58,538.34,Yes
QGQJ-8990,Female,0,Yes,No,2,Yes,No,Fiber optic,Yes,No,No,No,No,Yes,Two year,Yes,Credit card (automatic),108.34,218.19,No
SWNQ-4525,Female,0,Yes,No,2,No,No phone service,No,No internet service,No internet service,No internet service,No internet service,No internet service,No internet service,Two year,No,Credit card (automatic),28.55,59.82,No
TFFD-0296,Female,0,Yes,Yes,41,Yes,Yes,DSL,Yes,No,Yes,No,No,No,Month-to-month,Yes,Electronic check,60.94,2497.47,No
BDFE-5481,Female,1,No,No,18,No,No phone service,DSL,No,No,Yes,Yes,No,Yes,Month-to-month,Yes,Mailed check,64.3,1161.51,Yes
TQMW-0599,Male,0,No,Yes,27,Yes,Yes,No,No internet service,No internet service,No internet service,No internet service,No internet service,No internet service,Two year,No,Credit card (automatic),26.27,708.53,No
YRQL-9256,Male,0,No,No,37,Yes,No,DSL,No,No,No,Yes,Yes,No,Month-to-month,Yes,Electronic check,70.38,2595.17,Yes
KHTP-7674,Male,0,No,No,8,No,No phone service,DSL,No,Yes,No,Yes,Yes,No,Month-to-month,No,Bank transfer (automatic),43.71,343.19,No
ZGPP-3029,Female,0,No,No,55,Yes,Yes,Fiber optic,No,No,No,Yes,Yes,Yes,One year,Yes,Mailed check,75.86,4166.5,No
OYOT-4253,Male,0,No,No,16,Yes,Yes,Fiber optic,Yes,No,No,Yes,No,No,Month-to-month,No,Mailed check,103.56,1663.73,No
EKWL-6813,Female,0,Yes,Yes,6,Yes,No,Fiber optic,Yes,No,Yes,Yes,No,Yes,One year,Yes,Electronic check,67.5,406.42,No
HPDS-9521,Male,0,No,Yes,71,Yes,No,No,No internet service,No internet service,No internet service,No internet service,No internet service,No internet service,Month-to-month,No,Bank transfer (automatic),18.88,1332.86,No
ICAN-8461,Female,0,Yes,No,53,Yes,No,DSL,No,Yes,No,Yes,Yes,No,Month-to-month,Yes,Electronic check,60.2,3195.02,No
NAFU-9516,Female,0,No,No,27,Yes,No,Fiber optic,Yes,No,Yes,No,Yes,No,Month-to-month,Yes,Credit card (automatic),87.46,2355.99,No
QXNW-6594,Male,0,Yes,No,65,Yes,Yes,DSL,Yes,No,No,No,Yes,No,Month-to-month,Yes,Credit card (automatic),39.49,2558.47,No
ISYU-7269,Male,0,No,No,27,Yes,Yes,Fiber optic,Yes,No,Yes,Yes,Yes,Yes,Month-to-month,Yes,Credit card (automatic),73.27,1976.62,No
DEDM-8655,Male,0,Yes,No,24,Yes,No,DSL,Yes,No,No,No,Yes,Yes,Month-to-month,Yes,Electronic check,47.33,1134.08,No
JWUZ-2269,Female,0,Yes,No,48,Yes,Yes,No,No internet service,No internet service,No internet service,No internet service,No internet service,No internet service,Month-to-month,Yes,Electronic check,29.01,1385.83,No
ADZH-3040,Female,0,No,No,47,Yes,No,No,No internet service,No internet service,No internet service,No internet service,No internet service,No internet service,Two year,Yes,Credit card (automatic),23.7,1117.9,No
IHGE-3627,Female,0,No,No,46,Yes,No,Fiber optic,No,No,No,Yes,Yes,Yes,Month-to-month,No,Electronic check,67.53,3107.84,Yes
EEQO-9760,Male,0,Yes,No,61,Yes,Yes,Fiber optic,Yes,No,No,Yes,Yes,Yes,Two year,Yes,Electronic check,61.77,3772.66,No
LDTY-9139,Female,0,Yes,No,32,Yes,No,DSL,Yes,No,Yes,Yes,Yes,No,One year,No,Credit card (automatic),57.24,1831.25,No
CZEL-6443,Male,0,No,No,41,Yes,No,DSL,No,No,No,Yes,No,No,Two year,No,Electronic check,52.06,2126.48,No
YFJF-5505,Female,0,No,No,26,Yes,Yes,Fiber optic,Yes,No,Yes,No,Yes,No,Month-to-month,No,Electronic check,58.47,1524.01,Yes
TRFQ-0451,Male,0,Yes,Yes,7,Yes,No,Fiber optic,Yes,Yes,Yes,No,No,No,Two year,No,Bank transfer (automatic),61.95,433.87,No
JXTL-3949,Female,0,Yes,No,61,Yes,Yes,No,No internet service,No internet service,No internet service,No internet service,No internet service,No internet service,Month-to-month,Yes,Electronic check,27.67,1689.38,No
DPEZ-2757,Male,0,Yes,No,37,Yes,No,Fiber optic,No,Yes,No,Yes,No,No,Month-to-month,Yes,Mailed check,99.17,3670.29,No
UGJG-5935,Male,0,Yes,No,3,Yes,No,No,No internet service,No internet service,No internet service,No internet service,No internet service,No internet service,Month-to-month,Yes,Mailed check,18.65,59.55,Yes
YKNL-3552,Female,0,No,No,53,Yes,No,No,No internet service,No internet service,No internet service,No internet service,No internet service,No internet service,Month-to-month,Yes,Bank transfer (automatic),20.64,1094.71,No
MTSO-2933,Female,0,No,No,47,Yes,Yes,DSL,No,No,No,No,Yes,Yes,Two year,Yes,Bank transfer (automatic),25.82,1214.73,No
FODF-1317,Female,0,Yes,No,68,Yes,Yes,No,No internet service,No internet service,No internet service,No internet service,No internet service,No internet service,Month-to-month,Yes,Electronic check,22.8,1550.4,No
LIGV-7391,Female,0,Yes,No,15,Yes,No,DSL,No,No,No,No,No,Yes,Month-to-month,No,Mailed check,45.68,687.38,No
DUYU-8874,Male,0,Yes,No,60,Yes,Yes,DSL,Yes,Yes,No,Yes,Yes,No,Month-to-month,No,Electronic check,68.59,4115.72,No
NBUQ-7161,Female,0,Yes,No,17,No,No phone service,Fiber optic,Yes,Yes,Yes,No,No,Yes,Two year,Yes,Credit card (automatic),86.77,1481.84,No
KNUJ-6545,Male,0,Yes,Yes,44,Yes,Yes,Fiber optic,Yes,Yes,No,Yes,No,Yes,One year,Yes,Mailed check,94.13,4139.84,No
BJAA-7228,Female,1,No,No,17,Yes,Yes,Fiber optic,No,No,Yes,No,No,Yes,Month-to-month,Yes,Electronic check,93.31,1586.79,Yes
MVDT-6518,Female,0,Yes,No,7,Yes,No,DSL,No,No,No,No,Yes,No,Month-to-month,No,Credit card (automatic),54.26,378.67,Yes
RXDZ-0083,Male,0,No,No,28,Yes,Yes,DSL,No,Yes,No,No,No,Yes,Month-to-month,Yes,Bank transfer (automatic),42.7,1185.67,Yes
QSCW-5760,Female,0,Yes,Yes,20,Yes,No,No,No internet service,No internet service,No internet service,No internet service,No internet service,No internet service,Two year,No,Mailed check,23.08,457.16,No
CYDM-2470,Female,0,No,Yes,53,Yes,No,Fiber optic,Yes,Yes,Yes,Yes,Yes,No,Month-to-month,Yes,Bank transfer (automatic),72.7,3852.72,Yes
RMGM-0497,Female,0,No,No,46,Yes,Yes,DSL,No,No,No,Yes,Yes,Yes,Month-to-month,No,Credit card (automatic),48.53,2242.39,No
FSWS-4619,Female,0,No,Yes,65,Yes,No,Fiber optic,No,Yes,Yes,No,No,No,Two year,Yes,Bank transfer (automatic),98.97,6426.98,No
TRWC-8509,Female,0,No,No,67,Yes,No,Fiber optic,Yes,No,Yes,No,Yes,No,Two year,Yes,Credit card (automatic),62.85,4209.14,No
HWQC-2265,Female,0,Yes,Yes,47,Yes,No,Fiber optic,No,No,Yes,No,No,Yes,Month-to-month,No,Mailed check,51.63,2427.72,No
KREV-1033,Male,0,No,No,22,Yes,Yes,Fiber optic,Yes,No,No,Yes,Yes,Yes,Month-to-month,Yes,Bank transfer (automatic),106.93,2357.01,No
TQCW-3170,Male,0,No,Yes,16,Yes,No,DSL,No,No,Yes,Yes,No,Yes,One year,Yes,Electronic check,61.97,993.18,No
YERM-3265,Female,0,No,No,60,Yes,No,Fiber optic,Yes,No,No,No,Yes,No,Month-to-month,Yes,Electronic check,57.17,3426.32,No
KITS-6549,Male,1,Yes,No,51,Yes,Yes,DSL,Yes,No,No,Yes,Yes,Yes,Month-to-month,Yes,Mailed check,52.43,2672.61,No
GEYD-0940,Female,0,Yes,Yes,41,Yes,Yes,No,No internet service,No internet service,No internet service,No internet service,No internet service,No internet service,Month-to-month,Yes,Credit card (automatic),22.89,935.57,No
QQAX-1862,Female,1,Yes,No,50,Yes,No,Fiber optic,No,No,No,Yes,No,Yes,Month-to-month,Yes,Credit card (automatic),49.54,2465.13,Yes
ITWO-2435,Female,0,Yes,Yes,0,Yes,No,DSL,Yes,No,No,No,No,Yes,Month-to-month,No,Electronic check,37.93,0.0,No
LIOU-0448,Male,1,Yes,No,20,Yes,Yes,DSL,Yes,No,Yes,No,No,No,Month-to-month,Yes,Electronic check,45.34,909.29,Yes
XEUN-1836,Male,0,Yes,No,56,Yes,No,DSL,Yes,Yes,Yes,No,No,No,One year,Yes,Electronic check,32.24,1806.58,No
ZFNE-4618,Female,0,No,No,35,Yes,No,Fiber optic,No,Yes,Yes,Yes,No,No,Month-to-month,No,Electronic check,92.75,3239.99,No
BIKT-9950,Female,0,No,Yes,1,Yes,Yes,DSL,No,No,Yes,No,Yes,No,Month-to-month,No,Electronic check,50.86,54.69,Yes
EVYN-8823,Female,0,Yes,Yes,22,Yes,No,Fiber optic,Yes,Yes,Yes,No,No,No,Month-to-month,No,Credit card (automatic),75.43,1665.1,No
HHPR-7684,Male,0,Yes,No,59,Yes,No,DSL,No,No,Yes,No,Yes,No,Two year,No,Credit card (automatic),66.43,3917.54,No
BUNR-4866,Male,0,No,No,58,Yes,No,Fiber optic,No,No,No,Yes,Yes,Yes,Two year,No,Mailed check,47.78,2773.13,No
AYVG-1038,Female,0,No,Yes,65,Yes,Yes,No,No internet service,No internet service,No internet service,No internet service,No internet service,No internet service,Month-to-month,No,Electronic check,26.74,1734.93,Yes
YPKC-0188,Female,0,No,No,42,Yes,Yes,Fiber optic,No,Yes,No,Yes,No,Yes,One year,No,Electronic check,52.94,2217.05,No
PAYQ-9347,Female,0,No,No,58,Yes,No,DSL,Yes,No,No,No,No,No,Two year,Yes,Electronic check,65.57,3805.3,No
MUED-8786,Female,0,No,Yes,72,No,No phone service,DSL,Yes,No,No,No,No,Yes,Month-to-month,Yes,Electronic check,46.09,3309.36,No
GEJQ-5959,Male,0,No,No,35,Yes,Yes,Fiber optic,Yes,No,No,No,No,No,Two year,No,Electronic check,74.27,2596.58,No
DBAC-8049,Male,0,Yes,No,59,Yes,No,DSL,No,No,No,Yes,No,No,Month-to-month,No,Credit card (automatic),25.61,1508.62,No
FIAL-4011,Male,1,No,No,3,Yes,Yes,Fiber optic,No,Yes,No,Yes,Yes,Yes,Two year,No,Electronic check,76.67,227.86,No
EJTF-4189,Male,1,No,No,20,No,No phone service,Fiber optic,No,No,No,No,No,No,Two year,Yes,Electronic check,66.64,1326.44,Yes
HYFE-4131,Female,0,Yes,Yes,3,Yes,No,Fiber optic,No,No,Yes,Yes,No,No,Month-to-month,Yes,Bank transfer (automatic),54.48,167.95,Yes
BLHD-3638,Male,0,No,Yes,3,Yes,No,DSL,Yes,No,No,Yes,No,No,Month-to-month,Yes,Credit card (automatic),53.31,159.84,No
ILNC-5623,Female,0,Yes,Yes,32,Yes,No,No,No internet service,No internet service,No internet service,No internet service,No internet service,No internet service,Two year,Yes,Credit card (automatic),27.52,887.16,No
AIWZ-6857,Male,0,No,No,13,Yes,Yes,Fiber optic,Yes,No,No,Yes,Yes,Yes,One year,Yes,Credit card (automatic),90.69,1176.39,No
UPHJ-0238,Male,1,No,No,8,Yes,Yes,Fiber optic,Yes,No,No,No,Yes,No,Month-to-month,No,Mailed check,59.14,471.19,No
XNPH-1625,Male,0,Yes,Yes,63,Yes,No,DSL,No,No,Yes,Yes,No,Yes,Month-to-month,Yes,Mailed check,53.77,3384.65,No
TPVD-2139,Female,0,No,No,61,Yes,No,Fiber optic,Yes,No,No,Yes,Yes,No,One year,No,Bank transfer (automatic),62.93,3844.8,No
BGOQ-0460,Male,0,No,No,6,Yes,Yes,No,No internet service,No internet service,No internet service,No internet service,No internet service,No internet service,One year,No,Credit card (automatic),23.36,145.98,No
TUBG-3709,Male,0,Yes,No,4,Yes,Yes,No,No internet service,No internet service,No internet service,No internet service,No internet service,No internet service,Month-to-month,Yes,Electronic check,21.37,86.19,No
AADQ-4567,Male,0,Yes,No,12,No,No phone service,DSL,No,No,Yes,Yes,Yes,Yes,Month-to-month,Yes,Electronic check,31.48,373.73,No
XRDW-8826,Male,0,No,Yes,1,Yes,Yes,Fiber optic,Yes,No,Yes,Yes,No,Yes,Month-to-month,No,Mailed check,108.8,105.66,No
DYWP-5867,Male,0,No,No,11,Yes,No,No,No internet service,No internet service,No internet service,No internet service,No internet service,No internet service,Month-to-month,No,Mailed check,29.93,335.42,No
KETA-7532,Male,0,No,Yes,6,Yes,No,DSL,No,No,No,Yes,No,No,Month-to-month,Yes,Electronic check,46.89,279.92,Yes
ETWF-2906,Female,0,Yes,No,33,No,No phone service,Fiber optic,No,Yes,No,No,Yes,No,Month-to-month,Yes,Bank transfer (automatic),54.85,1808.65,No
UAQF-3713,Female,0,No,No,20,Yes,No,No,No internet service,No internet service,No internet service,No internet service,No internet service,No internet service,Month-to-month,Yes,Electronic check,23.93,481.65,Yes
MHXP-4232,Female,0,No,No,59,Yes,Yes,No,No internet service,No internet service,No internet service,No internet service,No internet service,No internet service,Month-to-month,Yes,Electronic check,20.26,1196.27,No
BDYF-3061,Female,0,Yes,No,9,No,No phone service,Fiber optic,No,No,Yes,Yes,Yes,Yes,One year,Yes,Credit card (automatic),75.24,673.24,No
VJQW-3296,Male,1,No,No,37,Yes,No,Fiber optic,No,No,No,Yes,Yes,Yes,Month-to-month,Yes,Electronic check,73.49,2719.28,No
MCHK-3266,Female,0,No,No,57,Yes,No,DSL,Yes,Yes,No,No,Yes,Yes,Two year,Yes,Credit card (automatic),52.59,2995.86,No
IJWF-2375,Female,0,No,No,55,Yes,Yes,Fiber optic,No,No,No,No,No,No,Month-to-month,No,Credit card (automatic),72.97,4020.36,No
YHNH-9969,Female,1,Yes,No,43,No,No phone service,No,No internet service,No internet service,No internet service,No internet service,No internet service,No internet service,One year,Yes,Bank transfer (automatic),22.93,979.1,No
KAOE-6983,Male,0,No,No,63,Yes,No,DSL,No,No,No,No,Yes,Yes,One year,Yes,Credit card (automatic),69.45,4372.87,No
HQDD-1228,Male,0,No,No,19,Yes,No,Fiber optic,No,No,Yes,Yes,No,Yes,Month-to-month,Yes,Mailed check,100.48,1907.43,No
GBIX-5512,Male,0,No,No,49,Yes,Yes,Fiber optic,Yes,Yes,Yes,Yes,No,No,Two year,Yes,Electronic check,93.94,4602.35,No
VPLC-6437,Female,1,No,Yes,53,Yes,No,DSL,No,No,Yes,No,Yes,Yes,Month-to-month,Yes,Bank transfer (automatic),61.28,3250.63,No
KKRS-9395,Female,0,Yes,No,45,Yes,No,DSL,Yes,No,Yes,No,No,No,Month-to-month,No,Electronic check,64.66,2918.11,No
EOEW-7523,Male,0,Yes,No,39,Yes,No,No,No internet service,No internet service,No internet service,No internet service,No internet service,No internet service,Month-to-month,No,Electronic check,20.67,806.62,Yes
QNKN-4972,Male,0,No,Yes,23,Yes,No,No,No internet service,No internet service,No internet service,No internet service,No internet service,No internet service,Month-to-month,Yes,Bank transfer (automatic),22.4,510.62,No
JMOT-3589,Female,0,No,No,57,Yes,No,Fiber optic,No,No,No,No,No,No,Month-to-month,No,Electronic check,69.65,3956.74,No
STVV-6081,Female,1,No,No,30,Yes,No,No,No internet service,No internet service,No internet service,No internet service,No internet service,No internet service,One year,No,Credit card (automatic),25.1,745.89,No
NDCC-4666,Male,0,Yes,No,49,No,No phone service,DSL,No,No,No,Yes,Yes,No,Month-to-month,Yes,Bank transfer (automatic),65.44,3215.24,No
SIVK-9703,Male,0,No,No,9,Yes,No,No,No internet service,No internet service,No internet service,No internet service,No internet service,No internet service,Month-to-month,No,Credit card (automatic),25.18,218.12,No
OOWL-8257,Female,0,No,No,13,No,No phone service,No,No internet service,No internet service,No internet service,No internet service,No internet service,No internet service,One year,No,Mailed check,20.04,260.26,No
KCPF-8854,Male,0,Yes,No,18,Yes,Yes,DSL,No,No,Yes,No,No,No,Two year,Yes,Mailed check,57.58,1032.66,No
ACCL-3478,Male,0,Yes,No,29,Yes,No,Fiber optic,No,No,No,Yes,No,Yes,Two year,No,Credit card (automatic),97.18,2813.21,No
NWZV-2890,Male,0,Yes,Yes,56,Yes,Yes,DSL,Yes,No,Yes,No,No,Yes,Month-to-month,No,Mailed check,55.03,3088.73,Yes
ICYP-9075,Male,0,Yes,No,15,Yes,No,DSL,No,No,Yes,No,No,Yes,Two year,No,Electronic check,34.18,516.64,No
YDUV-8581,Male,0,Yes,Yes,21,Yes,No,No,No internet service,No internet service,No internet service,No internet service,No internet service,No internet service,Month-to-month,Yes,Mailed check,25.13,527.64,No
NTCD-0139,Female,0,Yes,No,53,Yes,Yes,No,No internet service,No internet service,No internet service,No internet service,No internet service,No internet service,Month-to-month,No,Bank transfer (automatic),23.51,1242.77,No
DUYQ-7287,Female,0,No,Yes,69,Yes,No,DSL,Yes,Yes,No,Yes,No,Yes,Month-to-month,No,Electronic check,38.24,2635.76,No
XYOT-4616,Male,0,Yes,No,42,Yes,No,Fiber optic,Yes,No,Yes,Yes,Yes,Yes,Month-to-month,No,Electronic check,89.21,3743.75,No
PSFF-5918,Female,0,No,No,18,Yes,No,No,No internet service,No internet service,No internet service,No internet service,No internet service,No internet service,Month-to-month,Yes,Bank transfer (automatic),29.73,532.06,No
HGPO-8313,Female,0,Yes,No,4,Yes,Yes,DSL,No,Yes,No,Yes,Yes,Yes,One year,Yes,Credit card (automatic),52.53,204.36,No
NZKC-1174,Male,1,Yes,No,70,Yes,No,Fiber optic,No,No,No,No,No,No,Month-to-month,Yes,Mailed check,80.03,5602.52,No
LNFH-6666,Male,0,No,No,19,Yes,Yes,Fiber optic,No,No,No,No,No,Yes,One year,Yes,Electronic check,101.61,1932.52,No
HAMS-0716,Female,0,No,No,14,Yes,Yes,DSL,Yes,No,No,No,No,Yes,One year,Yes,Credit card (automatic),25.84,356.4,No
VQOV-8263,Female,1,Yes,No,37,Yes,Yes,Fiber optic,Yes,No,Yes,No,No,Yes,Month-to-month,Yes,Bank transfer (automatic),51.2,1889.25,No
QGPQ-3846,Female,1,Yes,No,0,Yes,No,DSL,Yes,Yes,No,No,Yes,Yes,Month-to-month,Yes,Electronic check,25.7,0.0,Yes
MGSK-7039,Male,0,Yes,No,4,Yes,No,Fiber optic,Yes,Yes,No,Yes,No,Yes,Two year,Yes,Mailed check,106.88,428.99,No
DRVQ-2895,Male,0,No,Yes,53,No,No phone service,DSL,Yes,Yes,No,Yes,Yes,No,One year,Yes,Mailed check,51.97,2749.0,No
BLOI-1604,Female,0,Yes,No,60,Yes,No,DSL,No,Yes,Yes,Yes,No,No,Month-to-month,Yes,Mailed check,69.49,4178.92,No
GCTE-2527,Male,0,Yes,Yes,16,Yes,No,DSL,No,Yes,No,No,Yes,No,Month-to-month,Yes,Electronic check,57.66,919.52,No
WABD-4933,Female,0,No,No,26,No,No phone service,DSL,No,Yes,No,No,Yes,Yes,Two year,Yes,Credit card (automatic),64.44,1678.58,No
YDTT-1734,Male,0,Yes,No,69,No,No phone service,DSL,No,No,No,No,No,Yes,Two year,No,Credit card (automatic),28.2,1940.58,No
HDEU-5629,Male,1,No,No,24,Yes,No,DSL,No,Yes,No,No,No,No,One year,Yes,Credit card (automatic),65.88,1584.95,No
CMIQ-9792,Male,0,Yes,Yes,44,Yes,Yes,DSL,No,No,Yes,No,Yes,Yes,Month-to-month,Yes,Credit card (automatic),53.87,2376.41,No
USZQ-9474,Female,0,Yes,No,1,Yes,No,DSL,No,No,Yes,Yes,Yes,Yes,Month-to-month,No,Mailed check,42.66,51.84,No
ODYM-0405,Male,0,No,No,21,No,No phone service,DSL,Yes,No,No,No,No,No,Month-to-month,No,Bank transfer (automatic),43.11,904.43,No
OJYK-1372,Male,0,No,Yes,53,Yes,Yes,DSL,Yes,Yes,No,Yes,Yes,Yes,One year,No,Bank transfer (automatic),72.39,3832.88,No
WLWN-1930,Male,0,Yes,No,16,Yes,No,DSL,No,Yes,Yes,Yes,Yes,No,Month-to-month,Yes,Electronic check,72.28,1153.46,No
XZZY-0600,Male,0,Yes,No,60,Yes,Yes,Fiber optic,Yes,No,No,Yes,No,No,Month-to-month,Yes,Mailed check,87.68,5257.72,No
IJZF-0629,Male,1,Yes,No,65,No,No phone service,DSL,No,Yes,No,No,Yes,Yes,Two year,Yes,Mailed check,64.71,4208.96,No
DTXQ-7860,Female,0,No,No,25,Yes,No,DSL,No,Yes,Yes,Yes,Yes,Yes,Month-to-month,No,Mailed check,62.42,1553.73,No
GVEE-0530,Male,0,No,No,55,Yes,No,Fiber optic,No,No,No,Yes,No,No,One year,No,Mailed check,68.77,3779.92,No
XXMK-3627,Male,1,No,Yes,32,Yes,Yes,Fiber optic,No,No,No,No,Yes,No,Month-to-month,No,Electronic check,49.7,1597.7,Yes
GNUP-4855,Female,0,Yes,Yes,0,Yes,Yes,Fiber optic,No,No,No,No,No,Yes,Month-to-month,Yes,Credit card (automatic),100.68,0.0,Yes
BPEL-3928,Male,1,No,No,39,Yes,No,Fiber optic,Yes,No,No,Yes,No,No,Month-to-month,No,Mailed check,48.6,1888.18,No
GDYI-6486,Male,0,Yes,No,42,Yes,No,Fiber optic,Yes,No,No,Yes,No,No,Month-to-month,Yes,Credit card (automatic),94.0,3958.43,No
YKSK-8041,Male,0,No,No,43,Yes,No,Fiber optic,Yes,No,No,Yes,No,Yes,One year,Yes,Electronic check,101.42,4362.15,No
QSWO-2998,Male,0,No,No,61,No,No phone service,No,No internet service,No internet service,No internet service,No internet service,No internet service,No internet service,Month-to-month,No,Bank transfer (automatic),27.53,1677.21,No
SKFB-7941,Female,0,No,Yes,35,Yes,Yes,Fiber optic,No,No,No,No,No,Yes,Month-to-month,Yes,Electronic check,46.52,1628.47,Yes
GCUY-0143,Male,0,No,No,55,Yes,No,Fiber optic,Yes,No,Yes,No,Yes,Yes,Two year,No,Electronic check,94.01,5168.06,No
ANPW-8078,Male,0,Yes,No,38,Yes,No,Fiber optic,No,No,Yes,No,No,No,One year,Yes,Mailed check,48.09,1831.14,No
BMAV-6144,Male,0,No,No,12,Yes,No,Fiber optic,Yes,No,No,Yes,Yes,Yes,Month-to-month,Yes,Electronic check,102.86,1229.8,Yes
GLQZ-7428,Male,0,Yes,No,38,Yes,Yes,DSL,Yes,Yes,No,No,No,No,One year,No,Mailed check,29.61,1134.61,No
SWJL-6979,Female,0,Yes,No,11,Yes,No,DSL,Yes,Yes,No,No,Yes,Yes,Two year,Yes,Bank transfer (automatic),50.03,545.7,No
PHDQ-3595,Male,0,Yes,No,20,Yes,No,Fiber optic,No,No,No,Yes,Yes,No,One year,Yes,Bank transfer (automatic),75.57,1511.15,No
VNGL-0906,Male,0,No,No,17,Yes,Yes,No,No internet service,No internet service,No internet service,No internet service,No internet service,No internet service,Month-to-month,No,Electronic check,19.57,333.47,No
TFVY-1336,Female,0,No,No,12,Yes,No,DSL,No,No,No,Yes,No,No,Two year,No,Bank transfer (automatic),51.18,607.46,No
PAUT-1487,Male,0,Yes,Yes,18,Yes,No,DSL,No,No,No,Yes,Yes,No,Month-to-month,Yes,Electronic check,28.85,518.03,No
PIGJ-6129,Female,0,Yes,No,34,Yes,Yes,No,No internet service,No internet service,No internet service,No internet service,No internet service,No internet service,Two year,Yes,Bank transfer (automatic),21.12,716.64,No
HKRG-5933,Male,0,Yes,No,45,Yes,No,DSL,Yes,No,Yes,Yes,Yes,No,Month-to-month,Yes,Credit card (automatic),34.52,1553.7,No
OSFS-8331,Female,0,No,No,56,Yes,No,No,No internet service,No internet service,No internet service,No internet service,No internet service,No internet service,One year,Yes,Electronic check,21.51,1214.53,No
BGEC-5502,Female,0,No,No,33,Yes,Yes,Fiber optic,No,No,No,Yes,No,No,Two year,No,Electronic check,96.51,3184.0,No
LEGT-7255,Female,0,Yes,No,61,Yes,No,DSL,No,No,No,No,Yes,No,Month-to-month,Yes,Mailed check,73.75,4505.19,Yes
IDPW-9001,Female,1,No,No,55,No,No phone service,DSL,No,No,No,No,No,Yes,Two year,Yes,Bank transfer (automatic),56.64,3109.06,No
TVTO-5182,Male,1,Yes,No,0,Yes,Yes,Fiber optic,Yes,Yes,No,No,No,No,One year,No,Mailed check,70.89,0.0,No
WQHT-4628,Male,0,No,No,56,Yes,Yes,No,No internet service,No internet service,No internet service,No internet service,No internet service,No internet service,Month-to-month,No,Bank transfer (automatic),18.55,1050.36,No
YXAL-1121,Female,1,Yes,No,27,Yes,Yes,No,No internet service,No internet service,No internet service,No internet service,No internet service,No internet service,One year,Yes,Bank transfer (automatic),29.12,791.17,No
QKEV-6961,Female,0,Yes,No,3,No,No phone service,DSL,No,Yes,No,No,No,No,Month-to-month,Yes,Bank transfer (automatic),65.9,190.17,Yes
GRBF-5744,Female,0,Yes,Yes,70,Yes,No,Fiber optic,No,Yes,Yes,Yes,No,Yes,Two year,No,Mailed check,85.44,5975.6,No
ZQDQ-9470,Male,0,No,No,39,No,No phone service,Fiber optic,No,No,Yes,Yes,Yes,Yes,Two year,No,Electronic check,56.94,2218.79,No
SAMF-9092,Female,0,No,No,52,Yes,Yes,Fiber optic,No,No,Yes,Yes,Yes,Yes,Two year,No,Mailed check,62.08,3230.78,No
OUEB-2800,Male,0,No,Yes,38,Yes,Yes,DSL,Yes,No,No,Yes,No,Yes,Two year,No,Electronic check,72.0,2736.58,No
BXVN-3658,Male,0,No,No,34,Yes,No,Fiber optic,Yes,Yes,No,Yes,No,No,Month-to-month,Yes,Electronic check,70.7,2402.48,No
FRSI-6542,Female,0,No,No,9,Yes,No,DSL,No,Yes,No,Yes,No,No,Month-to-month,Yes,Electronic check,62.87,564.74,No
TAUG-1795,Female,0,No,No,50,Yes,Yes,Fiber optic,No,No,No,No,Yes,Yes,One year,Yes,Bank transfer (automatic),102.95,5148.06,No
ZPSR-7366,Male,0,Yes,Yes,63,Yes,No,DSL,Yes,No,No,No,No,Yes,Month-to-month,No,Electronic check,64.39,4054.42,No
PZYJ-7769,Female,0,No,Yes,58,Yes,No,DSL,No,No,Yes,Yes,No,Yes,Month-to-month,Yes,Electronic check,30.47,1765.76,Yes
UING-2525,Female,1,No,No,25,Yes,Yes,DSL,Yes,Yes,No,No,Yes,Yes,Month-to-month,Yes,Credit card (automatic),25.57,634.72,No
XIBF-2634,Male,0,Yes,Yes,2,Yes,Yes,Fiber optic,Yes,No,No,No,No,No,One year,No,Mailed check,67.11,141.02,No
JFKM-7133,Female,1,No,No,16,Yes,Yes,DSL,Yes,Yes,Yes,Yes,No,Yes,Two year,No,Electronic check,28.93,457.89,No
VTKU-4735,Female,0,Yes,Yes,64,Yes,Yes,No,No internet service,No internet service,No internet service,No internet service,No internet service,No internet service,One year,Yes,Credit card (automatic),19.43,1245.1,No
WXYZ-7339,Male,0,Yes,No,0,Yes,No,DSL,No,No,Yes,No,No,No,Month-to-month,Yes,Electronic check,48.37,0.0,No
KOEC-1187,Female,1,Yes,Yes,56,Yes,Yes,Fiber optic,No,No,No,No,No,Yes,Month-to-month,Yes,Credit card (automatic),50.4,2812.77,No
VNIE-9072,Female,0,Yes,No,10,Yes,No,DSL,No,No,No,Yes,Yes,Yes,Month-to-month,No,Bank transfer (automatic),69.97,694.86,No
YKQC-0053,Male,1,Yes,Yes,66,Yes,No,Fiber optic,No,Yes,No,No,Yes,Yes,One year,No,Electronic check,69.31,4577.19,No
ZDEO-2197,Female,0,No,No,54,Yes,No,Fiber optic,Yes,No,No,No,No,No,Month-to-month,Yes,Electronic check,103.69,5589.08,Yes
WZDR-8734,Male,0,Yes,No,40,Yes,No,No,No internet service,No internet service,No internet service,No internet service,No internet service,No internet service,Month-to-month,Yes,Bank transfer (automatic),22.92,913.7,No
JFDR-4068,Female,0,No,No,58,Yes,No,Fiber optic,No,No,Yes,No,Yes,No,Month-to-month,No,Bank transfer (automatic),87.99,5099.42,Yes
CVID-5286,Male,0,No,No,29,Yes,Yes,No,No internet service,No internet service,No internet service,No internet service,No internet service,No internet service,One year,Yes,Electronic check,26.19,755.9,Yes
WTFK-7553,Male,0,No,No,24,Yes,Yes,No,No internet service,No internet service,No internet service,No internet service,No internet service,No internet service,One year,Yes,Credit card (automatic),24.71,591.41,No
XJXY-5133,Female,0,No,No,70,Yes,Yes,Fiber optic,No,No,No,No,No,Yes,Month-to-month,Yes,Bank transfer (automatic),92.54,6473.0,No
MXET-7213,Male,1,Yes,No,63,Yes,No,DSL,No,Yes,No,Yes,No,Yes,Month-to-month,Yes,Mailed check,64.38,4055.03,No
QPAU-0377,Female,1,No,No,24,Yes,No,Fiber optic,No,No,No,Yes,Yes,No,Month-to-month,Yes,Credit card (automatic),48.25,1163.26,No
BOCM-2027,Male,0,No,No,65,Yes,No,Fiber optic,No,Yes,No,Yes,Yes,Yes,Month-to-month,No,Electronic check,99.06,6439.6,No
FEZO-8654,Female,0,Yes,Yes,33,Yes,No,No,No internet service,No internet service,No internet service,No internet service,No internet service,No internet service,Month-to-month,Yes,Bank transfer (automatic),22.4,737.75,No
UJYZ-5333,Male,0,Yes,Yes,54,Yes,Yes,DSL,No,No,Yes,Yes,No,No,Month-to-month,Yes,Credit card (automatic),74.44,4016.91,No
FAYR-1432,Male,0,No,No,57,Yes,No,Fiber optic,No,Yes,No,Yes,Yes,No,Month-to-month,No,Bank transfer (automatic),85.3,4862.0,No
UGZB-5310,Female,1,No,No,53,Yes,No,Fiber optic,No,No,No,No,Yes,No,One year,Yes,Mailed check,84.22,4453.84,No
HEJP-1726,Female,0,No,Yes,0,Yes,No,DSL,No,Yes,No,Yes,Yes,Yes,One year,Yes,Credit card (automatic),68.5,0.0,No
BMWD-9043,Male,0,No,No,17,Yes,Yes,DSL,No,Yes,No,No,Yes,Yes,Month-to-month,Yes,Mailed check,67.02,1142.48,No
HQRU-9910,Male,0,No,Yes,15,Yes,No,DSL,No,No,Yes,No,No,Yes,Month-to-month,Yes,Mailed check,57.04,864.3,Yes
FLMZ-3429,Male,0,Yes,No,55,Yes,No,DSL,No,Yes,No,No,Yes,No,One year,Yes,Credit card (automatic),61.98,3408.75,No
FTFE-1314,Male,0,Yes,No,30,Yes,No,No,No internet service,No internet service,No internet service,No internet service,No internet service,No internet service,Month-to-month,Yes,Electronic check,27.63,825.42,No
CFKE-1975,Male,0,No,No,47,Yes,Yes,DSL,No,No,No,No,Yes,No,Month-to-month,No,Bank transfer (automatic),57.36,2703.49,Yes
YCPP-3767,Male,0,Yes,No,33,Yes,No,Fiber optic,No,No,No,No,No,No,Month-to-month,No,Credit card (automatic),84.23,2771.68,No
INHX-5163,Male,0,Yes,No,33,No,No phone service,Fiber optic,No,Yes,Yes,No,No,No,Month-to-month,Yes,Mailed check,47.64,1569.41,No
STTS-8210,Male,0,Yes,Yes,59,Yes,No,No,No internet service,No internet service,No internet service,No internet service,No internet service,No internet service,Month-to-month,Yes,Bank transfer (automatic),29.32,1720.38,No
AUEY-3459,Female,0,No,Yes,36,Yes,No,No,No internet service,No internet service,No internet service,No internet service,No internet service,No internet service,Month-to-month,Yes,Mailed check,29.01,1052.53,Yes
WIFA-7186,Female,0,No,No,39,Yes,No,DSL,No,No,No,No,Yes,No,Month-to-month,Yes,Bank transfer (automatic),31.51,1241.98,No
GZJL-4790,Female,0,Yes,Yes,16,Yes,Yes,No,No internet service,No internet service,No internet service,No internet service,No internet service,No internet service,One year,Yes,Bank transfer (automatic),19.39,306.26,No
CYOA-7594,Female,0,No,Yes,40,Yes,Yes,No,No internet service,No internet service,No internet service,No internet service,No internet service,No internet service,Month-to-month,No,Mailed check,23.37,936.88,No
LVUO-8195,Male,0,Yes,No,55,Yes,Yes,DSL,No,Yes,No,Yes,No,No,Month-to-month,No,Credit card (automatic),48.2,2647.44,No
LTSE-1260,Male,0,No,No,53,Yes,No,No,No internet service,No internet service,No internet service,No internet service,No internet service,No internet service,Two year,No,Mailed check,28.01,1482.58,No
BCZL-6377,Female,0,No,No,12,Yes,Yes,Fiber optic,Yes,Yes,No,No,Yes,Yes,Two year,Yes,Mailed check,88.96,1071.99,No
AEAO-6377,Male,0,No,No,45,Yes,Yes,DSL,Yes,No,No,Yes,No,No,One year,Yes,Mailed check,39.74,1784.53,No
YFWO-6468,Male,1,Yes,Yes,71,Yes,No,No,No internet service,No internet service,No internet service,No internet service,No internet service,No internet service,Two year,No,Bank transfer (automatic),25.66,1820.89,No
LKDM-1765,Female,0,Yes,No,16,Yes,Yes,DSL,No,No,Yes,No,No,No,Month-to-month,No,Mailed check,68.41,1089.88,No
WPCV-9664,Female,0,No,Yes,10,Yes,No,DSL,No,Yes,No,Yes,Yes,Yes,Month-to-month,No,Mailed check,45.59,462.24,No
SRGT-1715,Female,0,Yes,No,39,Yes,No,DSL,Yes,No,Yes,No,Yes,No,One year,No,Electronic check,47.89,1869.62,No
DIUP-3728,Male,0,No,Yes,45,No,No phone service,Fiber optic,No,No,Yes,No,No,Yes,One year,No,Bank transfer (automatic),93.86,4226.41,No
HLNX-9409,Male,1,No,No,64,Yes,No,DSL,Yes,Yes,No,No,No,Yes,Month-to-month,Yes,Mailed check,55.11,3526.27,No
MYBA-5099,Female,0,No,Yes,31,Yes,No,Fiber optic,No,No,Yes,No,No,No,Month-to-month,No,Bank transfer (automatic),95.91,2977.78,No
JGGA-9421,Female,0,Yes,No,51,No,No phone service,Fiber optic,Yes,No,Yes,Yes,No,No,Month-to-month,Yes,Mailed check,55.22,2815.84,No
EEBF-6023,Female,0,Yes,No,9,Yes,No,No,No internet service,No internet service,No internet service,No internet service,No internet service,No internet service,One year,Yes,Electronic check,23.82,203.82,No
BJKU-3107,Female,0,Yes,Yes,58,No,No phone service,Fiber optic,No,Yes,Yes,No,Yes,Yes,Month-to-month,Yes,Mailed check,76.33,4424.25,No
RTZE-1981,Male,0,Yes,No,14,Yes,No,No,No internet service,No internet service,No internet service,No internet service,No internet service,No internet service,Month-to-month,Yes,Credit card (automatic),29.4,407.81,Yes
VGVK-3019,Female,0,Yes,Yes,2,No,No phone service,No,No internet service,No internet service,No internet service,No internet service,No internet service,No internet service,Month-to-month,Yes,Bank transfer (automatic),29.79,57.43,No
JVHC-6836,Male,0,Yes,Yes,8,Yes,Yes,Fiber optic,No,No,Yes,No,No,Yes,Month-to-month,Yes,Credit card (automatic),87.24,699.5,No
GZIC-0731,Female,0,Yes,No,7,Yes,Yes,DSL,No,No,Yes,Yes,Yes,No,Month-to-month,Yes,Electronic check,32.98,233.43,No
UTAP-6378,Male,0,Yes,No,7,Yes,No,No,No internet service,No internet service,No internet service,No internet service,No internet service,No internet service,One year,Yes,Bank transfer (automatic),19.35,132.21,No
HAHE-0886,Male,0,No,No,15,Yes,Yes,DSL,No,No,No,Yes,Yes,No,Month-to-month,Yes,Mailed check,40.9,616.41,Yes
OGAI-0688,Female,0,No,Yes,10,Yes,No,Fiber optic,Yes,No,Yes,Yes,No,No,Month-to-month,No,Mailed check,49.88,500.43,No
ELVB-1980,Male,0,No,Yes,22,Yes,No,Fiber optic,Yes,No,No,No,Yes,No,Month-to-month,No,Mailed check,59.82,1322.01,No
JNUN-6955,Female,1,No,Yes,55,Yes,Yes,No,No internet service,No internet service,No internet service,No internet service,No internet service,No internet service,Two year,Yes,Mailed check,22.29,1224.04,No
FMHW-4919,Female,1,Yes,No,55,Yes,No,Fiber optic,Yes,Yes,Yes,Yes,No,No,Two year,Yes,Bank transfer (automatic),67.53,3718.7,No
FPJO-4394,Female,0,No,No,21,Yes,Yes,DSL,No,Yes,Yes,No,No,No,Month-to-month,No,Credit card (automatic),74.71,1574.02,No
YBVY-9459,Male,1,Yes,No,17,Yes,Yes,No,No internet service,No internet service,No internet service,No internet service,No internet service,No internet service,Month-to-month,No,Credit card (automatic),28.21,473.2,No
DEXA-0939,Female,0,No,No,38,Yes,No,Fiber optic,No,No,Yes,No,No,No,Month-to-month,Yes,Electronic check,82.67,3139.31,No
SEKZ-7044,Male,0,Yes,No,2,Yes,Yes,No,No internet service,No internet service,No internet service,No internet service,No internet service,No internet service,Month-to-month,Yes,Bank transfer (automatic),24.99,54.15,No
RMEX-9615,Female,0,No,No,7,Yes,No,Fiber optic,No,Yes,Yes,No,Yes,No,Month-to-month,No,Credit card (automatic),93.93,650.88,No
PJKA-9925,Male,0,No,Yes,4,Yes,Yes,Fiber optic,No,Yes,No,No,Yes,No,Month-to-month,No,Bank transfer (automatic),68.75,283.74,No
IAFR-8121,Female,0,Yes,No,4,Yes,No,DSL,No,No,No,No,No,Yes,Month-to-month,No,Mailed check,37.8,148.34,No
DDJQ-7475,Female,0,No,No,18,No,No phone service,Fiber optic,No,Yes,Yes,Yes,No,No,Month-to-month,Yes,Credit card (automatic),109.6,1970.48,No
BWZO-8643,Male,1,No,Yes,60,Yes,Yes,DSL,Yes,No,No,Yes,No,Yes,Month-to-month,Yes,Credit card (automatic),39.0,2336.08,No
KNHF-4628,Male,1,No,Yes,45,Yes,Yes,DSL,Yes,Yes,Yes,Yes,Yes,No,Two year,No,Electronic check,68.48,3079.18,Yes
DDXF-0185,Male,0,Yes,No,17,Yes,Yes,DSL,Yes,No,Yes,No,Yes,No,Month-to-month,Yes,Mailed check,65.67,1117.79,Yes
WISE-4961,Female,0,Yes,Yes,60,No,No phone service,DSL,No,No,Yes,No,No,Yes,Two year,Yes,Bank transfer (automatic),63.71,3827.16,No
TDHZ-2183,Male,0,No,Yes,59,Yes,Yes,No,No internet service,No internet service,No internet service,No internet service,No internet service,No internet service,Month-to-month,Yes,Credit card (automatic),22.57,1333.35,No
IFAC-6874,Male,0,Yes,No,1,Yes,No,Fiber optic,Yes,No,Yes,Yes,Yes,Yes,Month-to-month,Yes,Electronic check,85.33,87.73,No
MXRS-7897,Male,0,No,No,49,Yes,No,No,No internet service,No internet service,No internet service,No internet service,No internet service,No internet service,Two year,No,Credit card (automatic),22.31,1098.63,No
TFUL-3892,Male,0,Yes,Yes,62,Yes,Yes,Fiber optic,Yes,Yes,Yes,Yes,No,No,Month-to-month,Yes,Mailed check,53.76,3331.78,No
QGZH-2251,Female,0,Yes,Yes,70,Yes,No,Fiber optic,No,No,Yes,Yes,Yes,Yes,Month-to-month,Yes,Electronic check,97.01,6794.75,No
FUGI-8062,Male,0,No,No,48,Yes,Yes,DSL,No,Yes,Yes,No,No,No,Month-to-month,Yes,Electronic check,61.67,2970.15,No
DBAJ-2980,Male,0,Yes,No,70,Yes,Yes,DSL,No,No,No,Yes,No,No,Two year,Yes,Electronic check,72.74,5097.46,No
OCUC-3305,Female,0,No,No,17,Yes,Yes,DSL,No,Yes,Yes,Yes,Yes,Yes,Two year,No,Bank transfer (automatic),73.52,1249.62,No
KLWG-5624,Female,0,Yes,No,15,Yes,Yes,No,No internet service,No internet service,No internet service,No internet service,No internet service,No internet service,Month-to-month,Yes,Bank transfer (automatic),26.83,402.89,No
NNWJ-4915,Female,0,Yes,No,45,Yes,Yes,Fiber optic,No,No,Yes,Yes,Yes,Yes,Month-to-month,Yes,Mailed check,47.36,2138.83,No
WKRZ-7472,Male,1,No,No,24,Yes,No,Fiber optic,No,Yes,No,No,No,Yes,Two year,No,Bank transfer (automatic),68.73,1646.34,No
BGEU-7879,Male,0,No,No,7,Yes,Yes,Fiber optic,Yes,Yes,No,No,No,No,Month-to-month,No,Mailed check,96.63,672.93,No
BJKW-4623,Male,0,No,No,63,Yes,No,DSL,No,No,No,Yes,Yes,No,One year,No,Mailed check,73.56,4641.9,No
WBRA-0054,Male,0,Yes,No,13,Yes,Yes,Fiber optic,Yes,No,No,No,No,Yes,One year,Yes,Electronic check,63.41,827.21,No
ZXUA-7571,Male,0,Yes,No,21,Yes,Yes,DSL,Yes,No,No,Yes,No,No,Month-to-month,Yes,Mailed check,25.86,545.89,No
ZHVA-0946,Female,0,No,Yes,34,Yes,Yes,Fiber optic,No,No,No,No,No,No,One year,No,Electronic check,69.92,2374.63,No
TMZE-9211,Male,1,Yes,No,50,Yes,Yes,DSL,Yes,Yes,Yes,No,No,No,Month-to-month,No,Bank transfer (automatic),65.67,3280.69,No
EDBU-9878,Male,0,No,No,42,Yes,Yes,Fiber optic,Yes,No,No,Yes,No,No,One year,Yes,Credit card (automatic),68.34,2871.62,No
IXYD-7188,Male,1,No,No,2,Yes,No,DSL,No,Yes,No,Yes,No,No,Two year,Yes,Electronic check,40.91,87.02,No
CFWS-4027,Male,0,Yes,No,72,Yes,No,No,No internet service,No internet service,No internet service,No internet service,No internet service,No internet service,Month-to-month,Yes,Bank transfer (automatic),20.72,1488.0,No
CHIV-6576,Male,1,Yes,Yes,54,Yes,Yes,DSL,No,No,Yes,No,Yes,Yes,One year,No,Electronic check,46.67,2523.38,No
JQCC-2301,Male,1,Yes,No,18,Yes,No,No,No internet service,No internet service,No internet service,No internet service,No internet service,No internet service,Month-to-month,No,Electronic check,19.54,358.68,Yes
LEVY-1868,Female,1,No,No,41,Yes,No,Fiber optic,Yes,No,Yes,No,Yes,No,Month-to-month,Yes,Credit card (automatic),87.95,3606.68,No
TWAX-6619,Female,0,Yes,No,60,Yes,No,DSL,Yes,No,Yes,Yes,No,Yes,Month-to-month,Yes,Mailed check,50.73,3051.55,No
OIKX-0041,Female,0,Yes,No,22,Yes,No,No,No internet service,No internet service,No internet service,No internet service,No internet service,No internet service,Two year,Yes,Credit card (automatic),26.75,587.36,No
AJMH-3145,Female,0,Yes,No,3,Yes,Yes,DSL,Yes,No,Yes,Yes,No,No,One year,Yes,Credit card (automatic),68.28,202.02,No
HOGG-0226,Female,0,No,No,64,Yes,No,Fiber optic,Yes,Yes,No,Yes,No,No,One year,Yes,Bank transfer (automatic),87.33,5592.74,No
LNBZ-6801,Female,0,Yes,No,3,Yes,Yes,No,No internet service,No internet service,No internet service,No internet service,No internet service,No internet service,One year,Yes,Mailed check,24.89,75.37,No
VRNL-1463,Male,0,Yes,No,58,Yes,Yes,DSL,No,No,Yes,Yes,No,No,Month-to-month,No,Electronic check,53.88,3129.05,Yes
MPVP-2333,Male,0,Yes,No,29,Yes,No,DSL,No,No,No,Yes,No,No,Month-to-month,Yes,Electronic check,61.59,1779.8,No
AMTT-5895,Female,0,Yes,Yes,32,Yes,No,No,No internet service,No internet service,No internet service,No internet service,No internet service,No internet service,Month-to-month,Yes,Mailed check,18.03,578.91,No
VGWP-0708,Female,0,Yes,Yes,32,Yes,No,DSL,Yes,No,No,No,Yes,Yes,Month-to-month,Yes,Mailed check,41.62,1331.22,No
NODY-7858,Male,0,No,Yes,19,Yes,Yes,Fiber optic,Yes,Yes,No,Yes,Yes,No,Month-to-month,Yes,Electronic check,84.88,1613.29,Yes
DSCH-1588,Male,1,No,No,47,Yes,No,No,No internet service,No internet service,No internet service,No internet service,No internet service,No internet service,Month-to-month,Yes,Bank transfer (automatic),29.23,1375.35,No
HHQP-6082,Female,0,No,No,26,Yes,Yes,DSL,Yes,Yes,No,No,No,Yes,Month-to-month,Yes,Mailed check,29.08,750.16,No
AHGR-6469,Female,1,Yes,No,31,Yes,No,Fiber optic,Yes,No,No,Yes,Yes,Yes,One year,Yes,Credit card (automatic),93.64,2905.66,No
PWBR-6236,Female,1,Yes,No,26,Yes,Yes,Fiber optic,No,No,No,No,No,Yes,Month-to-month,No,Mailed check,59.97,1556.5,Yes
BRIA-2934,Male,0,Yes,No,24,Yes,Yes,DSL,No,Yes,Yes,Yes,No,Yes,Month-to-month,Yes,Credit card (automatic),51.79,1232.59,No
CIUW-6812,Female,0,Yes,Yes,65,Yes,No,Fiber optic,No,Yes,No,Yes,No,Yes,Two year,Yes,Bank transfer (automatic),107.34,6975.9,No
THAY-4378,Female,0,Yes,No,11,Yes,Yes,No,No internet service,No internet service,No internet service,No internet service,No internet service,No internet service,Month-to-month,No,Mailed check,19.2,209.73,No
CNDQ-2947,Female,1,No,No,45,Yes,Yes,No,No internet service,No internet service,No internet service,No internet service,No internet service,No internet service,Two year,No,Mailed check,18.57,835.03,No
QQCP-8803,Female,0,Yes,No,47,Yes,No,DSL,No,No,No,Yes,No,Yes,One year,Yes,Mailed check,25.28,1200.38,No
LXBT-6646,Male,0,Yes,No,36,Yes,No,No,No internet service,No internet service,No internet service,No internet service,No internet service,No internet service,One year,Yes,Mailed check,23.19,824.18,No
FBIE-1594,Female,0,No,Yes,3,Yes,No,Fiber optic,Yes,No,Yes,Yes,Yes,Yes,Two year,Yes,Electronic check,95.21,290.44,No
RJJW-9165,Male,0,Yes,Yes,60,Yes,No,Fiber optic,Yes,Yes,Yes,Yes,Yes,No,Month-to-month,Yes,Electronic check,58.14,3480.02,No
LDTP-5895,Male,0,No,Yes,70,Yes,No,Fiber optic,No,No,Yes,No,Yes,No,Month-to-month,Yes,Credit card (automatic),98.46,6887.1,No
VKAE-0893,Female,0,No,No,46,Yes,No,Fiber optic,No,No,Yes,No,No,No,Month-to-month,Yes,Mailed check,97.73,4495.43,No
BYFZ-2159,Female,0,Yes,No,46,Yes,No,No,No internet service,No internet service,No internet service,No internet service,No internet service,No internet service,One year,No,Electronic check,28.87,1320.89,No
FYEO-8410,Male,0,No,No,16,Yes,No,DSL,Yes,No,Yes,No,No,No,Month-to-month,Yes,Credit card (automatic),65.74,1054.97,No
IZWS-5938,Male,1,Yes,No,31,Yes,No,No,No internet service,No internet service,No internet service,No internet service,No internet service,No internet service,Month-to-month,No,Electronic check,18.99,584.48,Yes
ORLL-3063,Male,0,No,No,9,Yes,Yes,DSL,No,Yes,No,No,No,No,Month-to-month,Yes,Credit card (automatic),49.71,444.16,No
ELQB-3109,Male,1,No,No,49,No,No phone service,Fiber optic,No,Yes,Yes,No,No,No,Month-to-month,Yes,Credit card (automatic),95.53,4684.48,No
QVRC-4256,Male,0,No,No,58,Yes,Yes,DSL,No,No,Yes,No,No,Yes,Month-to-month,No,Mailed check,28.08,1623.63,Yes
ZFRI-1588,Female,0,Yes,No,17,Yes,Yes,DSL,Yes,Yes,No,No,No,Yes,Month-to-month,No,Mailed check,27.42,466.58,No
RYPX-6797,Female,0,No,No,65,No,No phone service,Fiber optic,Yes,Yes,Yes,No,Yes,No,Two year,Yes,Mailed check,46.37,3022.36,No
QIFA-0691,Female,1,No,Yes,34,Yes,Yes,Fiber optic,Yes,Yes,Yes,No,Yes,No,One year,Yes,Mailed check,93.82,3190.34,Yes
FMEU-9574,Male,0,Yes,No,5,Yes,Yes,Fiber optic,Yes,No,No,No,No,No,One year,No,Bank transfer (automatic),77.02,380.51,No
HEJO-5716,Male,0,No,No,2,Yes,No,Fiber optic,No,No,Yes,No,Yes,No,Month-to-month,Yes,Electronic check,97.22,193.47,No
CIJG-2791,Male,1,No,No,70,Yes,No,DSL,Yes,Yes,No,No,Yes,Yes,One year,Yes,Bank transfer (automatic),71.38,4992.15,No
ZHGE-3990,Male,0,No,Yes,34,Yes,No,DSL,Yes,Yes,Yes,No,Yes,No,Month-to-month,Yes,Mailed check,27.15,918.11,No
DVFR-8033,Female,0,No,No,65,Yes,Yes,Fiber optic,No,No,No,Yes,No,Yes,Two year,No,Mailed check,94.41,6142.0,No
RXRR-1043,Female,0,Yes,Yes,65,Yes,No,No,No internet service,No internet service,No internet service,No internet service,No internet service,No internet service,Month-to-month,No,Credit card (automatic),19.97,1306.89,No
BQAR-0812,Male,0,No,No,50,Yes,No,Fiber optic,Yes,Yes,No,Yes,Yes,No,Month-to-month,No,Credit card (automatic),69.74,3482.62,No
YEMX-6513,Male,0,No,No,71,Yes,No,No,No internet service,No internet service,No internet service,No internet service,No internet service,No internet service,Month-to-month,Yes,Electronic check,26.18,1850.39,Yes
IWCV-7777,Female,0,Yes,No,72,Yes,No,DSL,Yes,Yes,No,Yes,No,Yes,One year,No,Mailed check,54.91,3962.97,No
ZVKJ-2823,Female,0,Yes,Yes,33,Yes,Yes,No,No internet service,No internet service,No internet service,No internet service,No internet service,No internet service,Month-to-month,Yes,Electronic check,19.58,635.77,Yes
ZABF-0871,Female,0,Yes,Yes,38,Yes,No,Fiber optic,No,No,Yes,No,Yes,Yes,Month-to-month,Yes,Electronic check,107.28,4081.26,No
NBXL-7041,Male,0,Yes,No,48,Yes,Yes,Fiber optic,Yes,No,No,Yes,Yes,No,One year,No,Credit card (automatic),78.14,3748.53,No
QCOM-2989,Female,0,Yes,No,46,Yes,Yes,No,No internet service,No internet service,No internet service,No internet service,No internet service,No internet service,Month-to-month,No,Electronic check,18.5,862.41,No
ABYN-4859,Male,1,No,Yes,35,No,No phone service,Fiber optic,Yes,No,Yes,No,Yes,No,Month-to-month,No,Electronic check,77.61,2716.61,Yes
ZSHM-8183,Female,0,Yes,No,21,Yes,Yes,DSL,Yes,No,No,Yes,Yes,Yes,Month-to-month,No,Electronic check,28.53,593.07,No
HEFT-4023,Female,0,Yes,No,43,Yes,No,No,No internet service,No internet service,No internet service,No internet service,No internet service,No internet service,One year,Yes,Mailed check,20.39,880.86,No
ASDN-8223,Female,0,No,No,66,Yes,No,Fiber optic,No,No,No,No,No,Yes,Two year,Yes,Electronic check,94.09,6207.04,No
IYQO-7901,Male,1,No,No,60,Yes,Yes,DSL,No,No,No,Yes,Yes,No,Month-to-month,Yes,Electronic check,69.79,4188.62,No
JUMK-5194,Male,0,No,Yes,8,Yes,Yes,Fiber optic,No,Yes,No,Yes,No,Yes,Month-to-month,No,Credit card (automatic),107.39,858.52,No
SGQE-2129,Female,0,Yes,No,47,Yes,Yes,No,No internet service,No internet service,No internet service,No internet service,No internet service,No internet service,Two year,No,Electronic check,18.18,852.67,No
DOOK-1121,Male,1,Yes,Yes,17,No,No phone service,Fiber optic,No,No,No,Yes,No,No,Two year,No,Credit card (automatic),72.09,1229.05,No
NFBA-7931,Female,0,No,No,28,Yes,Yes,Fiber optic,No,No,Yes,No,Yes,Yes,Month-to-month,Yes,Mailed check,57.7,1621.23,Yes
TKRP-4651,Male,0,Yes,No,47,Yes,Yes,Fiber optic,Yes,Yes,No,Yes,No,No,Two year,Yes,Mailed check,91.39,4295.14,No
KMTX-6630,Female,0,Yes,Yes,11,Yes,No,Fiber optic,Yes,No,Yes,Yes,No,No,One year,Yes,Bank transfer (automatic),101.43,1104.76,No
WFHM-4797,Male,0,No,Yes,38,Yes,No,DSL,No,Yes,No,Yes,No,Yes,Two year,Yes,Credit card (automatic),48.66,1849.85,No
IQCL-5379,Male,0,Yes,No,22,Yes,No,DSL,Yes,Yes,Yes,Yes,No,Yes,Two year,No,Electronic check,60.73,1343.66,No
NALE-3095,Female,1,No,Yes,18,Yes,No,Fiber optic,No,No,Yes,No,No,Yes,Month-to-month,Yes,Electronic check,102.22,1847.45,Yes
ZMCK-4539,Female,0,No,No,23,Yes,No,DSL,No,No,No,No,Yes,Yes,Two year,Yes,Mailed check,63.93,1474.59,Yes
JLVW-1661,Male,0,Yes,Yes,43,Yes,No,No,No internet service,No internet service,No internet service,No internet service,No internet service,No internet service,One year,No,Credit card (automatic),26.97,1155.86,No
CCAQ-9588,Female,1,Yes,No,48,Yes,Yes,DSL,No,Yes,No,Yes,Yes,No,One year,No,Credit card (automatic),36.78,1755.92,No
KNQG-5328,Female,1,Yes,No,3,Yes,Yes,DSL,Yes,Yes,Yes,No,Yes,No,Two year,No,Mailed check,72.21,208.31,No
ZUHT-3552,Female,0,Yes,No,61,Yes,Yes,No,No internet service,No internet service,No internet service,No internet service,No internet service,No internet service,One year,Yes,Electronic check,23.07,1406.17,No
BKYR-8796,Female,0,Yes,No,17,Yes,No,DSL,Yes,No,No,No,No,No,One year,Yes,Mailed check,42.5,722.84,No
LUCB-7174,Male,0,Yes,Yes,59,Yes,No,No,No internet service,No internet service,No internet service,No internet service,No internet service,No internet service,One year,Yes,Electronic check,23.58,1384.86,No
YDHK-6741,Female,0,No,No,63,Yes,Yes,Fiber optic,Yes,No,Yes,Yes,Yes,Yes,One year,Yes,Credit card (automatic),86.06,5423.59,No
WSOZ-9991,Male,0,No,No,19,Yes,Yes,Fiber optic,Yes,Yes,No,No,Yes,No,Two year,Yes,Mailed check,66.4,1259.33,No
CNTZ-6905,Male,0,Yes,Yes,51,Yes,No,No,No internet service,No internet service,No internet service,No internet service,No internet service,No internet service,Month-to-month,Yes,Electronic check,27.88,1415.2,Yes
MVXB-1026,Male,0,Yes,No,35,Yes,Yes,Fiber optic,Yes,No,No,Yes,No,Yes,One year,Yes,Mailed check,82.28,2876.25,No
OHWI-7710,Male,0,Yes,No,61,Yes,No,DSL,No,Yes,No,No,Yes,No,Month-to-month,No,Bank transfer (automatic),69.92,4263.42,No
VWFW-7109,Female,0,Yes,Yes,47,Yes,No,Fiber optic,No,Yes,Yes,Yes,No,No,Month-to-month,Yes,Electronic check,51.8,2438.43,No
HPXN-7961,Male,0,Yes,Yes,56,Yes,Yes,Fiber optic,Yes,Yes,Yes,No,No,Yes,One year,No,Electronic check,99.97,5593.1,No
TIXD-7958,Female,0,No,Yes,56,Yes,No,DSL,Yes,Yes,Yes,No,Yes,Yes,Month-to-month,Yes,Credit card (automatic),73.5,4121.55,No
QVKT-2497,Female,0,No,Yes,40,Yes,No,No,No internet service,No internet service,No internet service,No internet service,No internet service,No internet service,Two year,No,Electronic check,20.1,801.58,No
JFQF-6528,Male,0,No,No,52,Yes,No,Fiber optic,No,Yes,Yes,No,Yes,No,One year,No,Electronic check,49.49,2579.97,No
MJZD-4421,Female,0,No,No,61,Yes,No,DSL,No,Yes,No,No,No,No,Month-to-month,No,Electronic check,65.11,3972.2,Yes
XGUA-9073,Male,1,Yes,Yes,28,Yes,Yes,DSL,No,No,Yes,Yes,No,Yes,Month-to-month,Yes,Mailed check,58.52,1641.17,No
TYRE-5592,Female,0,No,No,38,Yes,No,Fiber optic,Yes,No,No,No,No,Yes,Month-to-month,Yes,Electronic check,106.2,4040.62,No
JFJJ-4739,Female,0,Yes,No,9,Yes,No,Fiber optic,No,No,Yes,No,Yes,Yes,Month-to-month,No,Credit card (automatic),63.64,580.19,Yes
JPSF-9879,Female,0,Yes,No,60,Yes,No,DSL,No,Yes,No,No,Yes,Yes,One year,No,Mailed check,56.73,3419.79,No
HCQS-2521,Male,0,No,No,55,Yes,Yes,Fiber optic,Yes,No,Yes,No,No,Yes,Month-to-month,No,Bank transfer (automatic),81.26,4470.48,No
LOYF-4266,Male,0,No,No,8,Yes,No,No,No internet service,No internet service,No internet service,No internet service,No internet service,No internet service,Month-to-month,No,Electronic check,18.62,142.19,Yes
TJRB-7362,Male,1,No,No,49,Yes,Yes,DSL,Yes,No,No,Yes,Yes,Yes,Month-to-month,No,Credit card (automatic),62.46,3060.45,No
YPZI-6609,Female,0,No,No,11,Yes,Yes,DSL,No,No,No,No,Yes,Yes,Month-to-month,Yes,Mailed check,72.44,799.31,No
HRXM-1073,Male,1,No,Yes,1,Yes,Yes,No,No internet service,No internet service,No internet service,No internet service,No internet service,No internet service,Month-to-month,Yes,Credit card (automatic),23.16,22.56,No
KZFZ-9086,Female,0,Yes,No,72,Yes,Yes,No,No internet service,No internet service,No internet service,No internet service,No internet service,No internet service,Month-to-month,No,Mailed check,26.65,1926.39,No
UVCI-1900,Female,0,No,No,16,Yes,No,DSL,No,Yes,Yes,No,No,Yes,Month-to-month,Yes,Electronic check,40.74,648.13,Yes
ZRFF-8937,Female,0,No,No,34,Yes,No,Fiber optic,No,No,No,Yes,Yes,No,Month-to-month,No,Bank transfer (automatic),48.11,1638.03,Yes
DCDA-8462,Female,0,No,Yes,45,Yes,Yes,Fiber optic,Yes,Yes,Yes,No,Yes,Yes,Month-to-month,No,Electronic check,77.3,3483.73,Yes
UZTG-4127,Male,1,No,No,66,Yes,Yes,Fiber optic,Yes,Yes,Yes,Yes,Yes,No,Month-to-month,Yes,Credit card (automatic),81.23,5360.93,No
COGE-6986,Male,0,No,No,69,No,No phone service,DSL,No,No,No,No,Yes,No,Month-to-month,Yes,Electronic check,56.35,3891.39,No
NVMA-3705,Female,1,Yes,No,34,No,No phone service,DSL,Yes,No,No,No,No,Yes,Month-to-month,No,Bank transfer (automatic),72.3,2458.75,No
BMYH-8811,Female,0,Yes,Yes,71,Yes,No,DSL,No,Yes,Yes,Yes,Yes,No,Two year,Yes,Credit card (automatic),67.68,4812.38,No
IBDR-0964,Female,0,No,Yes,33,Yes,Yes,DSL,No,No,Yes,No,No,Yes,One year,No,Electronic check,35.88,1183.26,No
SXUQ-8425,Male,0,No,No,10,Yes,No,Fiber optic,Yes,No,No,No,Yes,Yes,Month-to-month,Yes,Credit card (automatic),93.53,936.98,No
HRCW-1486,Female,0,Yes,No,2,Yes,No,Fiber optic,No,No,Yes,No,No,Yes,Month-to-month,Yes,Bank transfer (automatic),51.18,93.2,No
NSBZ-8889,Male,1,Yes,No,9,Yes,No,DSL,No,Yes,No,No,No,Yes,Two year,Yes,Electronic check,57.77,514.78,No
SQYG-1587,Male,0,Yes,Yes,11,Yes,Yes,DSL,Yes,No,No,Yes,No,No,Month-to-month,Yes,Mailed check,59.51,664.31,No
VVXI-7015,Male,1,No,No,50,Yes,No,No,No internet service,No internet service,No internet service,No internet service,No internet service,No internet service,Two year,Yes,Mailed check,24.75,1231.36,No
XDTR-9098,Female,0,Yes,No,58,Yes,No,DSL,Yes,No,Yes,Yes,No,No,Month-to-month,No,Credit card (automatic),58.21,3371.54,No
WYMO-1941,Male,0,Yes,Yes,1,Yes,No,Fiber optic,No,Yes,No,No,Yes,No,Month-to-month,Yes,Credit card (automatic),76.91,72.06,Yes
ZGIS-0335,Male,0,Yes,Yes,1,No,No phone service,No,No internet service,No internet service,No internet service,No internet service,No internet service,No internet service,Month-to-month,Yes,Credit card (automatic),22.3,19.13,No
ELUI-0777,Male,0,Yes,No,4,Yes,No,Fiber optic,Yes,No,Yes,No,Yes,Yes,Two year,No,Mailed check,95.5,377.54,No
LSJX-1772,Male,0,Yes,Yes,21,Yes,Yes,No,No internet service,No internet service,No internet service,No internet service,No internet service,No internet service,Month-to-month,Yes,Bank transfer (automatic),28.53,600.14,Yes
DIMI-9895,Male,0,Yes,Yes,32,Yes,Yes,DSL,Yes,No,No,Yes,Yes,Yes,Month-to-month,Yes,Bank transfer (automatic),53.75,1717.41,No
AHIX-0588,Female,0,No,No,68,Yes,No,Fiber optic,Yes,Yes,No,Yes,Yes,Yes,Month-to-month,No,Credit card (automatic),94.73,6446.55,No
GWTW-9494,Female,0,No,No,27,Yes,No,Fiber optic,No,No,No,Yes,No,No,Month-to-month,No,Credit card (automatic),96.11,2590.58,No
QBIB-9182,Male,1,Yes,No,57,Yes,Yes,DSL,Yes,No,Yes,No,No,Yes,Two year,No,Credit card (automatic),53.23,3028.68,No
BGIK-5622,Female,0,No,No,13,Yes,No,DSL,No,Yes,No,No,Yes,Yes,Two year,Yes,Electronic check,30.79,403.01,Yes
OHGE-5822,Male,0,No,Yes,49,Yes,Yes,Fiber optic,No,Yes,Yes,No,Yes,Yes,One year,Yes,Mailed check,47.69,2335.75,No
KFXU-0273,Female,1,Yes,No,40,Yes,Yes,Fiber optic,Yes,No,No,Yes,No,Yes,Two year,Yes,Mailed check,100.68,4030.02,No
IMFJ-3394,Female,0,No,No,14,Yes,No,Fiber optic,Yes,No,Yes,No,Yes,Yes,Two year,No,Electronic check,65.08,906.39,No
MWNL-6964,Male,0,Yes,No,67,Yes,No,No,No internet service,No internet service,No internet service,No internet service,No internet service,No internet service,Month-to-month,Yes,Electronic check,24.87,1665.79,No
LYBH-9724,Male,0,Yes,No,42,Yes,Yes,No,No internet service,No internet service,No internet service,No internet service,No internet service,No internet service,Month-to-month,No,Electronic check,20.75,876.59,No
HJMI-6332,Female,0,Yes,No,54,No,No phone service,Fiber optic,Yes,No,Yes,No,Yes,Yes,One year,No,Mailed check,94.4,5097.24,No
KHVP-9599,Female,0,Yes,No,48,Yes,No,No,No internet service,No internet service,No internet service,No internet service,No internet service,No internet service,Month-to-month,Yes,Credit card (automatic),29.58,1421.45,No
YSDS-2095,Female,0,Yes,No,17,Yes,Yes,Fiber optic,No,No,No,No,Yes,No,One year,Yes,Mailed check,68.95,1165.81,No
PIUL-9193,Male,0,Yes,No,24,Yes,Yes,No,No internet service,No internet service,No internet service,No internet service,No internet service,No internet service,Month-to-month,Yes,Bank transfer (automatic),27.97,669.57,No
FWMW-3994,Male,0,No,Yes,11,Yes,Yes,Fiber optic,No,Yes,No,No,No,Yes,Two year,No,Credit card (automatic),75.47,832.59,No
DLZV-6192,Female,0,Yes,No,54,Yes,Yes,No,No internet service,No internet service,No internet service,No internet service,No internet service,No internet service,Month-to-month,Yes,Bank transfer (automatic),29.14,1577.81,No
HWQD-4239,Male,0,No,No,46,Yes,Yes,Fiber optic,No,No,Yes,No,Yes,No,Month-to-month,Yes,Mailed check,61.2,2819.53,Yes
JJWX-8130,Female,0,Yes,No,66,Yes,Yes,Fiber optic,No,No,No,No,No,Yes,Month-to-month,No,Bank transfer (automatic),104.17,6869.45,No
CHGO-7549,Male,0,No,No,70,Yes,No,DSL,Yes,Yes,Yes,No,Yes,Yes,One year,Yes,Bank transfer (automatic),38.82,2719.73,No
IUIO-3405,Male,0,No,Yes,63,Yes,Yes,Fiber optic,No,No,No,No,Yes,No,One year,No,Mailed check,49.68,3124.56,No
SKZR-5084,Male,0,Yes,No,59,Yes,Yes,No,No internet service,No internet service,No internet service,No internet service,No internet service,No internet service,Month-to-month,No,Credit card (automatic),20.58,1217.51,No
GZPY-8633,Female,0,No,No,42,No,No phone service,No,No internet service,No internet service,No internet service,No internet service,No internet service,No internet service,Month-to-month,Yes,Electronic check,18.94,791.61,No
WXGN-9337,Female,1,Yes,No,36,Yes,No,Fiber optic,No,Yes,Yes,Yes,Yes,No,Two year,Yes,Credit card (automatic),92.63,3332.45,No
NYGO-2904,Female,0,Yes,No,31,Yes,No,DSL,No,Yes,Yes,No,No,No,One year,No,Electronic check,66.64,2071.74,No
FYUQ-3136,Male,1,No,No,51,Yes,No,No,No internet service,No internet service,No internet service,No internet service,No internet service,No internet service,Month-to-month,Yes,Bank transfer (automatic),21.1,1068.19,No
ICCK-3654,Male,0,No,No,52,Yes,No,DSL,No,No,No,Yes,No,Yes,Month-to-month,Yes,Bank transfer (automatic),53.38,2777.65,No
DLXL-3261,Female,1,No,No,55,Yes,Yes,Fiber optic,No,No,Yes,Yes,No,Yes,Month-to-month,No,Electronic check,101.6,5588.35,Yes
DXDZ-6143,Female,0,Yes,No,71,No,No phone service,No,No internet service,No internet service,No internet service,No internet service,No internet service,No internet service,Month-to-month,No,Credit card (automatic),18.71,1323.35,No
IGYM-9611,Male,0,Yes,No,1,No,No phone service,Fiber optic,Yes,Yes,Yes,No,No,No,Month-to-month,No,Bank transfer (automatic),52.93,50.83,Yes
BUAM-6138,Male,0,Yes,Yes,47,Yes,No,Fiber optic,Yes,No,No,Yes,Yes,No,Month-to-month,Yes,Electronic check,89.24,4190.71,No
HZRP-3311,Male,0,Yes,No,15,Yes,Yes,DSL,Yes,No,Yes,No,No,Yes,Two year,Yes,Bank transfer (automatic),34.9,519.69,No
UKTX-3740,Male,0,Yes,No,35,Yes,Yes,DSL,No,Yes,No,Yes,Yes,No,Month-to-month,No,Bank transfer (automatic),47.81,1670.09,No
YHAS-2460,Male,0,Yes,No,9,Yes,Yes,Fiber optic,Yes,Yes,No,No,No,No,Month-to-month,No,Electronic check,82.41,739.25,Yes
AJMV-4223,Male,0,No,No,17,Yes,Yes,Fiber optic,Yes,No,No,No,Yes,No,Two year,No,Bank transfer (automatic),103.09,1747.87,No
OMKZ-1839,Female,0,Yes,No,1,Yes,Yes,No,No internet service,No internet service,No internet service,No internet service,No internet service,No internet service,Two year,Yes,Bank transfer (automatic),23.06,14.85,No
SJKG-8154,Male,0,Yes,No,39,Yes,No,Fiber optic,No,No,Yes,No,Yes,No,One year,No,Bank transfer (automatic),62.81,2451.16,No
AGAZ-8370,Female,0,Yes,Yes,41,Yes,No,No,No internet service,No internet service,No internet service,No internet service,No internet service,No internet service,Month-to-month,No,Credit card (automatic),24.48,1004.63,No
USDD-7992,Male,1,No,No,24,Yes,No,Fiber optic,Yes,Yes,Yes,No,Yes,No,Month-to-month,Yes,Credit card (automatic),53.27,1285.37,No
AEBP-5386,Male,0,Yes,Yes,0,Yes,Yes,No,No internet service,No internet service,No internet service,No internet service,No internet service,No internet service,One year,Yes,Electronic check,21.69,0.0,Yes
BWJN-7221,Female,0,Yes,No,15,Yes,Yes,DSL,Yes,Yes,No,No,Yes,Yes,Month-to-month,Yes,Bank transfer (automatic),74.49,1115.75,No
QSJL-6885,Male,0,Yes,No,41,Yes,No,Fiber optic,Yes,Yes,No,Yes,Yes,No,One year,Yes,Credit card (automatic),107.92,4419.04,No
NVKE-1605,Female,0,Yes,No,36,Yes,No,DSL,No,Yes,No,No,No,Yes,Month-to-month,No,Electronic check,32.33,1159.61,Yes
NDCK-0560,Female,0,No,No,36,Yes,Yes,DSL,Yes,No,No,No,No,Yes,One year,Yes,Bank transfer (automatic),59.92,2160.28,No
QWKV-6778,Female,0,Yes,No,70,Yes,Yes,No,No internet service,No internet service,No internet service,No internet service,No internet service,No internet service,Two year,No,Electronic check,24.88,1734.23,No
YGYV-8115,Male,0,Yes,No,5,Yes,No,No,No internet service,No internet service,No internet service,No internet service,No internet service,No internet service,Month-to-month,No,Electronic check,19.93,95.29,No
CRPH-6758,Female,0,No,No,21,No,No phone service,DSL,No,Yes,No,No,Yes,No,Month-to-month,Yes,Bank transfer (automatic),67.17,1407.31,No
YBPZ-4824,Female,0,No,No,45,Yes,No,Fiber optic,No,Yes,No,No,Yes,Yes,Month-to-month,No,Bank transfer (automatic),90.34,4066.99,No
OXBO-5352,Male,0,Yes,Yes,39,Yes,No,DSL,Yes,No,No,Yes,Yes,No,Month-to-month,No,Credit card (automatic),52.17,2039.75,No
FWZC-4716,Female,0,Yes,Yes,53,Yes,No,Fiber optic,Yes,No,Yes,No,No,No,Month-to-month,No,Mailed check,73.65,3896.87,No
QGAD-3415,Female,0,Yes,No,45,Yes,No,Fiber optic,Yes,No,Yes,Yes,No,No,Month-to-month,No,Credit card (automatic),75.85,3408.31,Yes
FXMZ-0317,Male,0,Yes,No,35,Yes,Yes,Fiber optic,No,Yes,Yes,No,No,Yes,Two year,Yes,Bank transfer (automatic),94.6,3305.91,No
LDHB-3845,Female,1,Yes,No,40,Yes,No,Fiber optic,Yes,No,No,No,Yes,No,Month-to-month,No,Electronic check,89.63,3574.68,Yes
JOII-6168,Male,0,No,No,66,Yes,No,DSL,No,Yes,No,Yes,Yes,No,Two year,Yes,Credit card (automatic),59.25,3914.86,No
RWLG-2579,Female,0,Yes,No,22,Yes,No,No,No internet service,No internet service,No internet service,No internet service,No internet service,No internet service,Two year,Yes,Mailed check,18.79,411.17,No
HSFB-1794,Male,0,No,Yes,42,Yes,Yes,DSL,Yes,No,Yes,Yes,No,Yes,Month-to-month,No,Electronic check,65.35,2740.76,No
UKTZ-3722,Female,0,No,Yes,60,Yes,No,No,No internet service,No internet service,No internet service,No internet service,No internet service,No internet service,One year,Yes,Credit card (automatic),18.65,1113.53,No
HSLR-4256,Female,0,Yes,Yes,16,Yes,No,DSL,No,No,Yes,Yes,No,No,Month-to-month,Yes,Credit card (automatic),74.92,1191.01,No
CYZA-6368,Male,0,No,No,64,Yes,Yes,DSL,Yes,No,No,Yes,Yes,No,Month-to-month,Yes,Mailed check,34.95,2242.49,No
IAJM-3695,Female,0,No,No,2,Yes,No,Fiber optic,Yes,Yes,Yes,Yes,Yes,Yes,Month-to-month,No,Bank transfer (automatic),60.91,117.91,No
YGOS-6941,Female,0,No,Yes,29,No,No phone service,DSL,Yes,No,No,Yes,No,No,Month-to-month,No,Mailed check,52.83,1527.3,No
JCFV-6584,Female,0,Yes,No,20,Yes,No,DSL,Yes,No,No,Yes,No,Yes,Two year,Yes,Credit card (automatic),38.95,773.69,No
UXHA-2550,Male,0,No,No,15,Yes,Yes,Fiber optic,Yes,No,Yes,No,No,No,Two year,Yes,Credit card (automatic),101.51,1514.91,No
RJWQ-9405,Male,0,No,No,61,Yes,Yes,Fiber optic,Yes,Yes,Yes,Yes,No,No,Month-to-month,No,Electronic check,82.1,5005.83,No
WHLS-2024,Male,1,No,No,59,Yes,Yes,Fiber optic,No,No,No,Yes,Yes,Yes,Month-to-month,No,Electronic check,76.33,4511.33,Yes
VSDE-4870,Female,0,No,No,8,Yes,Yes,No,No internet service,No internet service,No internet service,No internet service,No internet service,No internet service,Month-to-month,Yes,Credit card (automatic),18.19,147.11,No
ROUS-6517,Male,0,No,No,65,Yes,Yes,DSL,No,No,Yes,Yes,No,No,Month-to-month,Yes,Bank transfer (automatic),62.98,4095.67,No
EVHF-9263,Female,0,No,No,25,Yes,No,DSL,No,Yes,No,Yes,Yes,No,One year,Yes,Mailed check,71.0,1770.39,No
MFPV-4079,Male,0,Yes,No,66,Yes,No,Fiber optic,Yes,No,No,No,No,Yes,One year,Yes,Electronic check,99.2,6546.39,No
BTSF-0844,Male,0,No,No,14,No,No phone service,DSL,Yes,No,No,No,No,Yes,One year,Yes,Mailed check,69.29,956.03,No
PDTM-0883,Male,1,No,No,11,Yes,No,No,No internet service,No internet service,No internet service,No internet service,No internet service,No internet service,Month-to-month,Yes,Electronic check,26.97,298.31,Yes
JJTP-6308,Male,0,No,No,18,Yes,No,DSL,Yes,No,Yes,No,Yes,No,Month-to-month,No,Electronic check,48.03,864.34,No
REDX-5613,Female,0,No,No,13,Yes,Yes,Fiber optic,Yes,Yes,Yes,No,No,No,Two year,Yes,Electronic check,90.7,1173.57,No
NDRZ-3870,Male,0,Yes,Yes,14,Yes,Yes,No,No internet service,No internet service,No internet service,No internet service,No internet service,No internet service,Month-to-month,Yes,Credit card (automatic),26.37,373.32,Yes
MHNK-8790,Female,0,Yes,Yes,10,Yes,Yes,Fiber optic,Yes,Yes,Yes,Yes,Yes,No,One year,Yes,Bank transfer (automatic),94.48,941.4,No
XLEY-8526,Male,0,Yes,No,62,Yes,No,DSL,Yes,No,No,No,Yes,Yes,Month-to-month,No,Credit card (automatic),26.43,1637.71,No
CWHU-4327,Female,0,Yes,Yes,42,No,No phone service,No,No internet service,No internet service,No internet service,No internet service,No internet service,No internet service,Month-to-month,Yes,Electronic check,19.92,836.14,Yes
KVNV-1349,Female,0,Yes,No,66,Yes,Yes,DSL,Yes,Yes,No,Yes,Yes,Yes,Two year,No,Bank transfer (automatic),59.24,3915.54,No
ESJU-4142,Male,0,Yes,Yes,42,Yes,No,DSL,Yes,No,No,Yes,No,No,Month-to-month,No,Credit card (automatic),31.87,1346.11,No
OSUY-1826,Female,0,No,No,0,Yes,No,Fiber optic,No,No,No,Yes,No,No,Two year,Yes,Credit card (automatic),94.62,0.0,No
NQPQ-7825,Female,0,No,No,3,Yes,No,Fiber optic,No,Yes,No,No,No,Yes,Month-to-month,Yes,Bank transfer (automatic),71.48,210.23,Yes
NCFW-4274,Male,0,Yes,No,24,Yes,No,Fiber optic,Yes,Yes,No,No,No,Yes,Month-to-month,Yes,Bank transfer (automatic),98.92,2368.2,No
ALOY-2126,Male,0,Yes,No,52,Yes,Yes,DSL,Yes,Yes,Yes,Yes,Yes,No,Month-to-month,Yes,Mailed check,59.52,3097.09,No
KJHB-6486,Male,0,No,No,34,Yes,No,No,No internet service,No internet service,No internet service,No internet service,No internet service,No internet service,Two year,No,Mailed check,26.28,891.57,Yes
AAFY-0243,Female,1,No,Yes,24,Yes,No,DSL,Yes,Yes,Yes,Yes,No,No,Two year,Yes,Mailed check,57.71,1383.33,No
QJDT-9326,Male,0,No,No,2,Yes,No,Fiber optic,No,Yes,Yes,Yes,No,No,Month-to-month,No,Mailed check,107.04,212.9,No
APBA-3494,Male,0,Yes,Yes,50,Yes,No,DSL,Yes,Yes,Yes,Yes,No,No,Month-to-month,Yes,Bank transfer (automatic),33.54,1688.6,No
BKPS-3955,Female,0,No,Yes,49,Yes,No,Fiber optic,Yes,No,No,No,Yes,No,One year,No,Bank transfer (automatic),74.25,3632.64,No
LBBI-1128,Male,0,Yes,Yes,12,No,No phone service,Fiber optic,No,Yes,No,No,Yes,No,Month-to-month,No,Electronic check,84.88,1020.82,Yes
PFOL-5946,Male,0,No,Yes,34,Yes,Yes,No,No internet service,No internet service,No internet service,No internet service,No internet service,No internet service,Month-to-month,Yes,Bank transfer (automatic),27.03,920.29,No
DJZS-6905,Female,0,Yes,Yes,54,Yes,No,No,No internet service,No internet service,No internet service,No internet service,No internet service,No internet service,Month-to-month,Yes,Bank transfer (automatic),28.93,1565.74,No
KRBK-7283,Male,0,No,Yes,17,Yes,Yes,DSL,No,Yes,No,Yes,No,No,Month-to-month,No,Bank transfer (automatic),54.77,939.73,No
NVQK-9923,Female,0,Yes,Yes,50,Yes,No,DSL,No,Yes,No,No,No,No,Month-to-month,Yes,Bank transfer (automatic),31.17,1562.75,No
UMQT-4399,Male,0,No,No,29,Yes,No,DSL,No,No,No,No,No,Yes,Month-to-month,Yes,Mailed check,51.38,1493.02,Yes
WXLH-2497,Female,1,Yes,No,39,Yes,No,DSL,No,Yes,No,Yes,No,No,Two year,No,Electronic check,49.82,1941.54,No
GYJG-1378,Female,0,Yes,No,29,Yes,No,DSL,No,Yes,Yes,No,No,Yes,Month-to-month,No,Bank transfer (automatic),66.08,1921.67,Yes
GEAO-8519,Male,0,No,No,57,Yes,No,No,No internet service,No internet service,No internet service,No internet service,No internet service,No internet service,Two year,Yes,Bank transfer (automatic),23.81,1350.9,No
JRZA-3919,Male,0,No,No,64,Yes,Yes,DSL,Yes,No,No,Yes,Yes,Yes,One year,Yes,Bank transfer (automatic),37.04,2376.03,No
KYBI-0655,Female,1,Yes,No,71,Yes,No,DSL,No,No,Yes,No,No,No,Month-to-month,No,Credit card (automatic),46.69,3318.66,Yes
BOAZ-7713,Female,0,Yes,No,11,Yes,No,Fiber optic,No,Yes,No,No,Yes,No,Two year,Yes,Electronic check,107.46,1180.18,Yes
MDOB-8333,Female,0,Yes,Yes,7,Yes,Yes,Fiber optic,Yes,No,Yes,No,No,Yes,Month-to-month,No,Credit card (automatic),102.26,716.92,Yes
EJLL-7320,Male,1,No,No,17,Yes,Yes,No,No internet service,No internet service,No internet service,No internet service,No internet service,No internet service,Two year,Yes,Credit card (automatic),24.28,407.08,No
RTYN-0559,Female,0,Yes,No,64,No,No phone service,DSL,Yes,Yes,No,Yes,Yes,No,Month-to-month,Yes,Credit card (automatic),53.64,3431.65,No
SJYZ-2013,Female,0,No,No,9,No,No phone service,DSL,No,Yes,No,No,Yes,No,Month-to-month,No,Electronic check,37.95,336.61,No
DRJV-5209,Male,1,No,No,36,Yes,No,No,No internet service,No internet service,No internet service,No internet service,No internet service,No internet service,Month-to-month,Yes,Mailed check,27.52,991.28,No
YDYE-6227,Male,0,No,No,28,Yes,Yes,Fiber optic,No,Yes,Yes,Yes,Yes,Yes,Two year,No,Credit card (automatic),63.86,1789.41,No
AXHS-0836,Female,0,Yes,No,45,Yes,Yes,DSL,Yes,Yes,No,No,Yes,Yes,One year,No,Bank transfer (automatic),52.13,2343.21,No
PISP-4924,Female,1,Yes,Yes,43,Yes,Yes,DSL,No,No,No,No,Yes,No,Two year,Yes,Bank transfer (automatic),33.53,1436.11,No
BDLR-2482,Female,0,No,Yes,35,Yes,Yes,Fiber optic,Yes,No,No,No,No,Yes,Month-to-month,Yes,Electronic check,56.47,1973.96,Yes
ZVDD-9946,Male,0,Yes,No,17,No,No phone service,Fiber optic,No,No,No,Yes,Yes,No,Month-to-month,No,Electronic check,47.48,799.81,Yes
NDHL-8881,Male,0,Yes,No,31,Yes,Yes,Fiber optic,Yes,No,Yes,No,No,No,One year,No,Electronic check,72.74,2260.56,No
CULQ-3487,Female,0,Yes,No,19,Yes,No,Fiber optic,Yes,No,No,No,No,Yes,Two year,No,Mailed check,72.31,1372.78,No
AMCN-2533,Male,0,No,No,33,Yes,Yes,Fiber optic,Yes,No,Yes,Yes,No,Yes,Month-to-month,Yes,Electronic check,64.08,2111.96,No
AJML-3042,Male,0,Yes,No,72,Yes,No,No,No internet service,No internet service,No internet service,No internet service,No internet service,No internet service,Two year,Yes,Credit card (automatic),28.41,2051.64,No
JUNS-4385,Male,0,No,No,40,Yes,Yes,No,No internet service,No internet service,No internet service,No internet service,No internet service,No internet service,Month-to-month,Yes,Electronic check,19.8,789.69,No
LZBQ-0084,Male,0,Yes,No,34,Yes,Yes,Fiber optic,Yes,No,Yes,No,No,Yes,One year,No,Bank transfer (automatic),68.02,2305.59,No
PNTJ-4822,Male,0,Yes,No,56,Yes,Yes,Fiber optic,No,No,Yes,No,Yes,No,Month-to-month,Yes,Bank transfer (automatic),60.84,3406.36,No
RXWR-3600,Male,0,No,No,26,Yes,No,Fiber optic,Yes,No,Yes,No,No,No,Month-to-month,No,Bank transfer (automatic),100.09,2601.61,No
HFBZ-9023,Female,0,Yes,Yes,17,Yes,Yes,DSL,Yes,Yes,No,No,No,No,Two year,Yes,Electronic check,67.17,1147.08,No
MUZS-4684,Female,1,No,No,20,Yes,Yes,Fiber optic,No,No,Yes,No,No,No,Month-to-month,Yes,Credit card (automatic),46.49,939.9,Yes
DJPK-8748,Male,0,No,No,17,Yes,Yes,No,No internet service,No internet service,No internet service,No internet service,No internet service,No internet service,Two year,Yes,Electronic check,27.01,465.52,No
KIQV-4592,Female,0,Yes,No,26,Yes,No,DSL,Yes,No,Yes,No,Yes,Yes,Month-to-month,Yes,Mailed check,49.22,1279.45,No
NCJU-6354,Female,0,No,No,27,Yes,No,Fiber optic,No,Yes,No,No,Yes,No,One year,Yes,Mailed check,96.11,2584.92,No
BMKL-0548,Female,0,No,Yes,14,Yes,Yes,Fiber optic,No,No,Yes,Yes,Yes,No,Month-to-month,Yes,Electronic check,108.19,1509.61,Yes
LGQJ-5628,Male,0,No,Yes,44,Yes,No,No,No internet service,No internet service,No internet service,No internet service,No internet service,No internet service,Month-to-month,No,Bank transfer (automatic),19.34,859.82,No
KBAZ-9869,Male,1,Yes,Yes,46,Yes,No,Fiber optic,Yes,Yes,No,Yes,No,Yes,Month-to-month,Yes,Credit card (automatic),69.76,3210.53,No
KATJ-2648,Female,0,Yes,No,35,Yes,No,No,No internet service,No internet service,No internet service,No internet service,No internet service,No internet service,One year,Yes,Mailed check,23.62,828.49,No
KCPV-9123,Female,0,No,Yes,18,Yes,No,Fiber optic,No,No,No,Yes,Yes,No,Two year,Yes,Electronic check,59.86,1075.83,Yes
PFKQ-5378,Female,0,No,Yes,44,Yes,No,Fiber optic,Yes,Yes,Yes,No,Yes,No,Month-to-month,No,Electronic check,100.92,4443.36,Yes
HXRN-9154,Female,0,No,No,56,Yes,No,DSL,Yes,No,No,Yes,No,Yes,Month-to-month,No,Electronic check,58.14,3256.77,No
FILJ-6496,Female,0,Yes,Yes,28,Yes,No,Fiber optic,Yes,No,Yes,No,Yes,No,Two year,Yes,Credit card (automatic),56.69,1590.22,No
HLAJ-6341,Female,0,Yes,No,15,Yes,Yes,Fiber optic,No,Yes,Yes,Yes,Yes,Yes,Month-to-month,Yes,Credit card (automatic),57.34,854.15,No
JUYQ-2381,Male,1,No,No,21,Yes,No,No,No internet service,No internet service,No internet service,No internet service,No internet service,No internet service,Month-to-month,Yes,Credit card (automatic),22.92,485.67,No
PGYL-9349,Female,0,Yes,Yes,71,Yes,Yes,DSL,No,Yes,Yes,Yes,Yes,No,Two year,Yes,Credit card (automatic),44.68,3175.7,No
DLWH-7215,Male,0,Yes,No,54,Yes,No,DSL,Yes,Yes,Yes,No,Yes,Yes,Two year,Yes,Bank transfer (automatic),43.92,2372.72,No
QLIP-6764,Female,1,No,No,11,Yes,No,No,No internet service,No internet service,No internet service,No internet service,No internet service,No internet service,Month-to-month,No,Credit card (automatic),19.9,213.86,No
EWGR-1641,Female,0,Yes,No,15,Yes,No,Fiber optic,No,Yes,Yes,No,No,Yes,Month-to-month,No,Bank transfer (automatic),102.11,1524.36,Yes
QYHB-1238,Female,0,Yes,No,54,Yes,Yes,Fiber optic,Yes,No,No,Yes,No,Yes,Two year,No,Credit card (automatic),65.56,3529.55,No
LVSH-5791,Male,0,Yes,No,46,Yes,No,Fiber optic,No,Yes,No,No,Yes,No,Month-to-month,No,Mailed check,59.84,2755.99,No
OXKU-9328,Male,0,Yes,No,72,Yes,Yes,Fiber optic,No,No,Yes,No,No,No,One year,Yes,Credit card (automatic),67.35,4851.31,No
ZGGV-8206,Female,0,Yes,Yes,26,Yes,No,DSL,No,No,Yes,Yes,No,Yes,Month-to-month,No,Credit card (automatic),64.05,1667.93,Yes
YVJR-7897,Male,0,No,No,10,Yes,Yes,No,No internet service,No internet service,No internet service,No internet service,No internet service,No internet service,One year,No,Credit card (automatic),18.44,179.93,No
YACS-8290,Male,0,Yes,No,14,Yes,No,Fiber optic,No,No,No,No,Yes,No,One year,Yes,Credit card (automatic),78.43,1100.67,No
CBYA-1086,Male,0,Yes,No,52,No,No phone service,DSL,Yes,Yes,No,No,No,Yes,One year,No,Bank transfer (automatic),53.8,2790.03,No
MQMM-9549,Female,0,No,No,32,Yes,No,Fiber optic,Yes,No,No,No,No,No,One year,Yes,Electronic check,68.24,2185.08,No
NKED-2764,Female,0,No,Yes,70,Yes,No,Fiber optic,No,Yes,Yes,No,Yes,Yes,Month-to-month,No,Electronic check,81.05,5672.79,Yes
LYWJ-1663,Female,1,No,No,21,Yes,Yes,Fiber optic,No,No,Yes,Yes,Yes,Yes,Month-to-month,No,Bank transfer (automatic),54.56,1154.82,No
LXDG-3721,Male,1,No,No,64,No,No phone service,DSL,Yes,Yes,Yes,No,No,No,Two year,Yes,Bank transfer (automatic),70.28,4496.64,No
JFWG-5755,Male,0,No,Yes,57,Yes,No,No,No internet service,No internet service,No internet service,No internet service,No internet service,No internet service,One year,No,Bank transfer (automatic),18.4,1040.62,No
CPRO-6501,Female,1,Yes,Yes,26,Yes,No,Fiber optic,No,Yes,Yes,No,Yes,No,Two year,Yes,Bank transfer (automatic),51.47,1337.14,No
BQSE-3178,Female,1,Yes,Yes,11,Yes,Yes,DSL,Yes,No,No,Yes,No,No,One year,No,Electronic check,37.77,419.33,No
XWZR-5348,Male,1,Yes,Yes,59,Yes,No,DSL,No,No,Yes,No,No,Yes,Month-to-month,Yes,Credit card (automatic),26.76,1569.81,No
MYTH-4813,Female,0,No,No,71,Yes,No,Fiber optic,Yes,Yes,Yes,Yes,No,No,One year,Yes,Credit card (automatic),69.43,4927.03,No
CWRS-8715,Female,0,No,Yes,32,Yes,Yes,Fiber optic,Yes,Yes,No,No,No,Yes,Month-to-month,Yes,Mailed check,95.68,3060.65,No
PNSV-4936,Female,0,No,No,65,Yes,Yes,DSL,No,No,No,Yes,No,No,One year,Yes,Mailed check,61.47,3990.55,No
KZGT-2313,Female,0,Yes,No,8,Yes,No,No,No internet service,No internet service,No internet service,No internet service,No internet service,No internet service,One year,Yes,Credit card (automatic),29.16,234.8,No
OTLU-0177,Male,1,No,No,25,Yes,Yes,Fiber optic,No,No,No,No,Yes,Yes,Month-to-month,Yes,Mailed check,58.59,1470.03,No
HEXI-3364,Female,0,No,Yes,44,Yes,No,Fiber optic,Yes,Yes,Yes,No,No,No,Month-to-month,No,Electronic check,47.19,2080.99,No
JAXD-7131,Female,0,Yes,No,54,Yes,Yes,Fiber optic,No,Yes,No,No,No,No,Month-to-month,Yes,Mailed check,91.35,4929.57,No
EZZN-7646,Male,0,No,No,51,Yes,Yes,DSL,Yes,Yes,No,Yes,Yes,Yes,One year,No,Mailed check,30.1,1533.52,No
UWTT-9370,Male,0,Yes,No,8,Yes,Yes,Fiber optic,No,No,No,No,No,Yes,Month-to-month,No,Credit card (automatic),48.28,389.55,No
ZUZB-9347,Female,0,Yes,No,6,Yes,Yes,DSL,No,No,Yes,No,Yes,No,Month-to-month,No,Mailed check,55.83,328.22,No
BBRX-2415,Female,1,No,No,56,Yes,Yes,Fiber optic,No,No,No,No,Yes,Yes,Month-to-month,Yes,Mailed check,69.81,3899.25,Yes
JFBT-1936,Male,0,Yes,Yes,56,Yes,Yes,Fiber optic,No,No,No,No,Yes,No,Two year,Yes,Credit card (automatic),106.82,5984.07,No
UZTJ-9251,Female,0,No,No,36,Yes,No,DSL,Yes,No,No,No,No,Yes,Month-to-month,Yes,Electronic check,64.94,2343.49,No
TLHR-8177,Male,0,Yes,Yes,72,Yes,Yes,No,No internet service,No internet service,No internet service,No internet service,No internet service,No internet service,Month-to-month,Yes,Mailed check,25.23,1811.91,Yes
WMZF-0163,Female,0,Yes,No,29,Yes,No,DSL,No,Yes,Yes,Yes,No,No,Month-to-month,No,Bank transfer (automatic),53.9,1562.03,No
ISTC-6191,Female,0,Yes,No,50,Yes,No,DSL,Yes,No,No,No,No,No,Two year,Yes,Credit card (automatic),40.76,2038.01,No
BNLT-7777,Female,0,No,Yes,46,Yes,Yes,No,No internet service,No internet service,No internet service,No internet service,No internet service,No internet service,Two year,Yes,Electronic check,20.17,924.67,No
WVGM-4714,Female,0,No,Yes,53,Yes,No,Fiber optic,No,No,No,Yes,No,No,Two year,No,Mailed check,57.55,3042.86,No
WIJQ-8206,Female,0,Yes,No,22,Yes,No,DSL,No,No,Yes,No,No,No,Month-to-month,Yes,Electronic check,38.93,871.63,Yes
OSHK-1313,Female,0,No,Yes,57,Yes,No,Fiber optic,Yes,Yes,Yes,No,Yes,No,Month-to-month,Yes,Electronic check,45.79,2611.86,No
QJEC-8358,Male,0,Yes,No,55,Yes,Yes,DSL,No,No,No,Yes,No,Yes,One year,No,Credit card (automatic),39.51,2169.74,No
BWSQ-8838,Male,0,Yes,Yes,30,Yes,No,Fiber optic,No,Yes,No,No,Yes,Yes,One year,Yes,Bank transfer (automatic),81.57,2439.67,Yes
WDRP-4799,Female,0,No,No,67,Yes,No,Fiber optic,No,No,No,Yes,Yes,Yes,Month-to-month,Yes,Bank transfer (automatic),94.09,6307.37,No
VLKE-3521,Male,0,No,No,61,No,No phone service,DSL,No,No,No,Yes,Yes,Yes,Month-to-month,Yes,Electronic check,53.86,3280.48,No
AYQT-5836,Male,0,Yes,No,59,Yes,No,Fiber optic,No,No,No,No,No,Yes,Month-to-month,No,Electronic check,74.67,4407.71,No
WVYK-9625,Male,0,Yes,No,36,Yes,Yes,DSL,Yes,Yes,Yes,No,No,Yes,Two year,Yes,Mailed check,63.75,2292.39,Yes
GLGV-2519,Female,0,No,No,33,Yes,No,No,No internet service,No internet service,No internet service,No internet service,No internet service,No internet service,One year,Yes,Credit card (automatic),23.25,767.76,No
AHCP-7217,Male,0,Yes,No,0,Yes,No,No,No internet service,No internet service,No internet service,No internet service,No internet service,No internet service,Two year,No,Bank transfer (automatic),20.28,0.0,No
SXRT-8011,Male,1,No,No,40,Yes,Yes,DSL,Yes,Yes,Yes,Yes,No,Yes,Two year,Yes,Electronic check,61.74,2474.41,No
IZEK-3993,Male,0,No,No,43,Yes,Yes,DSL,No,Yes,No,No,No,No,Two year,No,Electronic check,44.75,1924.63,No
WCYP-4809,Female,0,No,No,34,Yes,Yes,Fiber optic,No,Yes,Yes,No,No,No,Month-to-month,Yes,Bank transfer (automatic),64.75,2194.03,No
LXBO-7311,Female,0,No,No,26,Yes,Yes,Fiber optic,No,Yes,No,Yes,Yes,No,One year,No,Electronic check,72.03,1869.03,No
VSKN-9284,Male,0,No,No,20,Yes,Yes,No,No internet service,No internet service,No internet service,No internet service,No internet service,No internet service,Month-to-month,Yes,Electronic check,26.75,535.18,No
NGLU-1781,Female,1,Yes,Yes,71,Yes,No,Fiber optic,Yes,No,No,No,No,Yes,Month-to-month,Yes,Credit card (automatic),71.86,5108.31,No
BTMO-7446,Female,0,Yes,No,22,Yes,No,No,No internet service,No internet service,No internet service,No internet service,No internet service,No internet service,One year,Yes,Electronic check,26.78,597.64,No
LTLI-3725,Female,0,No,No,40,Yes,No,Fiber optic,Yes,Yes,Yes,No,No,No,Month-to-month,No,Electronic check,57.73,2314.05,Yes
AWKW-1439,Female,0,Yes,Yes,49,Yes,No,Fiber optic,Yes,No,Yes,No,Yes,Yes,Month-to-month,No,Electronic check,102.41,5014.68,No
MYLM-1209,Male,0,No,No,21,Yes,No,No,No internet service,No internet service,No internet service,No internet service,No internet service,No internet service,Month-to-month,No,Mailed check,26.2,561.41,Yes
USLP-3359,Female,0,Yes,No,39,Yes,Yes,Fiber optic,No,No,Yes,Yes,Yes,Yes,Two year,No,Bank transfer (automatic),90.53,3530.65,No
WWOH-2495,Male,0,Yes,No,1,Yes,No,Fiber optic,No,No,No,No,No,Yes,Month-to-month,Yes,Electronic check,47.53,52.08,No
NVLX-4400,Male,0,Yes,Yes,41,Yes,Yes,Fiber optic,Yes,No,No,No,Yes,Yes,Two year,Yes,Bank transfer (automatic),88.25,3628.64,No
VJZE-9587,Female,0,Yes,No,29,Yes,Yes,Fiber optic,No,Yes,Yes,Yes,No,Yes,Two year,No,Electronic check,46.57,1355.72,No
WWFF-0646,Female,1,No,No,43,Yes,No,DSL,Yes,Yes,No,Yes,No,No,Month-to-month,Yes,Bank transfer (automatic),70.64,3045.55,No
FHCH-6029,Female,0,No,No,9,Yes,No,Fiber optic,Yes,No,Yes,No,Yes,Yes,Month-to-month,Yes,Mailed check,68.52,617.4,No
TNYF-6424,Male,0,No,Yes,62,Yes,No,Fiber optic,Yes,No,Yes,Yes,No,No,Month-to-month,Yes,Electronic check,64.04,3983.0,No
GILY-7463,Female,1,No,No,23,Yes,Yes,DSL,No,Yes,No,Yes,Yes,No,Month-to-month,Yes,Electronic check,61.64,1419.68,No
ZOEL-3204,Female,0,No,Yes,5,No,No phone service,Fiber optic,No,Yes,No,Yes,Yes,Yes,Two year,Yes,Credit card (automatic),85.81,432.61,No
LBFE-1741,Female,0,No,No,44,Yes,No,Fiber optic,Yes,No,No,Yes,Yes,No,Month-to-month,No,Credit card (automatic),109.93,4837.62,No
PQBQ-9922,Male,0,No,Yes,17,Yes,Yes,DSL,No,Yes,Yes,No,No,No,Two year,Yes,Mailed check,49.31,847.78,No
LZAG-9684,Female,0,Yes,Yes,15,No,No phone service,Fiber optic,No,No,Yes,No,No,No,Month-to-month,Yes,Electronic check,50.17,758.83,No
DEXX-3733,Male,1,Yes,Yes,39,Yes,Yes,Fiber optic,No,Yes,No,No,No,Yes,Month-to-month,No,Electronic check,46.74,1828.22,Yes
KOXN-1300,Female,0,Yes,No,15,Yes,No,DSL,Yes,No,No,No,No,No,One year,Yes,Electronic check,67.16,1019.43,No
KXTF-4953,Female,1,Yes,No,69,Yes,No,No,No internet service,No internet service,No internet service,No internet service,No internet service,No internet service,One year,Yes,Credit card (automatic),25.27,1746.56,No
DGPA-8923,Female,0,No,No,12,Yes,No,Fiber optic,Yes,Yes,No,Yes,Yes,Yes,Month-to-month,Yes,Electronic check,73.18,881.55,No
OIUT-5090,Female,0,Yes,No,67,Yes,No,Fiber optic,Yes,No,No,No,Yes,Yes,Month-to-month,No,Mailed check,101.98,6832.22,No
PEUI-0223,Male,0,Yes,Yes,49,Yes,Yes,Fiber optic,No,No,Yes,Yes,No,No,Month-to-month,No,Credit card (automatic),109.37,5358.78,No
LGOW-9486,Male,0,Yes,No,28,Yes,Yes,DSL,Yes,No,Yes,No,No,Yes,Month-to-month,Yes,Credit card (automatic),72.36,2021.15,No
BLSW-4688,Male,0,No,Yes,57,Yes,No,No,No internet service,No internet service,No internet service,No internet service,No internet service,No internet service,Month-to-month,Yes,Electronic check,18.25,1048.58,No
CXFM-3336,Male,1,Yes,No,6,Yes,Yes,Fiber optic,Yes,Yes,No,Yes,Yes,No,Month-to-month,No,Mailed check,74.99,446.87,No
VRUU-5679,Female,0,Yes,No,4,Yes,Yes,DSL,No,No,No,Yes,No,Yes,Month-to-month,Yes,Electronic check,25.73,94.65,No
OHKU-1975,Male,0,Yes,No,39,Yes,Yes,Fiber optic,Yes,Yes,Yes,No,No,No,Month-to-month,Yes,Electronic check,56.99,2222.6,No
CTLQ-2315,Female,0,Yes,Yes,3,Yes,No,Fiber optic,No,No,No,No,No,No,Month-to-month,Yes,Electronic check,100.77,290.47,Yes
XPVJ-2835,Male,0,No,Yes,6,Yes,Yes,Fiber optic,No,No,Yes,No,No,Yes,Month-to-month,Yes,Bank transfer (automatic),46.16,275.95,Yes
DOTB-9111,Male,0,Yes,No,36,Yes,No,Fiber optic,Yes,No,No,Yes,Yes,No,Month-to-month,Yes,Electronic check,109.62,3945.76,No
HJTD-9924,Female,0,No,No,58,No,No phone service,DSL,No,No,Yes,No,Yes,Yes,Month-to-month,Yes,Electronic check,30.68,1775.03,No
DWJG-5667,Female,0,No,No,49,Yes,No,Fiber optic,Yes,No,No,Yes,No,No,One year,No,Bank transfer (automatic),73.56,3603.58,No
MAPS-2496,Female,0,No,Yes,68,Yes,Yes,Fiber optic,No,No,No,No,No,No,One year,Yes,Mailed check,58.34,3970.9,No
OZFD-5637,Male,1,Yes,No,28,Yes,No,Fiber optic,Yes,Yes,No,No,Yes,No,Month-to-month,Yes,Bank transfer (automatic),52.36,1458.62,Yes
USBQ-3120,Male,0,No,No,54,Yes,Yes,Fiber optic,Yes,No,No,Yes,Yes,No,Month-to-month,No,Electronic check,83.46,4512.78,Yes
NFDU-7352,Female,1,No,No,66,No,No phone service,DSL,No,Yes,Yes,Yes,No,Yes,One year,Yes,Mailed check,62.72,4143.04,No
HMSO-6622,Male,0,No,No,29,Yes,No,DSL,No,Yes,Yes,No,No,No,Two year,Yes,Credit card (automatic),50.32,1458.87,No
ZJPN-7214,Female,0,No,No,19,Yes,Yes,Fiber optic,No,Yes,No,Yes,Yes,No,Month-to-month,No,Mailed check,102.21,1943.63,Yes
KGHQ-1682,Female,0,Yes,Yes,66,No,No phone service,Fiber optic,Yes,No,No,No,Yes,No,Month-to-month,No,Credit card (automatic),94.78,6253.49,No
NXZS-3184,Female,0,Yes,No,60,Yes,Yes,No,No internet service,No internet service,No internet service,No internet service,No internet service,No internet service,Month-to-month,Yes,Bank transfer (automatic),27.97,1677.2,No
UDME-0995,Male,0,No,No,43,Yes,No,DSL,No,No,No,Yes,No,No,Month-to-month,Yes,Electronic check,38.85,1671.84,No
TTLM-4039,Female,0,No,No,55,Yes,No,DSL,No,Yes,No,No,No,No,Month-to-month,Yes,Electronic check,53.97,2964.07,Yes
SEZE-7024,Female,0,Yes,No,59,Yes,No,No,No internet service,No internet service,No internet service,No internet service,No internet service,No internet service,Two year,Yes,Mailed check,26.8,1584.64,No
PSFJ-2573,Female,1,Yes,No,40,No,No phone service,DSL,No,Yes,No,No,No,No,One year,No,Mailed check,40.11,1608.93,Yes
HGKT-2446,Male,0,No,Yes,39,No,No phone service,Fiber optic,No,No,No,Yes,Yes,No,Month-to-month,Yes,Credit card (automatic),78.41,3060.51,No
KQYR-8826,Male,0,No,Yes,49,No,No phone service,Fiber optic,No,Yes,Yes,No,No,No,Month-to-month,No,Electronic check,83.99,4112.8,Yes
CXHM-2460,Female,0,Yes,Yes,9,Yes,No,Fiber optic,Yes,Yes,Yes,No,Yes,No,Month-to-month,Yes,Bank transfer (automatic),107.67,969.09,No
CPAR-6625,Male,0,Yes,No,16,Yes,Yes,No,No internet service,No internet service,No internet service,No internet service,No internet service,No internet service,Month-to-month,Yes,Credit card (automatic),25.18,403.05,Yes
PFRY-7138,Male,0,No,No,14,Yes,Yes,Fiber optic,Yes,Yes,No,No,No,No,One year,Yes,Mailed check,70.33,983.1,Yes
TWEJ-5034,Male,0,No,No,52,Yes,No,DSL,Yes,Yes,No,Yes,Yes,No,One year,Yes,Bank transfer (automatic),70.74,3679.08,No
FVUS-1604,Male,0,Yes,No,72,Yes,Yes,No,No internet service,No internet service,No internet service,No internet service,No internet service,No internet service,One year,No,Credit card (automatic),25.92,1867.58,No
TGBM-7890,Male,1,Yes,Yes,50,No,No phone service,Fiber optic,No,No,No,No,Yes,Yes,Month-to-month,Yes,Bank transfer (automatic),72.0,3595.38,Yes
UTUY-2023,Male,0,Yes,Yes,65,Yes,No,No,No internet service,No internet service,No internet service,No internet service,No internet service,No internet service,Month-to-month,Yes,Mailed check,27.15,1763.6,No
MOMR-0073,Male,0,Yes,Yes,25,Yes,No,Fiber optic,Yes,No,Yes,No,No,Yes,One year,No,Bank transfer (automatic),83.04,2069.39,No
BZSH-5794,Female,0,No,No,37,Yes,No,DSL,Yes,No,No,No,No,No,Month-to-month,Yes,Electronic check,65.6,2430.34,No
SFJX-4422,Male,0,No,Yes,29,Yes,No,DSL,No,Yes,Yes,No,Yes,No,Month-to-month,No,Mailed check,34.43,999.86,No
MOHK-0385,Female,0,No,No,54,Yes,Yes,Fiber optic,No,Yes,No,No,No,Yes,Two year,Yes,Bank transfer (automatic),57.59,3108.99,No
VZMG-6587,Female,1,No,No,8,Yes,No,DSL,Yes,Yes,Yes,Yes,No,Yes,Month-to-month,Yes,Bank transfer (automatic),71.27,571.6,Yes
LXRW-0972,Male,0,No,Yes,15,Yes,No,No,No internet service,No internet service,No internet service,No internet service,No internet service,No internet service,One year,Yes,Electronic check,24.56,369.33,Yes
MIUP-6681,Female,0,Yes,No,23,Yes,No,DSL,No,No,Yes,Yes,Yes,Yes,One year,Yes,Mailed check,26.48,607.69,No
DLXE-4246,Female,0,Yes,No,19,Yes,Yes,DSL,No,No,No,No,No,Yes,Two year,No,Electronic check,65.15,1239.33,No
DHFF-5329,Female,0,Yes,No,61,Yes,No,DSL,No,No,Yes,No,Yes,Yes,Month-to-month,No,Electronic check,63.78,3896.73,Yes
VFRJ-8339,Female,1,No,No,51,Yes,No,DSL,No,Yes,No,Yes,Yes,No,Month-to-month,Yes,Electronic check,36.74,1872.91,Yes
KLXS-9661,Male,0,Yes,No,51,Yes,No,DSL,Yes,No,No,Yes,Yes,Yes,Month-to-month,Yes,Mailed check,53.25,2724.26,No
CLNT-1895,Male,0,Yes,No,42,Yes,No,DSL,Yes,Yes,No,No,Yes,No,Month-to-month,Yes,Mailed check,39.09,1641.88,No
QOAX-5965,Female,0,Yes,No,9,Yes,Yes,DSL,Yes,No,Yes,No,Yes,Yes,Month-to-month,Yes,Bank transfer (automatic),42.96,390.23,No
PBCH-3721,Female,0,No,No,65,Yes,Yes,DSL,No,No,No,No,No,No,Two year,No,Electronic check,25.81,1687.76,No
WASB-4194,Female,0,No,Yes,70,No,No phone service,Fiber optic,No,Yes,Yes,Yes,Yes,Yes,Two year,Yes,Electronic check,72.94,5106.77,No
CYJY-7496,Male,0,No,Yes,64,Yes,No,Fiber optic,Yes,Yes,No,Yes,No,Yes,Month-to-month,Yes,Credit card (automatic),96.21,6148.88,No
BSRZ-0238,Female,0,Yes,No,14,Yes,Yes,DSL,Yes,Yes,Yes,No,No,Yes,Month-to-month,Yes,Electronic check,71.09,998.39,No
BYAI-5727,Male,0,Yes,Yes,49,Yes,Yes,No,No internet service,No internet service,No internet service,No internet service,No internet service,No internet service,Month-to-month,Yes,Electronic check,25.88,1266.25,Yes
IGDV-5114,Male,0,Yes,No,40,Yes,No,DSL,Yes,No,No,Yes,No,Yes,Two year,Yes,Electronic check,29.51,1179.66,No
QEZC-2722,Female,0,No,No,59,Yes,Yes,Fiber optic,No,No,Yes,No,No,Yes,Month-to-month,No,Credit card (automatic),94.82,5590.11,No
AXMJ-9572,Female,0,Yes,No,32,Yes,Yes,No,No internet service,No internet service,No internet service,No internet service,No internet service,No internet service,Month-to-month,Yes,Mailed check,29.27,937.0,Yes
KFLR-2383,Male,1,No,No,51,Yes,Yes,Fiber optic,No,No,No,No,No,No,Month-to-month,No,Bank transfer (automatic),103.05,5257.81,No
GLHU-1744,Female,0,No,Yes,37,Yes,No,DSL,Yes,No,Yes,Yes,No,No,Month-to-month,No,Electronic check,60.17,2220.18,No
WFSN-6033,Female,0,No,Yes,63,Yes,No,No,No internet service,No internet service,No internet service,No internet service,No internet service,No internet service,One year,Yes,Mailed check,19.12,1199.28,No
VVJX-0635,Female,0,Yes,No,9,Yes,No,DSL,Yes,No,Yes,Yes,No,No,One year,Yes,Mailed check,53.12,487.89,No
ZONY-2725,Male,0,No,No,49,Yes,No,Fiber optic,No,No,No,No,Yes,Yes,Month-to-month,Yes,Mailed check,92.65,4544.12,Yes
BIMR-4536,Female,0,Yes,No,62,Yes,Yes,No,No internet service,No internet service,No internet service,No internet service,No internet service,No internet service,Month-to-month,No,Credit card (automatic),22.61,1401.47,No
GLWK-6998,Male,0,No,No,58,Yes,Yes,Fiber optic,No,No,No,Yes,No,No,Month-to-month,Yes,Electronic check,66.09,3833.22,Yes
BEJY-1268,Female,1,Yes,No,11,Yes,Yes,Fiber optic,Yes,Yes,Yes,No,No,No,Month-to-month,No,Mailed check,79.59,870.04,No
NOSZ-7735,Male,1,No,No,57,Yes,No,No,No internet service,No internet service,No internet service,No internet service,No internet service,No internet service,Two year,No,Bank transfer (automatic),21.95,1241.65,No
KLXI-1049,Male,0,No,No,8,Yes,Yes,DSL,No,Yes,No,No,No,No,Month-to-month,Yes,Credit card (automatic),29.19,232.0,Yes
CMFN-0351,Female,0,Yes,Yes,48,Yes,No,Fiber optic,No,Yes,No,No,No,No,Two year,No,Mailed check,50.36,2416.75,No
KKHD-1079,Male,0,No,No,60,Yes,Yes,Fiber optic,No,Yes,No,No,Yes,No,Month-to-month,Yes,Bank transfer (automatic),94.75,5684.27,No
QGGM-5790,Female,0,No,Yes,50,Yes,Yes,Fiber optic,No,Yes,No,No,Yes,No,Two year,No,Electronic check,74.61,3728.81,No
AMAF-6989,Female,0,No,No,44,Yes,Yes,Fiber optic,Yes,No,Yes,No,Yes,Yes,Month-to-month,No,Electronic check,53.58,2353.83,No
UAYE-5812,Female,0,Yes,Yes,66,Yes,Yes,No,No internet service,No internet service,No internet service,No internet service,No internet service,No internet service,One year,Yes,Electronic check,27.17,1803.8,No
WCRW-7811,Female,1,No,No,17,Yes,No,Fiber optic,No,No,No,Yes,Yes,Yes,Month-to-month,Yes,Bank transfer (automatic),99.4,1695.2,No
PGDE-0597,Female,1,No,No,60,Yes,No,DSL,No,No,Yes,Yes,No,Yes,Two year,Yes,Electronic check,72.33,4335.57,No
OARW-1854,Female,1,No,No,49,Yes,No,Fiber optic,Yes,No,No,Yes,No,No,Two year,No,Mailed check,101.46,4977.42,No
GZXM-8546,Male,0,No,No,13,Yes,No,No,No internet service,No internet service,No internet service,No internet service,No internet service,No internet service,Two year,No,Electronic check,23.28,299.78,No
ROHT-0283,Male,0,No,Yes,9,Yes,No,DSL,Yes,No,No,No,No,Yes,Two year,No,Electronic check,44.95,405.8,No
OZZP-2322,Female,0,No,No,5,Yes,Yes,Fiber optic,No,Yes,No,No,No,No,Two year,No,Bank transfer (automatic),109.41,544.8,No
BFMO-9593,Male,1,Yes,No,2,Yes,Yes,Fiber optic,Yes,No,No,Yes,No,Yes,Two year,Yes,Bank transfer (automatic),105.91,208.16,No
NHFL-7582,Female,0,Yes,Yes,1,Yes,Yes,No,No internet service,No internet service,No internet service,No internet service,No internet service,No internet service,Two year,No,Electronic check,19.19,19.33,No
NCRJ-5664,Female,0,Yes,Yes,0,Yes,No,Fiber optic,No,No,No,Yes,Yes,No,Month-to-month,No,Electronic check,62.98,0.0,No
VWKR-9605,Male,0,Yes,Yes,51,Yes,No,Fiber optic,Yes,No,No,Yes,No,No,One year,Yes,Mailed check,81.31,4142.71,No
XQAF-4299,Male,0,Yes,No,12,Yes,Yes,DSL,No,No,No,No,Yes,Yes,Month-to-month,Yes,Credit card (automatic),53.56,642.77,No
WGGN-5388,Female,0,Yes,No,31,Yes,No,DSL,Yes,No,No,Yes,No,No,Month-to-month,No,Electronic check,61.52,1907.86,No
WGXK-4856,Female,0,Yes,No,24,Yes,No,DSL,No,No,No,No,No,No,One year,Yes,Electronic check,28.79,690.35,No
WYWN-2556,Female,0,No,No,37,Yes,No,Fiber optic,No,No,No,No,No,No,Month-to-month,No,Credit card (automatic),55.22,2042.85,No
FDNV-2004,Female,0,Yes,Yes,4,Yes,No,DSL,No,Yes,Yes,No,Yes,No,Two year,Yes,Electronic check,64.89,262.84,Yes
KMXC-1788,Male,0,No,Yes,17,Yes,No,No,No internet service,No internet service,No internet service,No internet service,No internet service,No internet service,Month-to-month,Yes,Bank transfer (automatic),28.17,478.94,No
BHBW-7072,Male,0,No,No,9,Yes,No,No,No internet service,No internet service,No internet service,No internet service,No internet service,No internet service,One year,No,Electronic check,20.98,179.37,No
QGJS-7810,Female,0,No,No,52,Yes,Yes,DSL,No,No,Yes,Yes,Yes,No,Month-to-month,No,Bank transfer (automatic),42.45,2203.61,No
XZVZ-0288,Male,0,No,No,33,Yes,Yes,DSL,No,Yes,Yes,No,No,No,Month-to-month,No,Mailed check,35.12,1154.83,Yes
FSHF-0547,Male,1,Yes,No,29,Yes,No,Fiber optic,Yes,No,No,Yes,Yes,Yes,Month-to-month,Yes,Mailed check,105.98,3064.64,No
BLGF-0752,Male,0,Yes,No,31,Yes,Yes,No,No internet service,No internet service,No internet service,No internet service,No internet service,No internet service,One year,Yes,Bank transfer (automatic),27.92,876.79,No
UWIT-1267,Male,0,Yes,No,10,Yes,No,DSL,No,No,No,Yes,No,No,Month-to-month,No,Bank transfer (automatic),45.92,459.07,No
USAZ-0142,Female,0,No,No,29,Yes,No,DSL,No,No,No,Yes,Yes,Yes,Two year,No,Mailed check,27.78,797.24,No
MGBB-2014,Female,0,No,No,0,Yes,No,DSL,No,No,Yes,Yes,Yes,No,Two year,Yes,Credit card (automatic),37.97,0.0,No
SJFR-7324,Female,1,Yes,No,5,Yes,Yes,Fiber optic,Yes,No,Yes,No,Yes,Yes,Month-to-month,Yes,Mailed check,106.69,535.45,Yes
HYAT-5580,Male,0,Yes,No,55,Yes,Yes,Fiber optic,No,Yes,No,No,No,No,Month-to-month,Yes,Bank transfer (automatic),77.93,4279.29,No
OONE-9058,Male,0,Yes,No,66,Yes,Yes,Fiber optic,No,Yes,No,Yes,Yes,Yes,Two year,No,Bank transfer (automatic),73.79,4867.63,No
TZZY-2649,Female,0,No,No,57,Yes,Yes,Fiber optic,No,No,No,Yes,Yes,Yes,Month-to-month,No,Bank transfer (automatic),97.22,5543.68,No
QGHO-5086,Female,0,No,No,18,Yes,No,DSL,Yes,Yes,No,Yes,Yes,No,Month-to-month,Yes,Electronic check,32.14,575.84,No
VTSD-0811,Female,0,No,Yes,60,Yes,No,No,No internet service,No internet service,No internet service,No internet service,No internet service,No internet service,Two year,Yes,Electronic check,25.65,1536.18,No
CNMQ-9238,Female,0,No,No,61,Yes,Yes,Fiber optic,Yes,Yes,No,No,No,No,Month-to-month,No,Electronic check,48.54,2960.44,No
EKFA-2669,Male,0,Yes,No,70,Yes,No,Fiber optic,Yes,No,No,Yes,No,No,Month-to-month,Yes,Electronic check,83.69,5860.85,Yes
LLAI-0618,Female,0,No,Yes,34,Yes,No,Fiber optic,Yes,Yes,No,Yes,Yes,No,Two year,No,Electronic check,77.37,2624.21,No
LYYD-5125,Female,1,Yes,No,42,Yes,Yes,DSL,No,No,Yes,No,No,Yes,Month-to-month,Yes,Credit card (automatic),45.32,1901.29,No
AWRX-4672,Female,0,No,No,4,Yes,No,No,No internet service,No internet service,No internet service,No internet service,No internet service,No internet service,One year,Yes,Mailed check,18.66,68.65,No
VYDZ-6068,Male,0,Yes,Yes,45,Yes,No,Fiber optic,Yes,No,Yes,No,No,Yes,Month-to-month,Yes,Electronic check,78.61,3540.18,Yes
ZHTS-6070,Male,0,Yes,No,34,Yes,No,DSL,No,Yes,No,Yes,No,No,Two year,No,Electronic check,64.16,2182.68,No
WFZX-5483,Female,0,No,No,35,Yes,No,Fiber optic,Yes,Yes,Yes,No,No,Yes,Month-to-month,No,Bank transfer (automatic),79.22,2769.96,No
GVZV-4130,Male,1,No,No,3,Yes,Yes,DSL,No,Yes,No,No,No,No,Month-to-month,Yes,Mailed check,71.63,211.48,No
YYHT-4033,Male,0,No,No,60,Yes,No,Fiber optic,Yes,No,Yes,Yes,No,Yes,One year,No,Mailed check,49.75,2975.92,No
URRR-7151,Female,0,Yes,No,1,No,No phone service,Fiber optic,Yes,No,No,Yes,Yes,No,One year,Yes,Mailed check,92.45,90.7,No
HPQB-4585,Female,0,No,No,34,Yes,No,No,No internet service,No internet service,No internet service,No internet service,No internet service,No internet service,Month-to-month,Yes,Mailed check,25.71,876.67,No
XGAB-3073,Male,1,No,No,45,Yes,No,No,No internet service,No internet service,No internet service,No internet service,No internet service,No internet service,Month-to-month,Yes,Mailed check,26.59,1194.64,No
PGWH-8868,Female,0,No,No,3,Yes,No,DSL,No,No,Yes,No,No,No,Two year,Yes,Mailed check,34.06,102.88,No
OUZD-2598,Male,0,No,Yes,59,Yes,No,Fiber optic,No,No,Yes,No,Yes,Yes,Month-to-month,No,Bank transfer (automatic),73.49,4334.81,No
DRKS-2183,Male,0,Yes,No,47,Yes,Yes,Fiber optic,No,Yes,No,No,Yes,No,Two year,Yes,Electronic check,89.78,4221.65,No
CPNJ-5779,Male,0,Yes,No,3,No,No phone service,Fiber optic,No,Yes,No,No,Yes,Yes,Month-to-month,No,Credit card (automatic),99.31,304.23,No
VUGS-9178,Male,0,No,Yes,69,Yes,Yes,Fiber optic,No,No,Yes,No,Yes,Yes,Two year,No,Electronic check,52.85,3646.39,No
LFTV-6725,Female,0,No,No,50,Yes,No,No,No internet service,No internet service,No internet service,No internet service,No internet service,No internet service,Two year,No,Electronic check,21.95,1090.7,No
ZVZG-3517,Female,0,Yes,Yes,16,Yes,Yes,DSL,No,No,Yes,No,No,Yes,One year,Yes,Credit card (automatic),48.79,776.56,No
COYH-5917,Female,0,No,No,3,Yes,No,DSL,No,No,No,No,Yes,No,Month-to-month,Yes,Credit card (automatic),63.83,197.71,Yes
VKQV-4503,Female,0,Yes,No,56,Yes,Yes,DSL,No,No,Yes,No,No,Yes,Month-to-month,Yes,Mailed check,68.01,3804.17,No
WOUV-1793,Male,0,Yes,Yes,6,Yes,Yes,No,No internet service,No internet service,No internet service,No internet service,No internet service,No internet service,Month-to-month,Yes,Bank transfer (automatic),24.33,150.26,Yes
FCYM-7589,Male,0,No,No,47,Yes,Yes,DSL,No,No,Yes,Yes,Yes,No,Two year,Yes,Credit card (automatic),32.26,1509.5,No
IRIX-1848,Male,0,No,Yes,32,Yes,Yes,DSL,No,Yes,No,No,No,No,Month-to-month,Yes,Mailed check,62.4,1996.51,No
STAK-4665,Male,0,Yes,Yes,67,Yes,No,DSL,No,Yes,Yes,No,No,Yes,One year,Yes,Bank transfer (automatic),42.5,2851.14,No
MFOH-9833,Female,0,Yes,No,55,Yes,No,DSL,No,Yes,Yes,Yes,No,No,Month-to-month,Yes,Electronic check,52.15,2867.38,No
XOUJ-8583,Male,0,No,No,24,Yes,Yes,Fiber optic,No,No,No,No,Yes,Yes,Two year,No,Mailed check,79.82,1914.8,No
ADYM-6513,Male,0,No,No,34,Yes,Yes,Fiber optic,No,Yes,No,No,Yes,Yes,Month-to-month,Yes,Electronic check,64.92,2206.05,No
ACMR-3386,Female,0,No,No,72,Yes,Yes,Fiber optic,No,Yes,No,No,No,No,Month-to-month,No,Credit card (automatic),79.54,5721.46,No
CGHL-6780,Female,0,Yes,No,38,No,No phone service,Fiber optic,Yes,Yes,No,Yes,No,Yes,Month-to-month,No,Bank transfer (automatic),68.25,2594.31,No
ZVDQ-1930,Male,1,No,Yes,22,Yes,Yes,Fiber optic,No,No,No,Yes,No,No,One year,Yes,Electronic check,52.77,1166.66,No
OVQM-8920,Male,0,No,No,10,No,No phone service,No,No internet service,No internet service,No internet service,No internet service,No internet service,No internet service,Month-to-month,Yes,Electronic check,19.43,195.86,No
VVGG-9342,Female,0,No,Yes,21,No,No phone service,Fiber optic,Yes,Yes,No,Yes,Yes,Yes,Two year,Yes,Credit card (automatic),95.09,2003.47,No
VNGI-8436,Female,0,Yes,Yes,46,Yes,No,Fiber optic,Yes,No,No,No,No,No,Month-to-month,Yes,Credit card (automatic),85.76,3946.0,No
CTOY-4961,Female,0,No,Yes,11,Yes,No,DSL,Yes,Yes,Yes,Yes,Yes,Yes,One year,No,Mailed check,30.16,332.37,No
YEUT-7314,Male,0,No,Yes,34,Yes,No,Fiber optic,Yes,No,No,No,No,Yes,Month-to-month,Yes,Electronic check,58.26,1979.12,No
STCW-5174,Male,0,No,Yes,33,Yes,No,DSL,No,No,No,No,Yes,Yes,One year,Yes,Credit card (automatic),57.3,1890.9,No
VHKK-6212,Male,0,No,Yes,0,Yes,No,DSL,No,No,No,Yes,Yes,Yes,One year,Yes,Mailed check,70.72,0.0,No
HTHD-6590,Female,1,Yes,Yes,31,Yes,No,Fiber optic,Yes,Yes,Yes,Yes,Yes,Yes,Two year,No,Electronic check,56.91,1768.85,No
XVRE-1969,Female,0,Yes,No,3,Yes,No,Fiber optic,Yes,No,No,No,Yes,No,One year,Yes,Credit card (automatic),82.93,239.9,No
VGOP-5902,Female,0,No,No,23,Yes,Yes,Fiber optic,No,No,No,No,No,No,One year,Yes,Electronic check,47.64,1099.2,No
JPBQ-0301,Male,0,No,No,70,No,No phone service,Fiber optic,Yes,No,No,Yes,No,Yes,Two year,Yes,Bank transfer (automatic),65.66,4602.21,No
AFKD-7494,Male,0,No,No,21,Yes,No,Fiber optic,Yes,No,Yes,No,Yes,No,One year,Yes,Electronic check,97.78,2056.22,No
XZVV-2596,Female,0,Yes,No,34,Yes,No,No,No internet service,No internet service,No internet service,No internet service,No internet service,No internet service,Two year,No,Mailed check,26.27,889.78,No
RCFJ-8877,Female,0,No,No,28,Yes,Yes,No,No internet service,No internet service,No internet service,No internet service,No internet service,No internet service,One year,No,Bank transfer (automatic),24.76,688.94,No
IPKI-9845,Female,1,Yes,No,16,Yes,Yes,DSL,No,No,No,Yes,Yes,No,Two year,Yes,Credit card (automatic),37.37,603.03,No
OUMQ-3002,Male,0,Yes,Yes,27,Yes,Yes,Fiber optic,No,Yes,No,No,Yes,No,Month-to-month,Yes,Mailed check,64.66,1747.49,Yes
WOAW-9908,Male,0,Yes,Yes,46,Yes,No,Fiber optic,Yes,Yes,Yes,No,Yes,No,One year,No,Electronic check,54.38,2503.65,No
EFOI-2246,Female,0,No,Yes,40,No,No phone service,Fiber optic,Yes,Yes,Yes,No,No,No,Month-to-month,Yes,Mailed check,105.57,4215.81,No
CTNB-8981,Female,0,No,Yes,16,Yes,No,No,No internet service,No internet service,No internet service,No internet service,No internet service,No internet service,One year,No,Mailed check,28.64,458.84,No
PEAH-5991,Male,0,Yes,Yes,3,Yes,No,DSL,No,Yes,No,No,Yes,Yes,Month-to-month,No,Bank transfer (automatic),64.1,197.45,Yes
RZUG-8851,Female,0,Yes,Yes,40,No,No phone service,Fiber optic,No,No,No,Yes,No,No,Month-to-month,No,Bank transfer (automatic),58.28,2328.61,No
VQKB-2490,Female,0,No,No,5,No,No phone service,DSL,No,Yes,No,No,No,No,Month-to-month,No,Electronic check,37.26,178.9,Yes
PZMM-4432,Female,0,No,No,43,Yes,No,Fiber optic,Yes,No,No,Yes,No,Yes,Month-to-month,No,Mailed check,61.51,2646.97,Yes
GKWA-6225,Male,1,Yes,No,23,No,No phone service,DSL,No,Yes,Yes,Yes,Yes,No,Month-to-month,No,Mailed check,59.96,1377.68,No
VODE-2284,Male,1,Yes,No,53,Yes,Yes,No,No internet service,No internet service,No internet service,No internet service,No internet service,No internet service,Month-to-month,Yes,Mailed check,22.72,1199.59,No
PQIZ-5869,Male,0,No,No,71,Yes,Yes,DSL,No,Yes,No,No,Yes,No,Two year,Yes,Bank transfer (automatic),66.19,4691.8,No
JWEW-9351,Male,0,No,Yes,30,Yes,No,No,No internet service,No internet service,No internet service,No internet service,No internet service,No internet service,Month-to-month,Yes,Mailed check,29.38,882.3,No
ZCRZ-1645,Male,0,No,No,8,Yes,No,Fiber optic,No,No,No,No,Yes,No,Month-to-month,No,Mailed check,102.92,828.0,No
CJUE-3937,Male,0,No,No,52,Yes,No,Fiber optic,Yes,No,Yes,Yes,No,Yes,Two year,No,Bank transfer (automatic),94.21,4894.6,Yes
FKBR-1502,Male,1,No,No,1,Yes,No,Fiber optic,No,No,Yes,Yes,Yes,No,Two year,Yes,Bank transfer (automatic),82.8,81.55,No
QDQP-8571,Female,0,No,No,19,Yes,Yes,DSL,No,No,Yes,No,No,Yes,Month-to-month,No,Electronic check,71.46,1362.82,No
NPOV-3675,Female,0,No,No,3,Yes,Yes,No,No internet service,No internet service,No internet service,No internet service,No internet service,No internet service,Month-to-month,No,Bank transfer (automatic),21.76,60.28,No
MQHK-0819,Male,0,No,Yes,43,Yes,No,DSL,No,No,Yes,No,No,No,Month-to-month,No,Electronic check,66.76,2875.6,No
VXUN-1407,Female,0,No,No,61,Yes,Yes,Fiber optic,Yes,No,Yes,Yes,Yes,No,Two year,No,Electronic check,55.99,3424.14,No
HRVX-9762,Male,0,No,Yes,12,Yes,No,DSL,No,No,No,No,Yes,Yes,Two year,Yes,Bank transfer (automatic),66.88,804.3,No
NDAI-9919,Male,0,No,No,19,No,No phone service,Fiber optic,No,No,Yes,No,No,No,Two year,Yes,Bank transfer (automatic),79.45,1515.24,No
GHND-9049,Male,0,No,No,51,Yes,Yes,DSL,Yes,No,No,Yes,No,No,Month-to-month,Yes,Electronic check,68.3,3480.26,Yes
JVGQ-3446,Female,0,Yes,No,5,Yes,No,Fiber optic,Yes,Yes,No,Yes,No,Yes,Month-to-month,Yes,Credit card (automatic),97.69,493.45,No
DZGX-1099,Male,0,Yes,No,14,Yes,No,No,No internet service,No internet service,No internet service,No internet service,No internet service,No internet service,Two year,No,Credit card (automatic),21.61,290.68,No
AMQI-3866,Female,1,No,No,71,Yes,Yes,DSL,No,Yes,No,Yes,Yes,Yes,Month-to-month,Yes,Mailed check,49.42,3511.53,Yes
BRUO-9066,Male,0,No,No,63,Yes,No,DSL,No,Yes,No,Yes,No,No,Two year,Yes,Mailed check,64.22,4053.11,No
KXWX-2278,Female,0,Yes,No,35,Yes,Yes,Fiber optic,No,Yes,No,Yes,No,Yes,One year,No,Bank transfer (automatic),80.78,2829.95,No
JPTH-0199,Male,0,No,Yes,35,Yes,Yes,DSL,Yes,No,Yes,No,No,No,Two year,Yes,Electronic check,45.25,1581.1,No
JIRB-7445,Female,0,Yes,Yes,2,Yes,No,DSL,No,Yes,No,No,No,No,One year,Yes,Bank transfer (automatic),66.06,138.71,No
HHYJ-2820,Male,0,No,No,39,Yes,Yes,DSL,Yes,No,No,No,No,Yes,Month-to-month,No,Credit card (automatic),61.81,2414.92,No
UWCI-0557,Female,0,Yes,No,37,Yes,Yes,DSL,Yes,No,No,Yes,Yes,Yes,Month-to-month,No,Electronic check,33.01,1224.44,No
CUKZ-4762,Female,0,No,No,44,Yes,No,No,No internet service,No internet service,No internet service,No internet service,No internet service,No internet service,Month-to-month,No,Electronic check,25.54,1128.6,No
GJHU-4075,Female,0,No,No,61,Yes,No,No,No internet service,No internet service,No internet service,No internet service,No internet service,No internet service,Month-to-month,No,Mailed check,23.39,1421.2,No
FUEC-2187,Male,0,No,No,65,Yes,No,Fiber optic,No,Yes,Yes,No,Yes,Yes,Month-to-month,No,Bank transfer (automatic),104.34,6794.08,Yes
KCEJ-4756,Female,0,No,No,23,No,No phone service,Fiber optic,No,No,No,Yes,No,Yes,Month-to-month,No,Electronic check,55.12,1266.37,No
UPLQ-7340,Male,0,No,Yes,5,No,No phone service,DSL,Yes,No,No,No,No,Yes,Month-to-month,No,Mailed check,68.48,336.98,No
CRPB-0572,Male,0,No,No,1,Yes,No,Fiber optic,Yes,Yes,Yes,No,Yes,No,Month-to-month,Yes,Mailed check,91.91,92.22,Yes
AZBS-5280,Female,1,Yes,No,25,Yes,Yes,No,No internet service,No internet service,No internet service,No internet service,No internet service,No internet service,Month-to-month,No,Mailed check,23.62,591.25,No
WZXI-7400,Female,1,Yes,No,43,Yes,Yes,Fiber optic,Yes,Yes,No,No,No,No,Month-to-month,Yes,Bank transfer (automatic),79.52,3426.13,No
OHWU-9283,Female,0,Yes,No,0,Yes,Yes,DSL,No,No,Yes,No,Yes,Yes,Month-to-month,Yes,Mailed check,42.68,0.0,No
NFTY-3727,Female,0,No,Yes,1,Yes,No,DSL,No,No,Yes,No,No,No,Month-to-month,No,Credit card (automatic),35.24,31.29,No
CUQF-1205,Male,0,No,Yes,10,Yes,No,No,No internet service,No internet service,No internet service,No internet service,No internet service,No internet service,One year,Yes,Electronic check,29.03,289.12,No
EJBO-7825,Female,0,Yes,Yes,29,Yes,No,DSL,No,No,Yes,No,No,No,Month-to-month,Yes,Credit card (automatic),34.03,992.24,No
VPNJ-5749,Female,0,Yes,No,33,Yes,Yes,DSL,No,No,No,No,No,No,Two year,No,Electronic check,51.27,1699.79,No
ZMXL-2603,Male,1,No,No,60,No,No phone service,Fiber optic,No,No,No,Yes,Yes,No,Month-to-month,Yes,Mailed check,56.58,3392.2,No
EWFM-5111,Female,0,Yes,No,33,Yes,No,No,No internet service,No internet service,No internet service,No internet service,No internet service,No internet service,Two year,Yes,Electronic check,25.27,841.38,No
JMHG-0878,Male,0,Yes,No,70,Yes,No,DSL,No,Yes,No,No,Yes,No,Two year,Yes,Credit card (automatic),62.11,4341.73,No
TEEY-7959,Female,0,No,Yes,1,Yes,No,No,No internet service,No internet service,No internet service,No internet service,No internet service,No internet service,Month-to-month,Yes,Credit card (automatic),21.6,20.1,Yes
KOZQ-6833,Female,0,No,Yes,63,Yes,Yes,No,No internet service,No internet service,No internet service,No internet service,No internet service,No internet service,One year,Yes,Mailed check,24.45,1541.59,No
UPOH-4374,Female,1,No,Yes,2,Yes,No,Fiber optic,No,No,No,Yes,Yes,No,One year,No,Mailed check,77.13,159.23,Yes
XQCG-0450,Female,0,Yes,Yes,65,Yes,Yes,No,No internet service,No internet service,No internet service,No internet service,No internet service,No internet service,Two year,Yes,Electronic check,18.95,1238.29,No
WYYC-3034,Male,0,No,No,29,Yes,No,No,No internet service,No internet service,No internet service,No internet service,No internet service,No internet service,Two year,Yes,Mailed check,18.51,543.04,No
GUXG-0162,Female,0,No,Yes,34,Yes,No,DSL,Yes,No,Yes,Yes,Yes,No,Month-to-month,Yes,Electronic check,64.27,2188.47,Yes
RKLN-8977,Male,0,No,Yes,21,Yes,No,No,No internet service,No internet service,No internet service,No internet service,No internet service,No internet service,Month-to-month,Yes,Mailed check,21.47,457.22,No
CZIX-1676,Male,0,No,No,61,No,No phone service,Fiber optic,Yes,No,No,No,Yes,No,Month-to-month,Yes,Credit card (automatic),109.53,6677.38,No
IMGG-0140,Female,0,Yes,No,53,Yes,No,Fiber optic,Yes,No,No,Yes,No,Yes,One year,Yes,Credit card (automatic),95.63,5075.29,Yes
JOPW-4478,Female,0,No,Yes,59,Yes,No,No,No internet service,No internet service,No internet service,No internet service,No internet service,No internet service,Two year,No,Mailed check,24.26,1430.1,No
ZAZD-1880,Female,0,No,No,37,Yes,Yes,DSL,No,Yes,Yes,Yes,No,No,Month-to-month,Yes,Bank transfer (automatic),37.54,1386.41,No
CJXB-1148,Female,1,No,No,29,Yes,Yes,Fiber optic,No,Yes,No,No,Yes,Yes,One year,Yes,Electronic check,95.15,2759.79,Yes
WWBB-4668,Female,0,No,No,1,Yes,No,DSL,Yes,Yes,Yes,Yes,Yes,No,Month-to-month,Yes,Credit card (automatic),44.51,41.41,No
CNAI-0747,Male,1,Yes,Yes,19,Yes,Yes,No,No internet service,No internet service,No internet service,No internet service,No internet service,No internet service,Two year,No,Bank transfer (automatic),26.8,517.34,No
GIBY-9440,Male,0,Yes,Yes,43,Yes,No,DSL,No,Yes,Yes,Yes,Yes,Yes,Month-to-month,No,Mailed check,42.62,1839.3,No
FJJZ-9292,Female,0,No,No,67,Yes,Yes,DSL,Yes,Yes,No,No,Yes,No,Two year,Yes,Electronic check,67.91,4549.44,No
CMDY-7577,Female,0,No,No,8,Yes,No,DSL,Yes,Yes,Yes,Yes,No,No,One year,No,Electronic check,68.74,549.81,No
QYAB-8690,Male,0,Yes,No,13,Yes,No,Fiber optic,No,No,Yes,Yes,No,No,One year,Yes,Credit card (automatic),88.14,1148.59,No
SQEO-3783,Male,0,Yes,No,10,Yes,Yes,DSL,No,No,No,No,No,No,Month-to-month,No,Electronic check,65.77,656.69,No
OCND-2501,Female,0,No,No,9,No,No phone service,No,No internet service,No internet service,No internet service,No internet service,No internet service,No internet service,Month-to-month,No,Electronic check,19.12,171.46,Yes
HSTL-0209,Male,0,No,No,70,Yes,Yes,Fiber optic,No,No,No,Yes,No,No,Month-to-month,No,Electronic check,70.4,4926.01,No
PEQI-6789,Female,0,Yes,No,56,No,No phone service,Fiber optic,No,No,No,No,Yes,No,Month-to-month,No,Electronic check,90.45,5066.09,Yes
HCWW-6735,Male,0,Yes,Yes,5,Yes,No,No,No internet service,No internet service,No internet service,No internet service,No internet service,No internet service,Month-to-month,No,Credit card (automatic),20.36,96.9,No
RWIU-3161,Female,1,Yes,No,16,Yes,Yes,DSL,No,No,No,Yes,Yes,Yes,Month-to-month,Yes,Electronic check,30.48,482.92,No
BYBJ-2219,Female,1,Yes,No,12,Yes,No,Fiber optic,Yes,Yes,No,No,Yes,No,Month-to-month,No,Credit card (automatic),101.72,1225.05,Yes
CIKK-2460,Female,0,No,No,58,Yes,Yes,No,No internet service,No internet service,No internet service,No internet service,No internet service,No internet service,Month-to-month,No,Mailed check,28.65,1659.71,No
PQOZ-1009,Male,1,No,No,46,Yes,No,Fiber optic,Yes,Yes,Yes,No,No,No,Month-to-month,No,Bank transfer (automatic),101.56,4663.15,Yes
DJLC-0202,Male,0,No,Yes,3,Yes,No,Fiber optic,No,No,No,No,No,No,Month-to-month,Yes,Mailed check,86.77,260.26,Yes
DMNN-7228,Male,0,No,Yes,25,Yes,No,DSL,Yes,No,Yes,No,No,No,Month-to-month,No,Credit card (automatic),47.95,1203.3,No
KIFZ-3948,Male,0,No,No,31,Yes,No,DSL,No,Yes,Yes,Yes,No,Yes,Month-to-month,Yes,Electronic check,67.3,2082.81,No
AWOK-6900,Female,0,Yes,No,55,Yes,Yes,No,No internet service,No internet service,No internet service,No internet service,No internet service,No internet service,One year,Yes,Electronic check,26.99,1484.7,No
ONIW-3842,Female,0,No,No,66,Yes,No,No,No internet service,No internet service,No internet service,No internet service,No internet service,No internet service,One year,No,Bank transfer (automatic),26.89,1770.88,No
RIDG-0889,Male,1,No,Yes,10,Yes,Yes,Fiber optic,Yes,Yes,No,Yes,Yes,No,One year,No,Electronic check,66.49,665.16,No
FFNV-4039,Male,0,Yes,Yes,57,Yes,No,No,No internet service,No internet service,No internet service,No internet service,No internet service,No internet service,One year,No,Electronic check,25.35,1438.95,No
AUDH-0770,Female,0,No,No,51,Yes,Yes,Fiber optic,No,Yes,No,No,Yes,Yes,One year,No,Electronic check,82.58,4216.2,No
IYFA-6680,Female,0,No,No,28,Yes,No,DSL,No,No,Yes,No,Yes,No,Month-to-month,Yes,Bank transfer (automatic),49.4,1378.15,No
NXKH-6509,Male,0,No,No,1,Yes,No,DSL,No,Yes,Yes,No,No,No,Month-to-month,No,Electronic check,26.43,26.65,Yes
HLUD-4492,Male,0,No,No,67,Yes,No,No,No internet service,No internet service,No internet service,No internet service,No internet service,No internet service,Month-to-month,Yes,Bank transfer (automatic),26.56,1790.29,Yes
TDHE-5918,Male,0,No,No,48,Yes,Yes,No,No internet service,No internet service,No internet service,No internet service,No internet service,No internet service,Two year,Yes,Electronic check,28.05,1340.23,No
HXZE-4218,Female,0,No,Yes,20,Yes,Yes,Fiber optic,No,Yes,Yes,Yes,Yes,No,Month-to-month,Yes,Credit card (automatic),86.79,1733.53,No
OFHD-4949,Female,0,Yes,No,16,Yes,No,DSL,Yes,No,Yes,Yes,No,No,Month-to-month,No,Electronic check,34.83,562.46,No
TBVD-3927,Female,0,Yes,Yes,2,No,No phone service,No,No internet service,No internet service,No internet service,No internet service,No internet service,No internet service,Month-to-month,Yes,Electronic check,25.4,49.43,No
VYEF-8396,Female,0,Yes,Yes,41,Yes,No,Fiber optic,No,No,Yes,Yes,Yes,No,Month-to-month,Yes,Electronic check,71.57,2934.59,No
MJLJ-5553,Male,1,Yes,No,47,Yes,Yes,Fiber optic,Yes,Yes,No,No,No,Yes,Month-to-month,No,Mailed check,108.7,5110.07,No
ZFLW-1862,Female,0,Yes,No,30,Yes,No,No,No internet service,No internet service,No internet service,No internet service,No internet service,No internet service,One year,No,Electronic check,23.24,687.0,No
JJGZ-9485,Male,0,No,No,0,Yes,Yes,Fiber optic,No,No,No,No,No,No,Two year,Yes,Bank transfer (automatic),51.36,0.0,No
KGTR-3826,Female,1,No,No,68,Yes,No,Fiber optic,No,No,No,No,Yes,No,Month-to-month,No,Electronic check,57.99,3938.71,No
DSUR-9361,Male,0,Yes,No,0,Yes,No,DSL,No,Yes,No,Yes,Yes,Yes,One year,Yes,Electronic check,26.89,0.0,Yes
ZFES-4962,Male,0,No,No,35,Yes,Yes,DSL,No,No,No,No,Yes,No,One year,No,Electronic check,73.8,2577.61,No
HOWD-4931,Female,0,Yes,No,58,Yes,No,DSL,No,Yes,No,Yes,Yes,Yes,One year,Yes,Electronic check,25.38,1480.67,No
OYAH-3826,Male,0,Yes,Yes,60,No,No phone service,Fiber optic,No,No,Yes,Yes,Yes,Yes,One year,Yes,Credit card (automatic),48.99,2935.07,No
OCZL-6127,Male,0,No,Yes,3,Yes,Yes,No,No internet service,No internet service,No internet service,No internet service,No internet service,No internet service,Month-to-month,Yes,Electronic check,26.06,81.28,Yes
GKSH-8116,Female,0,Yes,No,48,Yes,Yes,Fiber optic,No,No,No,Yes,No,No,Month-to-month,Yes,Credit card (automatic),73.55,3529.46,No
KXOU-1942,Male,0,Yes,No,40,Yes,No,DSL,No,Yes,Yes,No,No,No,One year,No,Bank transfer (automatic),70.84,2826.8,No
MYPB-8109,Female,0,Yes,No,59,No,No phone service,Fiber optic,Yes,No,No,Yes,Yes,No,Month-to-month,Yes,Bank transfer (automatic),71.67,4232.03,No
VVTR-9253,Female,0,No,Yes,71,Yes,No,DSL,Yes,No,Yes,Yes,Yes,Yes,Month-to-month,No,Mailed check,41.32,2930.66,No
EYUZ-7155,Female,0,No,No,71,Yes,Yes,Fiber optic,Yes,No,No,No,No,Yes,One year,No,Electronic check,79.04,5613.3,No
EOFU-1402,Male,0,No,No,20,Yes,No,No,No internet service,No internet service,No internet service,No internet service,No internet service,No internet service,One year,No,Electronic check,28.16,560.92,No
WTXC-6172,Male,0,No,No,39,Yes,No,DSL,No,Yes,No,No,No,Yes,Month-to-month,Yes,Bank transfer (automatic),56.23,2193.05,No
VBGM-3512,Female,0,Yes,Yes,71,Yes,Yes,Fiber optic,Yes,No,No,No,No,No,Month-to-month,Yes,Electronic check,107.39,7626.38,No
OCTQ-5537,Female,1,No,No,39,Yes,Yes,DSL,No,No,No,Yes,Yes,Yes,Month-to-month,Yes,Mailed check,47.39,1847.89,No
UZND-6997,Male,0,No,No,26,Yes,Yes,DSL,Yes,No,No,Yes,No,Yes,Two year,Yes,Mailed check,49.47,1282.72,No
BQFP-1741,Female,0,No,No,41,Yes,Yes,DSL,No,No,Yes,No,No,Yes,One year,No,Bank transfer (automatic),42.44,1745.24,No
KLEB-5715,Female,0,No,No,35,Yes,Yes,DSL,No,No,No,No,Yes,Yes,One year,Yes,Electronic check,57.17,1993.4,No
FAIO-7363,Female,0,No,No,10,Yes,No,Fiber optic,Yes,No,Yes,No,Yes,Yes,Two year,No,Electronic check,50.95,518.35,No
HJRR-2354,Male,0,No,No,34,Yes,No,No,No internet service,No internet service,No internet service,No internet service,No internet service,No internet service,Month-to-month,Yes,Bank transfer (automatic),21.81,740.41,No
ZMZW-5398,Male,0,No,No,36,Yes,No,Fiber optic,Yes,No,No,No,Yes,Yes,One year,Yes,Credit card (automatic),49.78,1792.94,No
GQXT-6120,Male,0,No,No,11,Yes,No,Fiber optic,Yes,Yes,Yes,No,No,Yes,Two year,Yes,Credit card (automatic),49.35,537.88,No
BERF-5522,Female,0,No,No,49,Yes,No,Fiber optic,Yes,Yes,No,Yes,Yes,No,Month-to-month,Yes,Credit card (automatic),68.56,3359.21,No
ZWDF-7288,Female,1,No,No,24,Yes,Yes,DSL,Yes,Yes,Yes,Yes,No,Yes,Month-to-month,Yes,Electronic check,69.19,1664.84,No
CFUT-7988,Female,1,Yes,No,62,Yes,No,Fiber optic,No,No,Yes,Yes,Yes,Yes,One year,No,Electronic check,54.29,3365.47,Yes
EUPC-8026,Female,0,Yes,Yes,9,Yes,Yes,DSL,No,Yes,Yes,No,Yes,Yes,One year,Yes,Bank transfer (automatic),74.69,678.91,No
GUFT-7395,Male,1,No,No,57,Yes,Yes,DSL,No,No,Yes,Yes,No,No,Month-to-month,Yes,Bank transfer (automatic),61.8,3517.9,Yes
PELN-9522,Male,1,No,No,2,Yes,No,DSL,Yes,No,No,Yes,No,No,Month-to-month,Yes,Bank transfer (automatic),74.06,146.41,Yes
JGMA-0053,Female,0,Yes,Yes,68,Yes,Yes,DSL,No,Yes,No,No,No,No,One year,Yes,Mailed check,64.31,4376.83,No
NFNO-0331,Male,0,No,Yes,54,Yes,No,Fiber optic,Yes,Yes,Yes,No,No,No,Month-to-month,No,Electronic check,82.47,4454.5,Yes
AMPH-5314,Female,1,Yes,Yes,11,No,No phone service,Fiber optic,No,Yes,No,No,Yes,Yes,Month-to-month,Yes,Electronic check,84.06,926.79,No
YWTU-7459,Female,0,Yes,Yes,44,Yes,No,DSL,Yes,Yes,No,No,Yes,No,Month-to-month,Yes,Bank transfer (automatic),43.46,1916.07,No
VXMK-4032,Male,0,No,Yes,40,Yes,No,Fiber optic,No,Yes,Yes,No,No,No,Month-to-month,No,Electronic check,95.04,3802.73,Yes
RWPM-6794,Male,0,Yes,No,41,Yes,Yes,DSL,Yes,No,Yes,No,Yes,No,Month-to-month,No,Credit card (automatic),52.44,2153.81,No
QVVK-7918,Female,0,No,Yes,32,Yes,Yes,DSL,No,Yes,No,No,Yes,Yes,One year,No,Electronic check,73.07,2334.32,No
KVAY-7907,Female,0,Yes,Yes,69,Yes,Yes,No,No internet service,No internet service,No internet service,No internet service,No internet service,No internet service,Two year,Yes,Bank transfer (automatic),22.33,1542.36,No
MWEF-3889,Male,0,Yes,No,5,No,No phone service,DSL,Yes,No,Yes,No,No,Yes,Month-to-month,Yes,Mailed check,49.17,242.27,No
NQPI-2133,Male,0,Yes,No,1,Yes,No,No,No internet service,No internet service,No internet service,No internet service,No internet service,No internet service,Two year,Yes,Credit card (automatic),19.65,11.66,No
IDEF-3012,Male,0,No,No,25,Yes,No,Fiber optic,No,Yes,No,No,Yes,No,Month-to-month,No,Bank transfer (automatic),107.17,2682.67,Yes
TEMJ-9207,Female,0,Yes,No,47,Yes,No,DSL,Yes,No,No,Yes,No,No,Month-to-month,Yes,Electronic check,26.19,1220.57,No
XDOG-3265,Male,0,No,Yes,56,No,No phone service,Fiber optic,No,Yes,Yes,Yes,No,No,Two year,No,Bank transfer (automatic),75.66,4241.21,No
AILR-2422,Male,0,No,No,68,Yes,No,DSL,No,Yes,Yes,Yes,Yes,No,One year,No,Mailed check,72.95,4959.89,No
XNDM-9141,Male,0,No,No,45,No,No phone service,No,No internet service,No internet service,No internet service,No internet service,No internet service,No internet service,Month-to-month,Yes,Credit card (automatic),29.23,1311.07,No
JKXO-2122,Female,0,No,No,47,Yes,Yes,DSL,No,No,Yes,No,No,No,Two year,No,Electronic check,33.83,1591.95,No
ASCT-7800,Male,0,Yes,No,40,Yes,No,DSL,No,No,No,Yes,No,No,Two year,Yes,Bank transfer (automatic),45.32,1808.61,No
FQUA-7453,Male,0,Yes,No,15,Yes,No,DSL,Yes,No,Yes,No,No,Yes,Month-to-month,No,Credit card (automatic),44.54,672.78,No
MHLY-8063,Male,0,Yes,Yes,51,No,No phone service,Fiber optic,No,No,Yes,Yes,No,No,Month-to-month,Yes,Bank transfer (automatic),103.33,5269.41,No
ZXGQ-0019,Male,0,Yes,No,11,Yes,No,No,No internet service,No internet service,No internet service,No internet service,No internet service,No internet service,Two year,No,Credit card (automatic),29.21,318.74,No
RIEA-6912,Female,1,Yes,No,14,Yes,No,Fiber optic,Yes,Yes,No,Yes,No,Yes,One year,No,Electronic check,101.1,1413.05,No
DCSY-3705,Male,0,Yes,Yes,20,Yes,No,No,No internet service,No internet service,No internet service,No internet service,No internet service,No internet service,One year,Yes,Mailed check,28.41,565.02,No
QEWM-0885,Female,0,Yes,No,24,Yes,Yes,DSL,Yes,No,Yes,No,No,Yes,Month-to-month,Yes,Mailed check,44.42,1068.07,No
BRIP-3591,Male,0,Yes,No,71,Yes,No,Fiber optic,No,Yes,Yes,No,Yes,No,Month-to-month,Yes,Electronic check,60.2,4270.76,Yes
DRSR-7447,Male,0,No,No,29,Yes,No,Fiber optic,Yes,No,No,No,No,Yes,One year,Yes,Electronic check,49.47,1430.08,Yes
KXWU-6022,Male,0,No,Yes,32,Yes,Yes,Fiber optic,No,No,Yes,No,Yes,Yes,One year,No,Electronic check,83.36,2662.15,No
BFSO-3263,Male,0,No,No,65,Yes,No,Fiber optic,Yes,Yes,No,No,No,No,Month-to-month,Yes,Electronic check,94.95,6167.35,No
UNGT-5854,Male,0,No,No,32,Yes,No,DSL,No,Yes,Yes,No,No,Yes,Two year,Yes,Credit card (automatic),61.08,1948.21,No
OLQX-4429,Male,0,No,No,27,Yes,No,DSL,Yes,Yes,No,Yes,No,No,One year,No,Electronic check,37.38,1004.76,No
LBQY-4936,Female,0,No,No,40,Yes,No,Fiber optic,No,Yes,No,Yes,No,Yes,Month-to-month,No,Credit card (automatic),85.94,3444.7,Yes
MTKR-8737,Female,1,No,Yes,0,Yes,Yes,Fiber optic,Yes,No,No,No,Yes,Yes,Month-to-month,Yes,Electronic check,72.66,0.0,No
LMIO-1356,Female,0,Yes,No,62,Yes,Yes,DSL,No,No,No,Yes,No,Yes,Two year,No,Mailed check,50.96,3165.3,No
UZLJ-6372,Female,0,Yes,No,34,Yes,No,DSL,No,Yes,No,Yes,No,Yes,Month-to-month,Yes,Electronic check,30.46,1035.38,No
SEVC-9149,Female,0,Yes,No,47,Yes,Yes,DSL,Yes,Yes,No,No,Yes,Yes,Month-to-month,Yes,Bank transfer (automatic),51.54,2422.69,No
VPCG-2193,Male,1,Yes,No,38,Yes,No,Fiber optic,Yes,No,No,No,No,Yes,Month-to-month,No,Electronic check,89.35,3391.3,No
SGXC-5041,Male,0,Yes,No,19,Yes,Yes,No,No internet service,No internet service,No internet service,No internet service,No internet service,No internet service,Month-to-month,Yes,Electronic check,20.24,380.39,Yes
AWZD-4179,Male,0,Yes,No,37,Yes,Yes,Fiber optic,No,Yes,No,No,Yes,No,Month-to-month,Yes,Electronic check,72.82,2693.72,No
CWKQ-9060,Male,0,No,No,22,Yes,No,No,No internet service,No internet service,No internet service,No internet service,No internet service,No internet service,Month-to-month,No,Mailed check,21.56,467.88,No
YIXX-3348,Female,0,Yes,No,11,Yes,Yes,Fiber optic,No,Yes,Yes,No,Yes,No,Month-to-month,Yes,Electronic check,49.63,548.05,No
CTZU-6485,Female,0,Yes,No,5,Yes,No,DSL,Yes,No,No,Yes,Yes,No,One year,Yes,Electronic check,66.65,343.4,No
CVVO-9062,Male,0,Yes,Yes,6,Yes,Yes,DSL,No,Yes,Yes,Yes,Yes,No,Month-to-month,Yes,Electronic check,57.41,341.52,No
AAUN-9911,Male,0,Yes,Yes,50,Yes,No,Fiber optic,No,No,Yes,No,No,No,Two year,No,Mailed check,103.45,5169.47,No
TJOO-6796,Female,0,No,No,13,Yes,No,DSL,No,Yes,Yes,Yes,No,Yes,Two year,Yes,Electronic check,73.85,951.27,No
YGTI-8297,Female,0,No,No,15,Yes,No,Fiber optic,Yes,No,No,No,No,No,Two year,Yes,Credit card (automatic),101.4,1521.07,No
ARHH-5771,Male,1,Yes,No,22,Yes,No,Fiber optic,No,No,No,Yes,No,No,One year,Yes,Bank transfer (automatic),80.85,1780.45,No
CGCO-1511,Female,1,Yes,No,17,Yes,Yes,DSL,No,No,Yes,No,Yes,No,Two year,Yes,Credit card (automatic),43.7,742.02,No
BDNG-5431,Male,0,No,No,6,Yes,Yes,DSL,Yes,Yes,No,No,No,No,Month-to-month,No,Credit card (automatic),64.81,389.19,No
KHLR-7934,Male,0,Yes,No,67,No,No phone service,Fiber optic,Yes,Yes,Yes,Yes,No,No,Month-to-month,Yes,Electronic check,77.34,5189.76,Yes
OKAB-7021,Female,0,Yes,No,24,Yes,No,DSL,Yes,No,No,Yes,No,No,One year,Yes,Electronic check,38.82,927.48,No
ZPUT-3333,Female,0,Yes,No,32,No,No phone service,DSL,No,No,No,Yes,Yes,Yes,Two year,Yes,Electronic check,31.82,1016.63,No
VBMM-3660,Male,0,Yes,No,50,Yes,No,DSL,No,Yes,Yes,No,Yes,No,Two year,Yes,Mailed check,63.88,3193.83,No
JLYW-5154,Female,0,Yes,No,22,Yes,No,DSL,No,Yes,Yes,No,Yes,No,Month-to-month,Yes,Credit card (automatic),58.02,1278.02,No
ILQP-4280,Female,0,Yes,Yes,49,Yes,No,Fiber optic,Yes,No,No,No,No,No,Month-to-month,No,Mailed check,89.21,4369.35,No
VCQO-2197,Male,0,No,No,20,Yes,Yes,Fiber optic,No,Yes,Yes,Yes,No,No,Month-to-month,Yes,Credit card (automatic),62.99,1261.79,Yes
CKWJ-5669,Male,0,No,Yes,62,Yes,Yes,Fiber optic,No,No,Yes,No,No,No,Month-to-month,Yes,Bank transfer (automatic),85.17,5283.19,Yes
ATDU-9473,Male,1,No,No,20,Yes,Yes,No,No internet service,No internet service,No internet service,No internet service,No internet service,No internet service,Month-to-month,Yes,Mailed check,27.91,562.12,No
MQOU-0279,Female,0,No,No,26,Yes,Yes,DSL,Yes,No,Yes,No,No,Yes,Month-to-month,Yes,Credit card (automatic),43.16,1120.23,No
UWQV-7537,Male,0,No,No,25,Yes,No,Fiber optic,Yes,Yes,No,No,No,No,Month-to-month,No,Credit card (automatic),81.75,2044.87,No
OHNF-7535,Male,0,Yes,No,18,Yes,No,Fiber optic,Yes,No,No,Yes,No,No,One year,No,Mailed check,65.77,1188.02,No
IXWE-6074,Male,0,No,No,57,Yes,No,No,No internet service,No internet service,No internet service,No internet service,No internet service,No internet service,Month-to-month,Yes,Credit card (automatic),28.99,1645.07,No
WGHG-5544,Female,0,Yes,No,6,Yes,Yes,Fiber optic,No,No,No,Yes,No,No,Month-to-month,Yes,Credit card (automatic),94.71,558.56,Yes
DWCE-2749,Female,0,No,No,14,Yes,Yes,Fiber optic,No,Yes,Yes,Yes,Yes,No,Two year,No,Mailed check,65.69,918.82,No
FAKT-8403,Male,0,Yes,No,65,Yes,No,DSL,No,No,Yes,Yes,No,No,Month-to-month,No,Mailed check,73.33,4769.56,No
PVGW-7451,Female,0,Yes,Yes,65,Yes,No,Fiber optic,Yes,No,No,Yes,Yes,Yes,Month-to-month,No,Electronic check,70.17,4559.67,Yes
LZBN-2355,Female,0,No,Yes,46,No,No phone service,Fiber optic,Yes,Yes,Yes,No,No,Yes,Month-to-month,Yes,Mailed check,99.01,4551.33,No
SQCT-8973,Male,0,No,No,45,Yes,No,Fiber optic,Yes,Yes,No,Yes,No,Yes,Month-to-month,No,Mailed check,46.62,2101.5,No
WYRS-0716,Female,0,No,No,43,Yes,No,DSL,No,No,No,Yes,No,No,Month-to-month,Yes,Bank transfer (automatic),31.95,1367.62,No
WKCB-2787,Female,0,No,No,8,Yes,Yes,DSL,No,Yes,Yes,Yes,No,No,Month-to-month,Yes,Bank transfer (automatic),43.82,351.33,Yes
KBLI-5184,Male,0,No,No,70,Yes,Yes,Fiber optic,No,No,Yes,No,No,Yes,Two year,No,Credit card (automatic),90.18,6310.55,No
VQPL-1031,Female,0,Yes,No,10,Yes,Yes,Fiber optic,Yes,No,No,No,Yes,No,Month-to-month,No,Bank transfer (automatic),99.76,1010.04,Yes
MPAS-3321,Female,0,No,No,55,Yes,Yes,Fiber optic,No,No,Yes,No,No,No,Two year,No,Electronic check,75.99,4176.03,No
LXZM-1468,Female,0,No,Yes,3,Yes,Yes,DSL,Yes,Yes,Yes,No,Yes,Yes,Two year,Yes,Electronic check,50.74,158.01,No
LSAI-0716,Female,1,Yes,No,36,Yes,Yes,Fiber optic,No,No,No,No,Yes,No,Month-to-month,Yes,Credit card (automatic),71.31,2559.16,No
CFVD-7464,Female,0,No,No,33,Yes,No,No,No internet service,No internet service,No internet service,No internet service,No internet service,No internet service,Two year,No,Electronic check,25.82,856.44,No
MLDF-2555,Male,0,Yes,No,46,Yes,No,DSL,Yes,No,Yes,No,No,No,Month-to-month,Yes,Bank transfer (automatic),37.08,1708.2,No
NCHD-1673,Male,1,No,No,29,Yes,Yes,DSL,No,No,No,No,No,Yes,One year,No,Electronic check,40.09,1164.61,No
FXPE-8551,Female,0,No,Yes,45,Yes,No,Fiber optic,No,No,No,Yes,No,No,One year,No,Electronic check,107.05,4813.38,No
GIOU-4404,Male,0,Yes,No,69,Yes,No,DSL,No,No,Yes,No,No,Yes,One year,Yes,Credit card (automatic),52.24,3614.09,No
ZXCI-8533,Male,1,No,No,32,Yes,No,No,No internet service,No internet service,No internet service,No internet service,No internet service,No internet service,Month-to-month,No,Mailed check,29.97,957.64,No
KQNJ-4440,Male,0,No,No,49,Yes,No,No,No internet service,No internet service,No internet service,No internet service,No internet service,No internet service,One year,No,Mailed check,23.64,1161.45,No
PAJL-1073,Male,0,No,No,14,Yes,Yes,Fiber optic,Yes,Yes,No,No,No,Yes,Month-to-month,Yes,Bank transfer (automatic),47.56,665.34,No
FHNE-5355,Female,0,Yes,No,19,Yes,Yes,Fiber optic,Yes,No,Yes,Yes,Yes,No,Two year,Yes,Bank transfer (automatic),63.17,1196.13,No
CDVH-6327,Female,1,No,Yes,39,Yes,No,Fiber optic,Yes,Yes,No,No,Yes,Yes,One year,Yes,Electronic check,74.91,2922.24,No
PFLH-8898,Female,0,No,Yes,31,Yes,No,DSL,Yes,No,Yes,Yes,Yes,No,Month-to-month,No,Credit card (automatic),45.04,1400.25,No
ZQNC-8391,Male,0,Yes,Yes,11,Yes,No,DSL,No,No,No,No,No,Yes,Month-to-month,Yes,Mailed check,74.15,813.7,Yes
QETU-4752,Female,0,No,No,14,No,No phone service,DSL,No,No,No,No,No,No,Two year,Yes,Electronic check,40.05,569.69,No
POYH-8372,Male,0,No,No,58,Yes,No,DSL,Yes,No,No,No,No,Yes,Month-to-month,No,Electronic check,37.31,2158.44,No
UGPQ-0230,Female,0,Yes,No,59,Yes,Yes,Fiber optic,No,No,Yes,Yes,Yes,No,One year,Yes,Credit card (automatic),46.39,2733.87,No
XBEP-5550,Female,0,Yes,Yes,71,Yes,No,Fiber optic,No,No,Yes,No,Yes,No,Two year,No,Mailed check,64.22,4558.35,No
SCHV-1030,Male,0,Yes,No,3,Yes,Yes,Fiber optic,No,Yes,No,No,No,No,One year,No,Mailed check,46.35,134.5,Yes
ELKX-9177,Female,0,Yes,No,26,Yes,No,DSL,Yes,No,Yes,No,Yes,No,Month-to-month,Yes,Electronic check,48.76,1267.97,No
VXMB-6738,Male,0,Yes,No,57,Yes,No,Fiber optic,No,No,Yes,No,No,No,Month-to-month,Yes,Credit card (automatic),108.34,6179.81,No
KPFL-2330,Female,0,Yes,No,52,Yes,No,DSL,No,No,Yes,No,Yes,No,One year,Yes,Credit card (automatic),34.19,1772.29,No
NZQA-3051,Male,0,Yes,Yes,38,Yes,Yes,Fiber optic,Yes,No,No,No,Yes,No,Month-to-month,No,Mailed check,72.28,2742.74,Yes
QWVA-9851,Male,0,No,Yes,14,Yes,Yes,DSL,No,No,No,No,No,Yes,One year,Yes,Credit card (automatic),51.42,720.5,No
GSOG-8404,Male,0,No,No,18,No,No phone service,DSL,No,Yes,No,Yes,No,No,One year,No,Bank transfer (automatic),40.51,727.34,No
XHST-7765,Female,0,No,Yes,13,Yes,No,DSL,No,No,No,Yes,Yes,No,One year,Yes,Electronic check,27.38,348.75,Yes
TZIB-1022,Female,1,No,No,70,Yes,No,DSL,Yes,No,No,Yes,Yes,Yes,Month-to-month,Yes,Credit card (automatic),44.32,3110.44,No
TSJP-5875,Male,0,No,Yes,5,Yes,Yes,No,No internet service,No internet service,No internet service,No internet service,No internet service,No internet service,Month-to-month,No,Electronic check,21.46,98.34,Yes
PHXZ-5143,Male,1,Yes,No,33,No,No phone service,DSL,No,No,No,Yes,No,Yes,Month-to-month,No,Bank transfer (automatic),75.0,2468.55,No
LFBD-7023,Male,0,Yes,No,24,Yes,No,Fiber optic,Yes,No,No,No,No,Yes,Month-to-month,Yes,Credit card (automatic),102.07,2454.06,No
RLBF-5272,Female,0,No,No,40,Yes,Yes,Fiber optic,Yes,Yes,Yes,Yes,No,No,Month-to-month,Yes,Electronic check,100.72,4027.45,No
BUWA-1179,Male,0,No,No,49,Yes,No,DSL,No,No,Yes,Yes,No,Yes,One year,No,Mailed check,65.54,3220.5,No
VNMO-3342,Female,0,No,Yes,41,No,No phone service,Fiber optic,No,No,Yes,Yes,No,No,Two year,Yes,Bank transfer (automatic),81.65,3352.42,No
LTLT-6602,Female,0,No,No,66,Yes,No,Fiber optic,No,Yes,No,No,Yes,No,One year,No,Credit card (automatic),105.18,6935.22,Yes
OIVV-3982,Female,0,Yes,Yes,65,Yes,No,DSL,No,No,No,No,Yes,No,Month-to-month,Yes,Electronic check,48.37,3145.97,No
HFLB-2023,Male,0,Yes,Yes,21,Yes,No,Fiber optic,Yes,Yes,Yes,No,No,No,Month-to-month,Yes,Electronic check,109.46,2295.68,No
OVZG-2630,Female,0,No,No,27,Yes,No,Fiber optic,No,No,No,No,Yes,Yes,Month-to-month,No,Credit card (automatic),65.7,1773.94,Yes
QXJG-3059,Male,0,Yes,No,0,Yes,Yes,Fiber optic,No,No,No,Yes,Yes,No,Two year,Yes,Mailed check,85.37,0.0,No
WVVH-5169,Male,1,Yes,Yes,43,Yes,Yes,No,No internet service,No internet service,No internet service,No internet service,No internet service,No internet service,Month-to-month,Yes,Bank transfer (automatic),18.61,802.19,No
PMDK-2794,Female,0,No,No,22,Yes,Yes,DSL,No,No,No,No,No,No,Two year,No,Electronic check,37.89,835.29,No
TKTU-3239,Female,0,Yes,No,4,Yes,No,No,No internet service,No internet service,No internet service,No internet service,No internet service,No internet service,Month-to-month,No,Electronic check,24.69,105.64,No
OMMU-1648,Male,0,Yes,Yes,14,Yes,No,DSL,No,No,Yes,Yes,No,No,Two year,Yes,Bank transfer (automatic),56.13,794.37,No
VQYE-8012,Female,0,Yes,No,68,Yes,Yes,Fiber optic,Yes,Yes,No,No,No,No,One year,Yes,Electronic check,66.18,4487.96,No
EVUQ-3533,Female,1,No,No,3,Yes,No,DSL,No,Yes,No,No,Yes,No,Month-to-month,Yes,Bank transfer (automatic),38.11,119.33,No
UXUG-7551,Female,1,Yes,Yes,43,Yes,Yes,Fiber optic,Yes,No,No,Yes,Yes,No,Month-to-month,Yes,Electronic check,63.86,2754.24,No
JEQY-6159,Female,1,Yes,Yes,72,Yes,Yes,Fiber optic,Yes,Yes,No,No,Yes,No,Month-to-month,Yes,Electronic check,99.05,7132.36,No
IECK-9320,Male,0,No,Yes,32,Yes,No,Fiber optic,No,No,Yes,Yes,No,Yes,One year,Yes,Credit card (automatic),89.43,2861.48,No
ZKOG-7178,Female,0,Yes,No,59,Yes,Yes,DSL,Yes,No,No,Yes,Yes,No,Two year,Yes,Bank transfer (automatic),48.7,,No
WKAP-3657,Female,0,No,No,69,Yes,No,Fiber optic,Yes,Yes,Yes,Yes,Yes,No,Two year,No,Bank transfer (automatic),83.87,5782.99,No
FJFJ-5648,Female,0,No,No,45,Yes,Yes,Fiber optic,No,No,No,No,No,Yes,Two year,No,Bank transfer (automatic),57.43,2585.24,No
GQLY-5781,Female,1,Yes,No,26,Yes,No,No,No internet service,No internet service,No internet service,No internet service,No internet service,No internet service,One year,Yes,Bank transfer (automatic),22.68,596.35,No
BENU-9919,Female,0,No,Yes,27,Yes,Yes,DSL,No,No,Yes,No,No,No,Month-to-month,No,Electronic check,29.71,804.11,No
TIDQ-4150,Female,0,Yes,No,45,Yes,Yes,Fiber optic,Yes,No,Yes,No,No,Yes,Month-to-month,Yes,Electronic check,102.99,4632.59,No
WGDI-2447,Female,0,Yes,No,33,Yes,No,No,No internet service,No internet service,No internet service,No internet service,No internet service,No internet service,Month-to-month,Yes,Credit card (automatic),27.77,916.91,No
JJDQ-4025,Female,0,Yes,Yes,28,Yes,No,Fiber optic,Yes,No,Yes,No,Yes,No,Month-to-month,Yes,Bank transfer (automatic),71.28,1996.25,No
AZNM-2615,Female,0,Yes,Yes,54,Yes,No,Fiber optic,No,No,No,Yes,Yes,Yes,Two year,No,Bank transfer (automatic),90.81,4907.25,No
GLBK-4990,Male,0,No,No,56,Yes,Yes,No,No internet service,No internet service,No internet service,No internet service,No internet service,No internet service,Two year,Yes,Mailed check,19.62,1097.81,No
CNPQ-2343,Male,0,Yes,No,21,Yes,Yes,Fiber optic,No,Yes,No,No,Yes,No,Month-to-month,Yes,Credit card (automatic),68.4,1432.07,Yes
TYYI-4415,Female,0,Yes,Yes,14,Yes,Yes,No,No internet service,No internet service,No internet service,No internet service,No internet service,No internet service,Month-to-month,No,Electronic check,19.82,267.29,No
BJME-4346,Female,0,No,No,26,Yes,Yes,Fiber optic,Yes,No,No,Yes,No,Yes,Month-to-month,Yes,Bank transfer (automatic),81.7,2126.97,No
JBAT-6035,Male,0,Yes,No,59,Yes,No,DSL,No,Yes,No,Yes,Yes,Yes,Two year,Yes,Mailed check,26.69,1576.13,No
FAGE-5063,Male,0,No,Yes,71,Yes,Yes,No,No internet service,No internet service,No internet service,No internet service,No internet service,No internet service,Month-to-month,No,Credit card (automatic),22.58,1593.54,No
CLOT-8447,Female,0,No,No,20,Yes,Yes,DSL,No,Yes,Yes,No,No,No,Month-to-month,Yes,Mailed check,70.28,1416.11,No
OGSM-0120,Male,0,Yes,No,71,Yes,Yes,Fiber optic,No,Yes,No,Yes,Yes,Yes,Month-to-month,No,Electronic check,109.93,7806.68,No
AHMH-1714,Male,1,No,No,36,No,No phone service,Fiber optic,No,No,Yes,No,Yes,Yes,Month-to-month,Yes,Bank transfer (automatic),105.73,3807.25,Yes
AITJ-1057,Male,0,No,No,23,Yes,No,DSL,Yes,No,No,Yes,No,No,Two year,No,Credit card (automatic),29.63,681.79,No
DAAV-1418,Male,0,No,Yes,47,Yes,Yes,DSL,Yes,No,No,Yes,No,Yes,Month-to-month,No,Bank transfer (automatic),52.41,2464.65,Yes
BETQ-9829,Male,1,No,No,22,Yes,No,DSL,Yes,Yes,No,No,Yes,No,Two year,Yes,Electronic check,46.37,1017.73,No
HTKM-8417,Male,1,No,Yes,12,Yes,No,Fiber optic,Yes,No,Yes,Yes,Yes,No,One year,Yes,Electronic check,87.44,1055.6,No
TNBV-0786,Male,0,No,No,58,Yes,Yes,DSL,No,No,No,No,No,No,Month-to-month,Yes,Electronic check,68.96,3999.49,No
MYRA-6397,Male,0,Yes,Yes,4,Yes,No,No,No internet service,No internet service,No internet service,No internet service,No internet service,No internet service,Month-to-month,No,Mailed check,22.27,87.97,No
CWGZ-8390,Female,0,Yes,No,14,Yes,No,DSL,No,No,No,No,No,Yes,Month-to-month,Yes,Electronic check,42.45,593.22,Yes
GJLN-5089,Male,0,No,No,23,Yes,No,Fiber optic,No,No,Yes,Yes,No,Yes,Month-to-month,Yes,Electronic check,86.47,1982.2,Yes
HJDE-7159,Female,0,Yes,Yes,55,Yes,Yes,Fiber optic,Yes,No,Yes,No,No,Yes,One year,No,Mailed check,79.34,4361.14,No
RKXE-9213,Male,1,Yes,Yes,7,Yes,No,DSL,Yes,Yes,No,No,Yes,No,Month-to-month,Yes,Electronic check,28.87,200.51,Yes
HQJS-0196,Female,0,No,No,41,Yes,Yes,Fiber optic,No,Yes,Yes,No,No,No,Two year,Yes,Electronic check,60.51,2480.34,No
AIHA-9011,Female,1,Yes,No,6,Yes,Yes,Fiber optic,No,Yes,Yes,No,No,Yes,Two year,Yes,Electronic check,91.55,546.75,No
VQDG-8923,Female,0,No,No,23,No,No phone service,Fiber optic,No,No,Yes,No,Yes,No,Two year,Yes,Electronic check,93.8,2150.85,No
UERU-9064,Female,0,No,No,26,No,No phone service,No,No internet service,No internet service,No internet service,No internet service,No internet service,No internet service,Month-to-month,Yes,Bank transfer (automatic),26.4,694.66,No
VNIP-2071,Male,0,No,No,2,No,No phone service,DSL,No,No,No,Yes,Yes,No,One year,Yes,Credit card (automatic),45.78,85.77,No
BZDU-0275,Female,1,No,No,47,Yes,No,No,No internet service,No internet service,No internet service,No internet service,No internet service,No internet service,Month-to-month,No,Electronic check,28.54,1341.1,Yes
SNWV-4772,Male,0,No,No,21,No,No phone service,DSL,No,No,Yes,No,No,Yes,Month-to-month,Yes,Electronic check,51.96,1089.17,No
XZYM-9277,Female,0,No,No,39,Yes,No,DSL,No,Yes,No,No,No,Yes,Month-to-month,Yes,Mailed check,26.06,1012.01,No
LGHQ-2566,Male,0,Yes,No,47,Yes,Yes,No,No internet service,No internet service,No internet service,No internet service,No internet service,No internet service,Two year,Yes,Bank transfer (automatic),23.5,1105.31,No
FLLD-4801,Female,0,No,No,48,Yes,No,Fiber optic,No,No,No,Yes,No,No,Month-to-month,Yes,Electronic check,91.2,4371.72,Yes
EUWX-9554,Male,0,No,No,28,Yes,No,Fiber optic,No,No,Yes,No,No,Yes,Month-to-month,No,Credit card (automatic),98.75,2760.21,No
EHUV-2482,Male,0,No,Yes,16,Yes,No,Fiber optic,No,Yes,No,No,No,Yes,Month-to-month,No,Mailed check,53.86,867.98,No
PHOK-6347,Female,0,Yes,No,6,Yes,No,No,No internet service,No internet service,No internet service,No internet service,No internet service,No internet service,One year,No,Bank transfer (automatic),25.81,156.77,No
JWZJ-1778,Male,0,No,Yes,42,Yes,No,Fiber optic,Yes,No,No,No,Yes,No,Month-to-month,No,Electronic check,107.92,4538.97,No
BNTB-3264,Male,1,No,No,34,No,No phone service,Fiber optic,No,No,No,No,No,No,Month-to-month,Yes,Electronic check,59.26,2014.13,Yes
POGR-3541,Female,0,Yes,No,39,Yes,No,Fiber optic,Yes,Yes,No,Yes,Yes,No,Month-to-month,Yes,Credit card (automatic),48.98,1908.52,Yes
WBNI-6254,Male,0,No,No,66,No,No phone service,Fiber optic,Yes,Yes,Yes,No,Yes,No,Month-to-month,No,Bank transfer (automatic),51.18,3374.25,No
ICRB-3082,Female,0,Yes,No,5,Yes,No,Fiber optic,No,Yes,No,No,No,Yes,Month-to-month,No,Credit card (automatic),105.13,521.72,Yes
NMER-7246,Female,1,No,No,1,Yes,No,Fiber optic,No,No,No,No,Yes,Yes,Month-to-month,No,Electronic check,51.27,44.97,Yes
BSXP-9729,Male,0,No,No,38,Yes,No,No,No internet service,No internet service,No internet service,No internet service,No internet service,No internet service,Month-to-month,No,Electronic check,24.4,923.1,Yes
LWBY-7886,Female,0,No,No,32,Yes,No,No,No internet service,No internet service,No internet service,No internet service,No internet service,No internet service,Month-to-month,No,Bank transfer (automatic),25.29,808.13,Yes
TLEW-4974,Female,0,No,Yes,22,Yes,No,Fiber optic,No,Yes,Yes,No,No,No,One year,No,Bank transfer (automatic),90.9,2009.74,No
EEDW-1932,Male,0,No,No,32,No,No phone service,Fiber optic,No,No,Yes,No,No,No,Two year,No,Credit card (automatic),92.01,2942.17,No
JMXW-2339,Male,0,Yes,No,29,No,No phone service,Fiber optic,Yes,Yes,Yes,No,Yes,No,Two year,No,Electronic check,45.34,1317.49,No
WXTX-0863,Male,0,Yes,No,8,Yes,No,DSL,No,No,Yes,No,No,No,Two year,No,Bank transfer (automatic),36.68,289.75,No
XLJB-7956,Female,0,Yes,No,70,No,No phone service,DSL,Yes,No,No,No,No,No,Month-to-month,No,Electronic check,52.28,3664.01,No
WBNK-1353,Female,0,No,No,61,Yes,Yes,No,No internet service,No internet service,No internet service,No internet service,No internet service,No internet service,Month-to-month,No,Bank transfer (automatic),29.6,1802.69,No
VEFI-5574,Male,0,No,No,71,Yes,Yes,No,No internet service,No internet service,No internet service,No internet service,No internet service,No internet service,Month-to-month,Yes,Bank transfer (automatic),27.62,1964.5,No
UJAV-0798,Male,0,Yes,No,70,Yes,No,No,No internet service,No internet service,No internet service,No internet service,No internet service,No internet service,Two year,No,Mailed check,22.66,1578.68,No
FNYB-8320,Male,0,No,No,24,Yes,No,DSL,No,No,Yes,No,No,No,Month-to-month,Yes,Bank transfer (automatic),47.2,1131.56,No
AXBQ-1238,Male,0,No,Yes,46,Yes,Yes,No,No internet service,No internet service,No internet service,No internet service,No internet service,No internet service,Two year,No,Bank transfer (automatic),27.42,1256.68,No
WLUE-5055,Male,1,No,No,50,Yes,No,Fiber optic,Yes,Yes,No,Yes,No,No,One year,No,Electronic check,55.05,2745.8,No
NKEZ-8994,Male,0,No,Yes,27,Yes,Yes,Fiber optic,Yes,Yes,Yes,Yes,No,Yes,Month-to-month,No,Bank transfer (automatic),104.73,2831.24,Yes
YZOG-2896,Male,0,No,No,35,Yes,No,Fiber optic,No,Yes,Yes,No,No,No,One year,No,Bank transfer (automatic),52.65,1837.4,No
DYVY-3918,Male,0,No,No,60,Yes,Yes,DSL,Yes,No,No,No,No,Yes,Month-to-month,No,Mailed check,63.38,3809.98,Yes
ZTPB-6644,Male,0,Yes,Yes,66,Yes,No,DSL,Yes,No,Yes,Yes,No,Yes,One year,Yes,Electronic check,56.81,3751.95,No
XVQK-3044,Male,0,Yes,Yes,32,No,No phone service,No,No internet service,No internet service,No internet service,No internet service,No internet service,No internet service,Month-to-month,Yes,Bank transfer (automatic),29.84,957.63,Yes
DYXJ-2454,Female,0,No,Yes,61,Yes,Yes,DSL,No,No,Yes,Yes,Yes,Yes,Month-to-month,No,Mailed check,50.66,3093.71,No
HEHJ-9243,Female,0,No,No,25,Yes,No,DSL,Yes,No,No,No,No,No,Month-to-month,Yes,Bank transfer (automatic),59.42,1489.98,No
FCZD-3451,Female,0,No,No,63,Yes,Yes,DSL,Yes,No,Yes,Yes,Yes,No,Month-to-month,Yes,Bank transfer (automatic),66.74,4202.26,Yes
ZLXT-6691,Male,0,Yes,No,54,Yes,Yes,Fiber optic,No,No,Yes,No,No,No,Two year,No,Electronic check,92.0,4960.88,No
NOWA-1476,Male,0,No,Yes,5,Yes,Yes,No,No internet service,No internet service,No internet service,No internet service,No internet service,No internet service,Month-to-month,Yes,Credit card (automatic),24.51,127.11,Yes
CZYL-4263,Female,0,Yes,Yes,66,Yes,Yes,No,No internet service,No internet service,No internet service,No internet service,No internet service,No internet service,Two year,No,Mailed check,19.24,1268.77,No
QUHO-3678,Female,0,Yes,No,13,Yes,No,DSL,No,Yes,No,Yes,No,No,Month-to-month,Yes,Electronic check,45.77,585.37,No
KYUV-6918,Female,0,Yes,Yes,48,Yes,No,DSL,No,No,Yes,No,No,No,Month-to-month,Yes,Mailed check,35.36,1694.15,No
PAVF-6155,Male,0,Yes,No,49,No,No phone service,DSL,No,No,No,Yes,Yes,Yes,Two year,Yes,Electronic check,72.62,3555.11,No
INXU-6646,Male,0,No,No,16,Yes,Yes,No,No internet service,No internet service,No internet service,No internet service,No internet service,No internet service,Month-to-month,Yes,Electronic check,19.68,316.3,Yes
CWMV-5116,Female,0,Yes,No,54,Yes,Yes,Fiber optic,No,Yes,No,No,Yes,No,Month-to-month,Yes,Mailed check,83.39,4504.76,No
QYCV-2896,Male,0,No,No,59,Yes,No,No,No internet service,No internet service,No internet service,No internet service,No internet service,No internet service,Two year,No,Credit card (automatic),23.47,1382.46,No
ADUW-6404,Female,0,No,No,45,Yes,Yes,DSL,Yes,Yes,No,No,Yes,Yes,Two year,Yes,Credit card (automatic),66.38,2985.48,No
EDVO-7947,Female,1,Yes,No,62,Yes,No,DSL,Yes,No,No,Yes,No,No,Two year,Yes,Mailed check,70.98,4406.48,No
UMSH-3225,Female,0,Yes,No,47,Yes,No,DSL,Yes,Yes,Yes,No,No,Yes,Month-to-month,No,Electronic check,61.01,2868.07,Yes
HJUQ-0251,Male,0,No,No,61,Yes,Yes,DSL,Yes,No,Yes,Yes,No,No,Month-to-month,Yes,Electronic check,56.5,3449.58,No
QGNN-1710,Female,0,Yes,Yes,15,Yes,No,Fiber optic,No,Yes,Yes,Yes,No,No,Month-to-month,Yes,Credit card (automatic),93.96,1416.58,Yes
JRPB-6024,Male,1,Yes,No,64,Yes,Yes,Fiber optic,Yes,No,Yes,Yes,No,Yes,Two year,No,Electronic check,75.3,4824.07,No
WFXQ-6865,Female,0,Yes,No,47,Yes,Yes,No,No internet service,No internet service,No internet service,No internet service,No internet service,No internet service,Month-to-month,Yes,Mailed check,18.08,843.56,No
PIDZ-5592,Female,0,No,No,53,No,No phone service,No,No internet service,No internet service,No internet service,No internet service,No internet service,No internet service,Month-to-month,No,Mailed check,26.88,1422.67,No
WQKX-7783,Male,0,No,Yes,61,Yes,Yes,DSL,Yes,No,No,Yes,No,Yes,Month-to-month,Yes,Electronic check,25.6,1555.48,No
OPVK-6157,Male,0,No,Yes,5,Yes,Yes,No,No internet service,No internet service,No internet service,No internet service,No internet service,No internet service,One year,Yes,Credit card (automatic),28.25,142.27,No
DEXC-5035,Female,1,No,No,32,Yes,No,DSL,No,No,No,No,No,Yes,Two year,Yes,Bank transfer (automatic),36.36,1159.43,No
CQVN-2766,Male,0,No,No,70,Yes,Yes,DSL,No,No,No,Yes,Yes,Yes,One year,No,Bank transfer (automatic),48.49,3395.57,No
MXWU-9777,Female,0,No,Yes,71,Yes,No,Fiber optic,Yes,Yes,No,Yes,Yes,Yes,Two year,Yes,Mailed check,56.62,4018.6,No
LOJV-1790,Female,0,Yes,No,41,Yes,No,DSL,Yes,No,No,Yes,No,No,Two year,Yes,Electronic check,39.45,1623.33,No
YYVJ-5530,Male,0,No,No,29,Yes,Yes,DSL,No,No,No,No,No,No,One year,No,Mailed check,70.9,2060.85,Yes
QAEO-6005,Female,0,No,No,6,Yes,No,Fiber optic,Yes,No,Yes,No,No,No,One year,No,Electronic check,68.6,415.24,No
KBRL-6871,Female,0,No,No,39,Yes,No,DSL,No,Yes,No,Yes,No,Yes,Month-to-month,No,Bank transfer (automatic),36.87,1432.06,No
PWUJ-3933,Female,0,No,No,60,Yes,No,No,No internet service,No internet service,No internet service,No internet service,No internet service,No internet service,Two year,No,Credit card (automatic),21.68,1301.89,No
IGGT-8793,Female,0,Yes,No,13,Yes,Yes,DSL,No,No,No,No,No,No,Month-to-month,Yes,Mailed check,62.26,805.13,No
MFDQ-4920,Female,0,No,No,60,Yes,No,Fiber optic,Yes,No,Yes,Yes,No,No,One year,Yes,Mailed check,53.71,3224.46,No
RBHP-3239,Female,0,No,No,63,Yes,No,Fiber optic,No,No,No,No,No,Yes,One year,Yes,Credit card (automatic),48.48,3053.43,No
QQUG-8642,Female,0,No,Yes,54,Yes,No,Fiber optic,Yes,Yes,No,Yes,No,Yes,One year,No,Electronic check,58.57,3168.62,No
XLWD-0271,Male,0,No,No,66,Yes,No,DSL,No,No,No,Yes,No,No,Month-to-month,Yes,Electronic check,70.35,4647.36,No
YNDP-6967,Male,0,No,No,43,Yes,Yes,DSL,Yes,Yes,Yes,No,Yes,No,Two year,Yes,Mailed check,30.55,1312.82,No
WKTM-6496,Female,0,No,No,57,Yes,Yes,DSL,No,No,No,Yes,No,No,Month-to-month,No,Mailed check,41.88,2390.91,No
SZGW-1768,Female,0,No,No,33,Yes,Yes,Fiber optic,No,No,No,No,Yes,No,Month-to-month,Yes,Credit card (automatic),98.53,3245.63,No
LDYA-4963,Male,0,No,No,56,Yes,No,Fiber optic,Yes,No,No,Yes,No,No,One year,No,Electronic check,46.27,2588.56,No
GYMN-4414,Female,0,Yes,Yes,28,Yes,Yes,Fiber optic,No,No,Yes,Yes,No,No,One year,Yes,Bank transfer (automatic),84.3,2365.47,No
HTBH-3464,Male,0,No,No,36,Yes,No,DSL,Yes,Yes,Yes,Yes,Yes,No,Two year,No,Bank transfer (automatic),60.04,2158.85,No
MOJD-6393,Male,0,Yes,No,67,Yes,Yes,Fiber optic,Yes,No,No,No,No,Yes,Two year,No,Electronic check,94.5,6331.57,No
BEHD-1852,Male,0,No,No,61,Yes,No,No,No internet service,No internet service,No internet service,No internet service,No internet service,No internet service,One year,No,Bank transfer (automatic),26.71,1624.41,No
NJKE-5848,Female,0,No,No,0,Yes,Yes,No,No internet service,No internet service,No internet service,No internet service,No internet service,No internet service,Month-to-month,Yes,Bank transfer (automatic),18.42,0.0,No
QLOJ-3011,Female,0,No,Yes,71,Yes,No,Fiber optic,Yes,Yes,Yes,No,No,Yes,Month-to-month,No,Mailed check,77.18,5481.92,No
JKUA-9250,Male,0,Yes,No,51,Yes,No,Fiber optic,No,Yes,Yes,Yes,No,No,Two year,No,Electronic check,46.42,2367.33,No
LKQC-8152,Male,0,Yes,Yes,56,Yes,No,No,No internet service,No internet service,No internet service,No internet service,No internet service,No internet service,One year,Yes,Mailed check,27.85,1559.9,No
FKKG-6123,Female,0,No,No,56,Yes,No,DSL,No,No,No,No,No,No,Two year,No,Mailed check,68.14,3810.88,No
HUAI-0162,Female,0,No,No,65,Yes,No,No,No internet service,No internet service,No internet service,No internet service,No internet service,No internet service,Month-to-month,Yes,Mailed check,27.95,1821.47,No
VPHE-0921,Male,0,No,No,60,Yes,Yes,Fiber optic,No,No,Yes,No,Yes,No,Month-to-month,No,Bank transfer (automatic),109.48,6574.65,No
VEGR-5454,Male,0,No,No,51,Yes,No,DSL,No,No,No,No,No,No,Month-to-month,No,Bank transfer (automatic),36.75,1874.63,Yes
GEGQ-8580,Male,0,No,No,48,Yes,No,Fiber optic,No,No,No,Yes,Yes,Yes,Two year,Yes,Credit card (automatic),70.75,3392.05,No
BWTM-9043,Female,0,No,No,22,No,No phone service,Fiber optic,Yes,No,No,Yes,Yes,No,Two year,No,Electronic check,96.02,2105.74,No
FWSF-1939,Female,0,No,No,68,Yes,No,No,No internet service,No internet service,No internet service,No internet service,No internet service,No internet service,Month-to-month,Yes,Mailed check,22.95,1554.9,No
IMGR-5377,Male,0,Yes,Yes,20,Yes,No,DSL,No,No,Yes,No,No,No,Month-to-month,No,Bank transfer (automatic),72.97,1467.59,No
PAXJ-6024,Female,0,Yes,Yes,57,Yes,Yes,Fiber optic,Yes,No,No,No,No,Yes,Month-to-month,No,Mailed check,67.51,3844.91,No
SCAH-8400,Female,0,Yes,No,8,Yes,No,No,No internet service,No internet service,No internet service,No internet service,No internet service,No internet service,Two year,Yes,Bank transfer (automatic),27.69,225.23,No
YNQI-2234,Male,0,No,No,70,Yes,No,No,No internet service,No internet service,No internet service,No internet service,No internet service,No internet service,Month-to-month,Yes,Bank transfer (automatic),23.25,1628.3,No
FNFZ-8083,Female,0,Yes,No,57,Yes,No,Fiber optic,No,Yes,No,No,No,Yes,Month-to-month,Yes,Credit card (automatic),91.09,5193.78,No
WOVY-1168,Female,0,No,No,47,Yes,No,Fiber optic,Yes,No,No,No,No,No,One year,Yes,Bank transfer (automatic),107.7,5070.19,No
EWKX-7396,Male,0,No,Yes,60,Yes,Yes,DSL,No,No,Yes,No,No,No,One year,No,Mailed check,65.67,3935.8,No
ATLM-4965,Male,0,No,No,36,Yes,Yes,No,No internet service,No internet service,No internet service,No internet service,No internet service,No internet service,Two year,No,Electronic check,26.57,960.85,Yes
TOSK-5942,Female,0,No,No,4,Yes,Yes,No,No internet service,No internet service,No internet service,No internet service,No internet service,No internet service,One year,Yes,Electronic check,28.02,112.25,No
PDRI-6927,Female,0,No,No,32,Yes,Yes,No,No internet service,No internet service,No internet service,No internet service,No internet service,No internet service,Month-to-month,Yes,Bank transfer (automatic),27.93,894.72,No
XKQU-4210,Male,0,Yes,No,64,Yes,Yes,DSL,Yes,No,Yes,Yes,No,No,Month-to-month,Yes,Bank transfer (automatic),60.77,3885.75,No
DKZR-4910,Female,0,Yes,No,6,Yes,No,No,No internet service,No internet service,No internet service,No internet service,No internet service,No internet service,Two year,Yes,Credit card (automatic),26.68,156.09,No
JJZJ-8193,Male,0,Yes,No,41,Yes,Yes,Fiber optic,No,No,No,No,No,Yes,One year,No,Electronic check,47.34,1948.0,Yes
CAXR-7053,Male,0,Yes,No,59,Yes,No,Fiber optic,Yes,Yes,No,No,No,No,Two year,No,Mailed check,61.19,3611.96,No
CQZP-0652,Male,0,No,No,3,Yes,Yes,No,No internet service,No internet service,No internet service,No internet service,No internet service,No internet service,Two year,Yes,Mailed check,19.25,54.6,No
LBJS-7664,Female,1,No,Yes,3,Yes,No,DSL,No,Yes,Yes,Yes,No,No,One year,No,Mailed check,31.34,90.18,No
LJSQ-0536,Male,1,Yes,Yes,17,Yes,No,DSL,Yes,Yes,No,No,No,No,One year,No,Bank transfer (automatic),74.94,1271.76,No
JJZQ-5601,Female,0,No,Yes,49,Yes,No,Fiber optic,Yes,No,Yes,No,No,Yes,Month-to-month,Yes,Bank transfer (automatic),83.65,4104.48,Yes
IYVD-6423,Male,0,No,No,12,No,No phone service,Fiber optic,No,No,Yes,No,Yes,Yes,One year,Yes,Electronic check,74.7,908.11,No
RVCW-3708,Male,0,No,No,30,Yes,Yes,DSL,No,No,Yes,Yes,No,No,Two year,No,Bank transfer (automatic),27.91,844.37,No
SCOU-9023,Female,1,Yes,Yes,41,Yes,No,Fiber optic,No,No,Yes,No,Yes,No,Month-to-month,No,Bank transfer (automatic),47.46,1939.18,Yes
NRLF-9302,Male,0,No,No,69,Yes,Yes,Fiber optic,No,Yes,No,No,Yes,No,Two year,Yes,Bank transfer (automatic),58.46,4030.3,No
GCVO-5019,Male,0,No,No,10,Yes,Yes,No,No internet service,No internet service,No internet service,No internet service,No internet service,No internet service,Month-to-month,Yes,Credit card (automatic),25.14,257.81,No
KFRO-1375,Female,0,No,No,20,No,No phone service,DSL,No,No,Yes,Yes,Yes,No,One year,No,Mailed check,70.84,1421.97,No
NXOT-2661,Female,0,Yes,Yes,25,Yes,Yes,DSL,No,No,Yes,Yes,No,No,Two year,No,Mailed check,67.81,1696.67,No
QKXC-5675,Male,1,No,No,14,Yes,No,No,No internet service,No internet service,No internet service,No internet service,No internet service,No internet service,Month-to-month,Yes,Electronic check,29.9,420.52,No
WUSR-6772,Male,1,No,Yes,23,Yes,No,Fiber optic,Yes,No,Yes,No,Yes,Yes,One year,No,Electronic check,57.45,1326.76,No
BMYV-9240,Female,0,No,No,59,Yes,Yes,DSL,No,Yes,Yes,No,Yes,Yes,Month-to-month,No,Bank transfer (automatic),44.39,2628.02,No
BYJK-9279,Male,0,Yes,No,71,Yes,No,Fiber optic,No,No,No,Yes,No,Yes,Two year,Yes,Mailed check,108.01,7665.34,No
HOEH-1137,Male,0,Yes,No,34,Yes,No,No,No internet service,No internet service,No internet service,No internet service,No internet service,No internet service,Month-to-month,Yes,Mailed check,18.45,617.4,No
BTXC-7105,Male,0,No,No,27,Yes,No,Fiber optic,No,No,No,No,Yes,No,One year,Yes,Electronic check,84.36,2276.85,No
HYJX-1066,Female,0,No,Yes,28,Yes,No,DSL,No,No,No,No,No,No,Two year,Yes,Mailed check,52.63,1482.67,No
MPLS-5680,Female,0,Yes,No,51,Yes,No,Fiber optic,No,No,No,Yes,Yes,Yes,Month-to-month,Yes,Mailed check,50.68,2585.58,No
SECX-9510,Female,0,Yes,No,61,Yes,No,Fiber optic,No,No,No,Yes,No,No,One year,No,Bank transfer (automatic),107.22,6538.46,No
ZUKY-9802,Female,0,Yes,Yes,55,Yes,No,Fiber optic,No,Yes,No,No,Yes,Yes,Month-to-month,Yes,Electronic check,83.4,4587.96,No
MFUD-1341,Male,0,No,No,1,Yes,Yes,Fiber optic,Yes,No,No,No,Yes,No,Two year,Yes,Bank transfer (automatic),80.05,80.91,No
ZQWW-7950,Female,0,Yes,No,64,Yes,Yes,DSL,No,Yes,Yes,No,No,Yes,Two year,Yes,Mailed check,70.99,4548.67,No
HBLC-7348,Female,0,No,No,62,No,No phone service,Fiber optic,No,Yes,Yes,No,No,Yes,One year,No,Bank transfer (automatic),47.83,2958.44,No
WZGA-0790,Female,0,Yes,No,59,Yes,No,No,No internet service,No internet service,No internet service,No internet service,No internet service,No internet service,Two year,Yes,Credit card (automatic),24.78,1459.91,No
PJOP-1386,Female,0,Yes,No,65,Yes,No,DSL,No,Yes,No,Yes,Yes,No,One year,Yes,Credit card (automatic),35.67,2317.05,No
LWLZ-6404,Male,0,No,Yes,13,Yes,No,No,No internet service,No internet service,No internet service,No internet service,No internet service,No internet service,Two year,Yes,Mailed check,19.49,263.32,No
XLWG-1037,Female,0,No,No,27,Yes,No,Fiber optic,Yes,Yes,Yes,Yes,No,No,Month-to-month,No,Mailed check,50.8,1375.53,No
QRWE-5787,Female,1,No,Yes,43,No,No phone service,Fiber optic,Yes,No,Yes,No,Yes,No,Month-to-month,Yes,Credit card (automatic),59.41,2554.36,Yes
LNQN-3485,Male,1,No,No,59,Yes,Yes,No,No internet service,No internet service,No internet service,No internet service,No internet service,No internet service,Month-to-month,Yes,Electronic check,22.07,1300.12,Yes
NFCP-1164,Male,1,No,Yes,20,Yes,No,DSL,Yes,No,No,Yes,Yes,Yes,Two year,Yes,Electronic check,64.36,1287.06,No
LZQL-4087,Female,0,Yes,No,33,Yes,Yes,DSL,Yes,No,Yes,No,Yes,No,One year,Yes,Credit card (automatic),54.71,1810.35,No
NDKQ-7401,Female,0,No,No,53,Yes,No,Fiber optic,Yes,No,No,No,No,No,Two year,Yes,Electronic check,77.32,4090.27,No
EYZH-9781,Female,1,Yes,No,38,Yes,Yes,Fiber optic,No,No,No,Yes,No,No,Month-to-month,No,Electronic check,50.83,1930.9,No
GJUP-2971,Male,0,No,No,3,Yes,No,DSL,No,No,Yes,No,No,Yes,Month-to-month,Yes,Credit card (automatic),68.19,210.38,No
DLUE-3224,Female,1,No,Yes,27,No,No phone service,DSL,No,Yes,Yes,No,Yes,No,Month-to-month,No,Mailed check,44.57,1198.04,Yes
OLZM-5039,Male,0,No,Yes,38,Yes,No,Fiber optic,No,No,No,No,No,Yes,Two year,Yes,Credit card (automatic),77.46,2940.95,No
NOJF-1948,Male,0,Yes,Yes,64,Yes,No,DSL,No,No,Yes,No,Yes,No,One year,Yes,Electronic check,62.31,3985.46,No
SSIP-2383,Male,0,Yes,No,44,Yes,No,Fiber optic,No,No,Yes,No,No,No,Month-to-month,No,Bank transfer (automatic),55.15,2427.55,No
ERHM-8932,Male,0,No,No,71,Yes,No,DSL,No,No,No,Yes,Yes,Yes,One year,Yes,Electronic check,65.02,4607.23,No
DMWQ-1948,Female,1,Yes,Yes,60,Yes,Yes,Fiber optic,No,Yes,Yes,No,No,Yes,One year,Yes,Credit card (automatic),82.19,4927.4,No
MVCS-6292,Male,0,Yes,Yes,59,No,No phone service,DSL,Yes,No,No,Yes,No,Yes,Month-to-month,Yes,Electronic check,44.64,2625.86,No
ZWYI-2707,Female,0,Yes,Yes,15,Yes,Yes,Fiber optic,No,No,No,No,No,No,Two year,Yes,Electronic check,77.49,1157.84,No
KRTG-5871,Male,0,No,No,50,Yes,Yes,Fiber optic,No,Yes,No,No,No,Yes,Month-to-month,Yes,Mailed check,49.1,2455.77,No
MTAW-3717,Female,0,No,Yes,44,Yes,Yes,DSL,Yes,Yes,No,No,Yes,No,Month-to-month,No,Bank transfer (automatic),58.25,2558.9,Yes
BKHM-0140,Female,0,Yes,Yes,30,Yes,No,Fiber optic,No,Yes,Yes,No,No,No,Month-to-month,Yes,Electronic check,62.48,1876.65,Yes
LEUP-6115,Female,1,No,No,6,Yes,Yes,Fiber optic,Yes,No,Yes,No,No,No,Month-to-month,Yes,Electronic check,106.48,647.98,Yes
KJCM-7293,Male,0,Yes,Yes,50,No,No phone service,Fiber optic,No,No,Yes,Yes,Yes,Yes,One year,Yes,Electronic check,91.22,4550.38,No
NWQA-8541,Male,0,No,Yes,4,Yes,No,Fiber optic,No,No,No,Yes,Yes,No,Month-to-month,Yes,Credit card (automatic),48.1,193.79,Yes
RGVM-7224,Female,0,Yes,No,65,Yes,No,No,No internet service,No internet service,No internet service,No internet service,No internet service,No internet service,One year,Yes,Credit card (automatic),26.14,1702.46,No
ZDPH-5761,Male,0,No,No,40,Yes,Yes,Fiber optic,No,No,Yes,No,No,No,Month-to-month,Yes,Bank transfer (automatic),71.32,2850.56,No
IMVV-1805,Female,0,No,No,67,Yes,No,No,No internet service,No internet service,No internet service,No internet service,No internet service,No internet service,Month-to-month,Yes,Electronic check,27.82,1858.91,No
XBCZ-9604,Male,1,Yes,No,9,Yes,No,Fiber optic,No,Yes,Yes,Yes,No,No,Month-to-month,No,Electronic check,46.45,416.5,No
KVZG-9962,Male,0,Yes,No,64,Yes,No,Fiber optic,No,Yes,No,No,No,No,Two year,Yes,Electronic check,75.84,4854.65,No
WQTG-6307,Male,0,No,Yes,2,Yes,No,No,No internet service,No internet service,No internet service,No internet service,No internet service,No internet service,Month-to-month,Yes,Credit card (automatic),22.21,45.0,No
DRTH-7416,Female,0,No,No,42,Yes,No,Fiber optic,Yes,Yes,Yes,No,No,No,Month-to-month,Yes,Mailed check,107.82,4527.46,Yes
SFIP-4838,Female,0,No,Yes,44,Yes,No,Fiber optic,No,Yes,No,No,No,No,Two year,Yes,Mailed check,49.32,2168.34,No
QDOK-0877,Male,0,No,No,25,No,No phone service,No,No internet service,No internet service,No internet service,No internet service,No internet service,No internet service,One year,Yes,Mailed check,22.9,577.29,No
NOGY-2654,Female,1,Yes,No,41,Yes,Yes,Fiber optic,No,Yes,No,No,No,Yes,Month-to-month,Yes,Bank transfer (automatic),51.02,2095.27,No
ITSM-2102,Male,0,Yes,No,71,Yes,No,Fiber optic,No,No,No,Yes,Yes,No,Month-to-month,Yes,Mailed check,106.32,7552.59,No
XLFB-7430,Female,0,Yes,No,29,Yes,Yes,DSL,No,Yes,No,No,No,No,One year,Yes,Bank transfer (automatic),63.56,1838.5,No
LMQT-8995,Female,0,No,No,71,Yes,No,No,No internet service,No internet service,No internet service,No internet service,No internet service,No internet service,Month-to-month,Yes,Credit card (automatic),23.47,1667.69,No
QLXI-1560,Female,1,No,No,23,Yes,No,No,No internet service,No internet service,No internet service,No internet service,No internet service,No internet service,Month-to-month,Yes,Bank transfer (automatic),25.71,588.03,No
UKUC-1056,Male,0,Yes,Yes,72,Yes,No,Fiber optic,No,No,Yes,No,No,Yes,Two year,Yes,Electronic check,52.86,3811.33,No
BBOU-4220,Female,0,No,No,43,Yes,Yes,DSL,No,No,No,Yes,Yes,Yes,Month-to-month,No,Electronic check,29.82,1277.25,Yes
CYRQ-8473,Male,1,Yes,No,12,Yes,No,DSL,No,No,No,Yes,Yes,Yes,One year,No,Credit card (automatic),68.49,825.19,No
HUFF-5199,Male,0,No,Yes,36,Yes,No,Fiber optic,No,Yes,Yes,Yes,Yes,Yes,Month-to-month,Yes,Mailed check,55.26,1988.71,No
IWCB-3789,Male,0,No,No,18,Yes,No,No,No internet service,No internet service,No internet service,No internet service,No internet service,No internet service,Month-to-month,No,Electronic check,28.68,513.45,No
BPFH-2834,Female,0,No,No,4,Yes,Yes,No,No internet service,No internet service,No internet service,No internet service,No internet service,No internet service,Two year,Yes,Electronic check,29.38,113.97,No
LWKE-3342,Female,0,Yes,No,35,Yes,Yes,DSL,No,No,Yes,Yes,No,No,Month-to-month,Yes,Electronic check,35.33,1232.39,Yes
IRLW-3767,Male,0,Yes,No,54,Yes,Yes,Fiber optic,Yes,No,No,No,Yes,Yes,Two year,Yes,Mailed check,100.91,5453.0,No
TKBW-8565,Female,0,Yes,No,51,Yes,No,No,No internet service,No internet service,No internet service,No internet service,No internet service,No internet service,Two year,No,Electronic check,27.17,1389.32,No
RMIU-2338,Male,0,No,Yes,33,Yes,Yes,No,No internet service,No internet service,No internet service,No internet service,No internet service,No internet service,Month-to-month,Yes,Electronic check,28.82,944.63,No
KUBF-6747,Male,1,Yes,No,7,Yes,No,No,No internet service,No internet service,No internet service,No internet service,No internet service,No internet service,Month-to-month,Yes,Bank transfer (automatic),19.69,135.18,Yes
XTWI-9383,Male,0,No,No,3,Yes,No,DSL,No,No,Yes,No,No,Yes,Month-to-month,Yes,Credit card (automatic),34.13,107.68,Yes
QTBV-7585,Female,0,No,Yes,71,Yes,Yes,Fiber optic,No,Yes,No,Yes,No,No,Month-to-month,No,Electronic check,99.79,7088.89,Yes
KWLU-7117,Female,0,Yes,No,72,No,No phone service,No,No internet service,No internet service,No internet service,No internet service,No internet service,No internet service,Month-to-month,No,Electronic check,23.37,1680.93,No
FRVK-7585,Female,0,No,No,40,Yes,Yes,DSL,No,No,No,Yes,Yes,Yes,Two year,No,Electronic check,44.36,1770.8,No
NSYZ-4532,Male,0,No,No,40,Yes,Yes,DSL,Yes,No,No,No,Yes,No,One year,No,Bank transfer (automatic),72.87,2912.45,No
JNEL-2157,Female,0,No,No,30,Yes,No,DSL,Yes,Yes,Yes,Yes,No,Yes,Month-to-month,No,Credit card (automatic),46.96,1409.38,No
NCFK-8021,Male,0,Yes,Yes,59,Yes,No,Fiber optic,No,Yes,No,Yes,No,No,Month-to-month,No,Mailed check,92.59,5467.83,No
HYJV-2979,Male,0,Yes,No,50,Yes,Yes,Fiber optic,Yes,No,Yes,No,No,No,Two year,Yes,Electronic check,77.07,3851.48,No
WBGA-7482,Female,1,No,Yes,39,Yes,No,No,No internet service,No internet service,No internet service,No internet service,No internet service,No internet service,Month-to-month,Yes,Mailed check,23.0,891.32,No
LWXA-5175,Female,0,Yes,Yes,70,No,No phone service,Fiber optic,Yes,Yes,Yes,No,Yes,No,Two year,No,Electronic check,57.16,4006.83,No
KLST-6891,Male,1,No,Yes,24,Yes,Yes,DSL,No,No,Yes,Yes,Yes,No,Month-to-month,No,Electronic check,70.41,1681.42,No
IOVR-7376,Male,0,Yes,No,68,Yes,Yes,No,No internet service,No internet service,No internet service,No internet service,No internet service,No internet service,Month-to-month,Yes,Electronic check,25.89,1760.22,No
WMGR-7129,Female,0,Yes,Yes,60,Yes,No,Fiber optic,No,No,Yes,No,Yes,Yes,Month-to-month,Yes,Mailed check,47.53,2846.06,No
GWGD-4672,Female,0,No,No,17,Yes,No,DSL,Yes,No,No,No,Yes,No,Month-to-month,Yes,Mailed check,35.66,599.01,No
VLYJ-4383,Male,0,No,No,70,Yes,Yes,Fiber optic,No,No,No,Yes,No,No,One year,Yes,Bank transfer (automatic),109.4,7658.6,No
SGUA-7080,Female,0,Yes,Yes,37,Yes,Yes,Fiber optic,No,No,Yes,No,No,No,One year,No,Mailed check,53.98,1989.24,No
DZDK-8098,Female,0,No,No,63,Yes,No,No,No internet service,No internet service,No internet service,No internet service,No internet service,No internet service,Two year,Yes,Electronic check,18.84,1182.28,No
DWYG-1552,Male,0,Yes,No,53,Yes,No,Fiber optic,No,No,Yes,No,Yes,No,Month-to-month,Yes,Bank transfer (automatic),54.4,2885.62,No
DFVQ-9781,Female,0,Yes,Yes,48,Yes,No,No,No internet service,No internet service,No internet service,No internet service,No internet service,No internet service,Two year,Yes,Bank transfer (automatic),25.85,1236.23,No
TFRW-5769,Male,0,No,No,44,Yes,No,Fiber optic,Yes,Yes,Yes,No,Yes,No,One year,Yes,Electronic check,106.62,4690.94,No
AJJU-5638,Female,0,No,No,61,Yes,No,No,No internet service,No internet service,No internet service,No internet service,No internet service,No internet service,Month-to-month,No,Mailed check,18.13,1107.38,No
QCZB-1029,Male,0,No,No,51,Yes,No,No,No internet service,No internet service,No internet service,No internet service,No internet service,No internet service,Month-to-month,Yes,Electronic check,29.77,1522.05,No
UVXD-0827,Male,1,No,No,30,Yes,No,Fiber optic,No,No,No,No,Yes,No,Month-to-month,Yes,Bank transfer (automatic),53.44,1607.9,Yes
NTOS-2336,Female,0,Yes,No,55,Yes,No,No,No internet service,No internet service,No internet service,No internet service,No internet service,No internet service,Month-to-month,No,Credit card (automatic),29.21,1605.59,No
RHNR-0735,Female,0,Yes,No,72,Yes,Yes,DSL,No,Yes,No,No,Yes,No,Two year,Yes,Mailed check,37.13,2675.31,No
MASG-6716,Female,0,Yes,No,18,Yes,No,No,No internet service,No internet service,No internet service,No internet service,No internet service,No internet service,Month-to-month,Yes,Mailed check,25.65,470.92,No
TVTO-8004,Female,0,No,No,69,Yes,Yes,Fiber optic,Yes,Yes,No,No,No,No,Two year,No,Credit card (automatic),85.92,5930.33,No
UXWC-7321,Male,0,No,Yes,53,Yes,No,Fiber optic,No,Yes,Yes,Yes,Yes,No,Two year,Yes,Bank transfer (automatic),77.42,4106.12,No
YNWU-8257,Female,0,Yes,Yes,27,Yes,No,No,No internet service,No internet service,No internet service,No internet service,No internet service,No internet service,Month-to-month,No,Credit card (automatic),28.76,777.17,No
ITAX-9253,Female,1,No,No,58,Yes,No,Fiber optic,No,No,No,No,Yes,No,Month-to-month,No,Electronic check,57.21,3314.85,Yes
FLCW-1424,Male,0,No,No,61,Yes,Yes,Fiber optic,No,No,Yes,Yes,No,No,Month-to-month,No,Mailed check,83.87,5110.6,No
SYXR-7792,Male,0,Yes,Yes,49,Yes,No,Fiber optic,No,No,No,Yes,No,No,Month-to-month,Yes,Electronic check,58.71,2878.08,No
JUBJ-5132,Male,0,Yes,No,37,Yes,No,Fiber optic,No,No,No,No,Yes,No,Two year,No,Bank transfer (automatic),91.73,3393.36,No
QXXQ-5080,Female,0,Yes,No,9,Yes,No,No,No internet service,No internet service,No internet service,No internet service,No internet service,No internet service,Month-to-month,Yes,Credit card (automatic),20.3,183.58,No
OSIQ-1367,Male,0,No,No,34,Yes,No,Fiber optic,Yes,Yes,No,Yes,Yes,No,Two year,Yes,Electronic check,60.52,2061.4,No
AAEH-0250,Female,0,Yes,Yes,45,Yes,No,Fiber optic,Yes,Yes,No,No,Yes,No,Two year,No,Bank transfer (automatic),94.91,4276.21,No
CADI-4296,Male,1,No,No,23,Yes,Yes,Fiber optic,Yes,No,No,Yes,No,No,One year,No,Mailed check,64.31,1483.21,No
NVYD-3819,Female,0,No,No,72,Yes,Yes,Fiber optic,Yes,Yes,No,Yes,No,No,Month-to-month,Yes,Electronic check,95.93,6910.42,No
RYGU-4894,Male,0,Yes,No,31,Yes,No,Fiber optic,Yes,Yes,No,No,No,No,One year,Yes,Bank transfer (automatic),85.64,2646.41,No
YHVU-4404,Male,1,No,No,26,Yes,No,DSL,Yes,Yes,Yes,Yes,Yes,No,Month-to-month,Yes,Mailed check,73.21,1895.49,No
SVYL-2078,Female,1,Yes,Yes,25,Yes,Yes,No,No internet service,No internet service,No internet service,No internet service,No internet service,No internet service,Month-to-month,Yes,Electronic check,27.55,687.24,Yes
JTZN-4272,Female,0,Yes,No,43,Yes,No,DSL,No,Yes,No,No,No,Yes,Two year,Yes,Electronic check,72.68,3128.46,No
TJLW-1037,Female,0,No,No,16,Yes,No,DSL,Yes,No,Yes,No,Yes,No,Two year,Yes,Electronic check,33.87,528.56,No
QZNN-2332,Male,0,Yes,No,15,Yes,No,DSL,Yes,Yes,No,Yes,Yes,Yes,Month-to-month,Yes,Mailed check,67.22,1007.82,No
SMGX-9377,Female,0,Yes,No,25,No,No phone service,Fiber optic,Yes,Yes,No,Yes,No,No,One year,No,Mailed check,104.83,2625.65,No
VQWW-4582,Male,0,Yes,Yes,55,Yes,Yes,DSL,No,Yes,No,Yes,No,No,Two year,No,Credit card (automatic),73.28,4033.98,No
LDYO-9184,Female,0,No,No,36,Yes,No,No,No internet service,No internet service,No internet service,No internet service,No internet service,No internet service,Month-to-month,No,Electronic check,24.59,884.24,No
SHMI-0481,Female,0,No,No,15,No,No phone service,Fiber optic,Yes,No,No,No,No,Yes,Two year,No,Electronic check,93.89,1402.2,Yes
MAHO-5124,Male,0,Yes,No,1,Yes,No,No,No internet service,No internet service,No internet service,No internet service,No internet service,No internet service,Month-to-month,Yes,Credit card (automatic),29.56,30.75,No
QRQN-6694,Male,0,Yes,Yes,29,Yes,No,DSL,No,No,No,No,No,Yes,One year,Yes,Mailed check,32.93,961.52,No
ZFSK-1981,Female,0,No,No,72,Yes,No,DSL,Yes,Yes,No,Yes,No,No,Month-to-month,Yes,Mailed check,38.12,2743.27,Yes
NQIH-7682,Male,0,No,No,54,Yes,No,DSL,Yes,No,Yes,No,Yes,No,Month-to-month,Yes,Electronic check,51.76,2798.88,No
XQAM-5779,Female,0,Yes,No,62,Yes,Yes,Fiber optic,No,No,No,Yes,Yes,No,Month-to-month,Yes,Electronic check,58.08,3602.1,Yes
AKOA-8860,Female,0,Yes,No,63,Yes,No,DSL,No,Yes,Yes,No,Yes,Yes,Month-to-month,Yes,Credit card (automatic),74.75,4705.44,No
ZBHX-4124,Female,0,Yes,No,64,Yes,No,Fiber optic,No,No,Yes,No,Yes,No,Two year,No,Electronic check,87.04,5571.07,No
CZAV-4289,Female,0,No,No,26,Yes,Yes,No,No internet service,No internet service,No internet service,No internet service,No internet service,No internet service,Month-to-month,No,Bank transfer (automatic),21.89,566.21,No
XGLN-1944,Female,0,Yes,No,8,Yes,Yes,Fiber optic,No,Yes,Yes,No,Yes,Yes,Two year,No,Credit card (automatic),55.84,447.58,No
FVCD-0043,Female,1,No,No,38,Yes,No,DSL,Yes,Yes,No,Yes,No,Yes,Two year,Yes,Credit card (automatic),65.6,2500.11,No
WGDZ-1937,Female,0,Yes,No,34,Yes,No,No,No internet service,No internet service,No internet service,No internet service,No internet service,No internet service,Two year,Yes,Bank transfer (automatic),28.56,975.97,No
BEMW-9581,Female,0,Yes,Yes,32,Yes,No,Fiber optic,Yes,No,Yes,Yes,Yes,Yes,One year,Yes,Electronic check,92.39,2958.34,No
TWHE-4389,Female,0,Yes,No,12,Yes,No,DSL,Yes,No,Yes,No,Yes,No,Month-to-month,Yes,Mailed check,51.07,617.28,No
TSYG-8329,Female,0,Yes,No,52,Yes,No,DSL,Yes,Yes,No,Yes,No,No,Month-to-month,Yes,Bank transfer (automatic),26.06,1355.99,No
HPDJ-2313,Female,0,Yes,No,0,Yes,Yes,Fiber optic,No,Yes,Yes,No,No,No,Two year,Yes,Mailed check,64.3,0.0,No
WMCQ-9752,Male,0,Yes,Yes,49,No,No phone service,No,No internet service,No internet service,No internet service,No internet service,No internet service,No internet service,Month-to-month,Yes,Credit card (automatic),19.4,951.7,No
XVAY-8855,Male,0,No,No,70,Yes,No,DSL,Yes,No,Yes,Yes,No,No,Two year,No,Mailed check,43.08,3028.42,No
DXIG-6119,Female,0,Yes,Yes,46,Yes,No,Fiber optic,Yes,No,No,No,No,No,One year,Yes,Electronic check,97.24,4479.82,No
PBTY-4136,Female,0,Yes,No,51,Yes,No,No,No internet service,No internet service,No internet service,No internet service,No internet service,No internet service,Two year,Yes,Credit card (automatic),26.5,1345.35,No
EKHQ-4326,Female,0,No,No,33,Yes,No,Fiber optic,Yes,Yes,No,Yes,No,No,One year,Yes,Bank transfer (automatic),47.56,1570.43,No
ZKAV-7150,Female,0,Yes,No,6,Yes,No,DSL,No,Yes,No,Yes,Yes,No,Month-to-month,Yes,Credit card (automatic),58.78,343.87,Yes
PMFF-4647,Male,0,Yes,No,45,Yes,No,DSL,Yes,No,Yes,Yes,No,No,Two year,Yes,Bank transfer (automatic),36.43,1644.86,No
RFEJ-1635,Male,0,Yes,No,23,Yes,Yes,DSL,No,No,Yes,No,No,Yes,Month-to-month,No,Bank transfer (automatic),48.72,1121.89,No
UDMR-6425,Male,0,No,No,38,No,No phone service,No,No internet service,No internet service,No internet service,No internet service,No internet service,No internet service,Month-to-month,Yes,Electronic check,24.22,925.29,No
HZZL-1932,Female,1,Yes,Yes,61,Yes,Yes,Fiber optic,No,Yes,No,Yes,Yes,Yes,Month-to-month,Yes,Electronic check,97.26,5938.57,No
WJHH-3915,Male,0,Yes,No,66,Yes,Yes,No,No internet service,No internet service,No internet service,No internet service,No internet service,No internet service,Two year,No,Electronic check,22.8,1498.54,No
OSXC-1888,Male,0,Yes,No,40,Yes,No,No,No internet service,No internet service,No internet service,No internet service,No internet service,No internet service,Month-to-month,Yes,Electronic check,25.02,997.6,No
CBNP-3179,Male,0,Yes,No,28,Yes,Yes,Fiber optic,No,No,No,No,Yes,Yes,Month-to-month,No,Mailed check,96.74,2707.95,No
ARVI-9442,Male,0,No,Yes,71,Yes,Yes,Fiber optic,Yes,No,No,Yes,No,No,Month-to-month,Yes,Electronic check,104.89,7444.11,Yes
HVZP-1439,Male,1,No,Yes,16,Yes,Yes,No,No internet service,No internet service,No internet service,No internet service,No internet service,No internet service,Two year,Yes,Mailed check,28.24,453.42,No
IDXA-4825,Female,0,No,No,8,Yes,No,DSL,No,No,No,No,Yes,No,Month-to-month,Yes,Credit card (automatic),31.31,246.1,No
KZFV-3625,Male,0,Yes,Yes,14,Yes,Yes,Fiber optic,No,No,Yes,No,No,No,Month-to-month,Yes,Bank transfer (automatic),77.9,1089.1,No
JESR-0704,Male,0,No,No,3,No,No phone service,DSL,Yes,Yes,Yes,Yes,No,No,Month-to-month,Yes,Mailed check,60.35,174.93,No
UQYU-8566,Male,0,No,No,20,No,No phone service,Fiber optic,Yes,No,No,No,Yes,No,Month-to-month,No,Credit card (automatic),70.99,1425.96,No
BNPE-1325,Female,1,Yes,No,70,Yes,No,Fiber optic,No,Yes,No,No,No,No,Month-to-month,Yes,Electronic check,108.31,7570.1,No
KOUQ-1680,Male,1,Yes,Yes,47,Yes,No,Fiber optic,No,No,No,Yes,No,No,Two year,No,Bank transfer (automatic),56.43,2642.77,No
DOPK-2449,Male,0,Yes,Yes,7,Yes,Yes,No,No internet service,No internet service,No internet service,No internet service,No internet service,No internet service,Month-to-month,No,Credit card (automatic),29.93,209.86,No
ZKRE-3000,Female,0,Yes,Yes,45,Yes,No,DSL,Yes,Yes,Yes,No,No,No,Month-to-month,Yes,Credit card (automatic),50.78,2284.81,No
HPOS-8918,Female,1,Yes,No,6,Yes,Yes,Fiber optic,No,Yes,Yes,No,No,No,Two year,No,Mailed check,56.23,331.92,No
YDDT-0453,Male,1,Yes,No,69,Yes,Yes,DSL,No,Yes,No,Yes,No,No,Two year,Yes,Mailed check,29.76,2048.61,No
HPON-2867,Male,1,No,No,8,Yes,No,Fiber optic,No,Yes,No,No,No,Yes,Two year,No,Mailed check,104.44,825.77,No
WIBT-1717,Male,1,Yes,No,47,No,No phone service,Fiber optic,Yes,Yes,Yes,No,Yes,Yes,One year,No,Electronic check,61.42,2886.76,No
VGKV-8308,Female,0,No,No,51,Yes,Yes,No,No internet service,No internet service,No internet service,No internet service,No internet service,No internet service,Two year,Yes,Credit card (automatic),23.03,1177.09,No
PPJX-0959,Female,0,Yes,No,28,Yes,No,DSL,Yes,No,Yes,Yes,Yes,Yes,Two year,No,Bank transfer (automatic),32.33,905.36,No
ODBS-8461,Male,0,Yes,No,2,No,No phone service,No,No internet service,No internet service,No internet service,No internet service,No internet service,No internet service,Two year,No,Credit card (automatic),23.1,42.65,No
HCAX-8706,Male,0,Yes,No,30,Yes,Yes,Fiber optic,Yes,Yes,Yes,Yes,No,Yes,Month-to-month,Yes,Electronic check,45.86,1371.57,No
WDMX-4341,Male,0,Yes,No,62,Yes,No,Fiber optic,No,No,No,No,Yes,Yes,Month-to-month,Yes,Bank transfer (automatic),93.84,5814.19,Yes
DJXG-7666,Male,0,No,No,23,Yes,Yes,DSL,No,Yes,Yes,Yes,No,Yes,One year,Yes,Electronic check,53.01,1222.85,No
PBCQ-1951,Male,0,No,No,47,Yes,No,Fiber optic,Yes,Yes,No,No,Yes,No,Two year,No,Bank transfer (automatic),77.29,3638.27,No
QPXY-6203,Male,0,Yes,No,34,Yes,No,DSL,Yes,Yes,Yes,No,No,No,Month-to-month,No,Electronic check,54.67,1858.25,No
MJKS-2192,Male,0,No,Yes,24,Yes,No,Fiber optic,No,No,Yes,Yes,No,No,Month-to-month,Yes,Mailed check,100.93,2421.16,No
EODQ-0098,Male,0,Yes,Yes,55,No,No phone service,DSL,No,Yes,No,No,No,Yes,Two year,Yes,Mailed check,72.6,3995.65,No
IYZT-3962,Female,0,Yes,No,20,Yes,No,Fiber optic,No,Yes,No,No,Yes,Yes,One year,No,Credit card (automatic),82.48,1649.12,No
JCTV-0243,Male,1,No,No,14,Yes,Yes,Fiber optic,No,Yes,No,No,No,No,One year,No,Mailed check,84.35,1179.2,No
XPIH-8790,Male,1,No,No,72,Yes,No,No,No internet service,No internet service,No internet service,No internet service,No internet service,No internet service,One year,Yes,Electronic check,21.69,1559.97,No
WIQZ-0914,Female,0,No,Yes,2,Yes,Yes,No,No internet service,No internet service,No internet service,No internet service,No internet service,No internet service,One year,Yes,Electronic check,23.86,52.82,No
XMXJ-3668,Female,0,No,No,9,Yes,No,No,No internet service,No internet service,No internet service,No internet service,No internet service,No internet service,Month-to-month,No,Bank transfer (automatic),21.11,191.79,Yes
POYC-7447,Female,0,No,Yes,49,No,No phone service,Fiber optic,Yes,No,Yes,Yes,Yes,Yes,One year,No,Mailed check,87.99,4316.61,No
FJZQ-3843,Male,1,No,No,12,Yes,Yes,DSL,No,Yes,No,Yes,No,Yes,Month-to-month,Yes,Bank transfer (automatic),43.97,523.74,No
MZAY-7280,Male,0,No,Yes,43,Yes,No,No,No internet service,No internet service,No internet service,No internet service,No internet service,No internet service,Month-to-month,No,Bank transfer (automatic),21.23,909.59,Yes
OTED-3840,Male,0,No,No,0,Yes,No,Fiber optic,No,Yes,No,No,No,No,One year,Yes,Bank transfer (automatic),84.66,0.0,Yes
GFOY-3959,Female,0,No,No,46,Yes,No,Fiber optic,No,No,Yes,No,Yes,No,Month-to-month,No,Electronic check,54.93,2523.58,No
WTIM-0028,Male,0,No,Yes,54,Yes,No,Fiber optic,No,Yes,Yes,Yes,Yes,Yes,Month-to-month,Yes,Electronic check,45.47,2447.17,Yes
EQPL-4536,Male,1,No,Yes,32,Yes,No,DSL,No,No,Yes,Yes,No,Yes,One year,Yes,Electronic check,43.26,1386.43,No
KSUF-6914,Male,0,Yes,No,71,Yes,No,DSL,No,No,Yes,Yes,No,No,Two year,Yes,Credit card (automatic),60.58,4299.42,No
GWCX-0323,Male,0,Yes,Yes,15,Yes,No,Fiber optic,No,Yes,No,Yes,No,Yes,Month-to-month,Yes,Credit card (automatic),101.58,1524.48,No
YLXD-7079,Female,0,No,No,47,Yes,No,No,No internet service,No internet service,No internet service,No internet service,No internet service,No internet service,Month-to-month,No,Electronic check,28.34,1335.24,No
RVFS-4177,Male,0,No,No,34,Yes,No,Fiber optic,No,Yes,No,No,No,Yes,Month-to-month,Yes,Mailed check,87.12,2962.47,No
MEWH-3146,Male,0,No,Yes,50,Yes,Yes,Fiber optic,No,Yes,Yes,Yes,Yes,Yes,Two year,No,Credit card (automatic),75.06,3747.12,No
LDDT-8897,Male,0,Yes,No,59,No,No phone service,Fiber optic,Yes,No,No,No,Yes,No,One year,No,Electronic check,76.87,4532.04,No
HWAX-3002,Male,0,No,No,43,Yes,No,DSL,Yes,No,No,Yes,Yes,No,One year,No,Bank transfer (automatic),65.4,2810.23,No
MSZQ-7335,Female,0,No,No,47,Yes,No,No,No internet service,No internet service,No internet service,No internet service,No internet service,No internet service,Two year,No,Electronic check,18.75,883.03,No
IYLX-0991,Male,1,Yes,No,0,Yes,No,DSL,No,No,No,Yes,No,No,Month-to-month,No,Credit card (automatic),74.48,0.0,No
CEPU-9711,Female,0,No,No,34,No,No phone service,Fiber optic,No,No,No,Yes,No,Yes,Month-to-month,Yes,Bank transfer (automatic),98.43,3342.87,Yes
XAIR-4247,Male,0,Yes,Yes,9,Yes,No,Fiber optic,No,No,Yes,No,No,Yes,One year,No,Electronic check,69.96,624.45,No
HVYG-1070,Male,0,Yes,No,11,Yes,Yes,DSL,No,Yes,No,No,Yes,No,Month-to-month,Yes,Mailed check,66.95,726.95,No
HYQW-4731,Female,0,No,No,34,Yes,No,Fiber optic,Yes,No,Yes,No,No,No,Two year,No,Mailed check,76.22,2597.07,No
WGXN-8524,Female,0,No,Yes,38,Yes,No,Fiber optic,No,No,Yes,No,No,No,Month-to-month,Yes,Bank transfer (automatic),106.01,4033.6,No
NNCJ-8469,Male,0,Yes,No,44,Yes,Yes,DSL,Yes,No,No,No,Yes,No,Month-to-month,Yes,Bank transfer (automatic),71.93,3168.78,No
GGLZ-3323,Female,1,Yes,No,27,No,No phone service,Fiber optic,No,No,Yes,No,Yes,Yes,Month-to-month,Yes,Bank transfer (automatic),74.17,2000.91,No
IUVT-0665,Male,0,No,Yes,23,Yes,No,No,No internet service,No internet service,No internet service,No internet service,No internet service,No internet service,Month-to-month,Yes,Bank transfer (automatic),27.87,634.31,Yes
TZXH-0871,Male,1,No,No,19,Yes,Yes,DSL,Yes,No,No,Yes,No,Yes,Month-to-month,Yes,Credit card (automatic),52.55,992.6,Yes
YDZL-5193,Female,0,No,No,10,Yes,Yes,No,No internet service,No internet service,No internet service,No internet service,No internet service,No internet service,Month-to-month,Yes,Bank transfer (automatic),27.17,267.46,No
BYOI-4220,Male,0,No,No,27,Yes,No,DSL,No,No,Yes,Yes,No,No,Month-to-month,No,Mailed check,63.07,1699.33,No
MXCD-1721,Male,0,No,Yes,19,Yes,No,Fiber optic,No,No,Yes,No,Yes,Yes,Two year,Yes,Credit card (automatic),96.24,1830.63,No
AMZR-1300,Female,1,No,No,68,Yes,Yes,Fiber optic,Yes,No,No,Yes,No,Yes,One year,Yes,Mailed check,96.67,6569.91,No
FEAV-7422,Female,0,Yes,Yes,62,Yes,Yes,DSL,Yes,No,No,No,No,Yes,Month-to-month,No,Credit card (automatic),40.64,2517.08,No
LRIY-6003,Male,1,No,Yes,57,Yes,Yes,Fiber optic,No,Yes,No,Yes,No,No,Month-to-month,Yes,Bank transfer (automatic),108.97,6206.89,No
RCRO-0269,Male,0,Yes,No,39,Yes,Yes,No,No internet service,No internet service,No internet service,No internet service,No internet service,No internet service,Two year,No,Credit card (automatic),28.5,1114.93,No
IZIH-5077,Male,1,No,Yes,6,Yes,Yes,DSL,No,No,No,No,No,Yes,One year,No,Bank transfer (automatic),53.85,328.32,No
YJKL-5257,Female,0,Yes,No,36,Yes,No,Fiber optic,Yes,Yes,No,Yes,No,No,Month-to-month,Yes,Electronic check,76.84,2770.87,No
WMXS-7463,Male,1,No,Yes,28,No,No phone service,Fiber optic,Yes,No,No,No,No,Yes,Month-to-month,No,Credit card (automatic),78.97,2212.45,No
CVYT-8254,Male,0,No,Yes,35,Yes,Yes,No,No internet service,No internet service,No internet service,No internet service,No internet service,No internet service,Month-to-month,Yes,Electronic check,28.06,988.33,Yes
YFRT-4808,Female,0,Yes,Yes,34,Yes,Yes,No,No internet service,No internet service,No internet service,No internet service,No internet service,No internet service,Month-to-month,Yes,Mailed check,29.27,985.28,No
ZAAD-5103,Male,0,Yes,No,21,No,No phone service,DSL,No,Yes,No,No,Yes,No,Month-to-month,Yes,Electronic check,50.35,1050.24,Yes
XVLE-0269,Female,0,No,Yes,17,Yes,No,Fiber optic,Yes,No,No,No,No,No,Month-to-month,No,Mailed check,77.51,1313.33,No
CEFY-2518,Female,0,No,Yes,56,No,No phone service,Fiber optic,No,Yes,No,No,Yes,No,Month-to-month,No,Bank transfer (automatic),86.11,4824.53,No
LYWN-8390,Male,0,No,No,33,Yes,Yes,DSL,No,Yes,No,Yes,Yes,No,Two year,No,Electronic check,66.86,2214.01,No
QBJK-2137,Female,0,No,Yes,72,Yes,Yes,No,No internet service,No internet service,No internet service,No internet service,No internet service,No internet service,Month-to-month,No,Mailed check,23.16,1674.87,Yes
STRA-7691,Male,0,Yes,No,8,Yes,No,Fiber optic,Yes,No,No,No,No,Yes,Month-to-month,Yes,Credit card (automatic),104.35,835.93,No
HJSG-0283,Male,0,No,No,50,Yes,No,No,No internet service,No internet service,No internet service,No internet service,No internet service,No internet service,Month-to-month,Yes,Credit card (automatic),18.52,933.31,No
QKFQ-9012,Female,0,Yes,No,27,Yes,No,Fiber optic,No,Yes,No,Yes,No,No,Month-to-month,Yes,Electronic check,101.31,2736.15,No
RXVA-5082,Female,0,Yes,No,24,No,No phone service,DSL,Yes,Yes,Yes,No,Yes,No,Month-to-month,Yes,Electronic check,69.76,1668.42,No
LQQB-5063,Female,0,Yes,No,51,Yes,No,DSL,No,No,Yes,Yes,No,No,Month-to-month,No,Electronic check,50.83,2591.06,No
WPTK-3399,Male,1,No,No,25,Yes,Yes,Fiber optic,Yes,Yes,No,Yes,Yes,No,Month-to-month,No,Electronic check,82.52,2068.39,No
HBHZ-0665,Male,0,No,No,18,Yes,No,Fiber optic,Yes,Yes,No,No,Yes,No,Two year,Yes,Bank transfer (automatic),105.25,1894.52,No
NDUQ-1961,Female,1,Yes,No,67,Yes,No,Fiber optic,No,No,No,No,No,Yes,Month-to-month,No,Credit card (automatic),60.65,4069.82,Yes
HGZH-3060,Male,0,Yes,No,48,No,No phone service,Fiber optic,No,No,No,Yes,No,No,Two year,No,Electronic check,84.57,4067.36,No
GYEO-1073,Female,0,No,No,25,Yes,No,DSL,No,Yes,Yes,Yes,No,No,One year,Yes,Electronic check,45.48,1129.83,No
XRNS-2388,Male,1,Yes,No,44,Yes,Yes,No,No internet service,No internet service,No internet service,No internet service,No internet service,No internet service,Month-to-month,Yes,Bank transfer (automatic),25.02,1084.44,No
UWNY-0152,Male,0,Yes,Yes,66,Yes,Yes,No,No internet service,No internet service,No internet service,No internet service,No internet service,No internet service,Month-to-month,Yes,Bank transfer (automatic),27.12,1787.46,Yes
PKNG-4970,Male,1,No,Yes,6,Yes,No,No,No internet service,No internet service,No internet service,No internet service,No internet service,No internet service,Two year,No,Mailed check,21.82,130.47,No
YNJV-4738,Male,0,Yes,Yes,9,No,No phone service,DSL,Yes,No,No,No,No,Yes,Month-to-month,Yes,Electronic check,52.41,477.2,Yes
UQXY-4458,Female,0,Yes,No,67,Yes,Yes,DSL,No,Yes,No,No,Yes,No,Month-to-month,No,Mailed check,32.73,2200.49,Yes
EBCK-9287,Male,1,No,No,6,Yes,No,Fiber optic,Yes,Yes,No,No,No,Yes,Month-to-month,No,Bank transfer (automatic),90.95,538.4,No
PVUZ-1897,Female,0,No,No,21,Yes,Yes,Fiber optic,Yes,No,Yes,No,Yes,No,Month-to-month,No,Mailed check,53.64,1117.75,Yes
NEVY-0348,Male,1,Yes,No,52,Yes,No,Fiber optic,No,No,Yes,Yes,Yes,No,One year,Yes,Credit card (automatic),107.31,5578.77,No
PUUS-7673,Male,0,No,No,28,Yes,No,Fiber optic,No,No,Yes,Yes,No,No,One year,No,Bank transfer (automatic),62.65,1762.9,No
HJTA-3497,Female,0,No,No,10,Yes,No,DSL,No,Yes,Yes,No,No,Yes,Two year,No,Bank transfer (automatic),48.72,491.27,No
JFOO-9423,Male,0,Yes,No,62,Yes,No,DSL,No,No,No,No,No,Yes,Month-to-month,No,Bank transfer (automatic),68.94,4274.02,No
VFOF-1775,Female,0,No,Yes,60,Yes,No,DSL,No,No,Yes,Yes,No,Yes,Two year,No,Credit card (automatic),67.44,4044.52,Yes
NDRF-5921,Male,0,Yes,Yes,55,No,No phone service,DSL,No,No,Yes,No,No,No,Two year,No,Mailed check,42.42,2330.26,No
DXEO-2487,Male,0,No,No,56,Yes,No,No,No internet service,No internet service,No internet service,No internet service,No internet service,No internet service,Month-to-month,Yes,Mailed check,25.21,1421.04,No
ZGDB-8256,Male,0,Yes,No,5,Yes,No,DSL,No,Yes,No,Yes,Yes,Yes,Month-to-month,No,Electronic check,54.65,283.32,No
LCSC-2264,Female,0,No,Yes,36,Yes,Yes,No,No internet service,No internet service,No internet service,No internet service,No internet service,No internet service,Month-to-month,Yes,Electronic check,26.7,953.45,No
DFNH-1216,Male,0,No,Yes,12,Yes,No,DSL,Yes,Yes,No,Yes,No,No,One year,No,Electronic check,30.77,370.37,No
LREO-9877,Female,0,Yes,No,46,Yes,No,Fiber optic,Yes,Yes,Yes,Yes,Yes,No,Month-to-month,Yes,Credit card (automatic),49.21,2257.14,Yes
CMML-0163,Male,0,Yes,No,71,Yes,No,Fiber optic,No,Yes,No,Yes,No,Yes,Two year,No,Mailed check,89.4,6350.93,No
MJUM-0185,Female,0,No,No,63,Yes,No,Fiber optic,No,No,No,No,No,No,One year,No,Electronic check,49.9,3141.13,No
WMEY-9459,Female,0,No,No,43,Yes,No,DSL,No,No,No,Yes,No,No,Month-to-month,No,Credit card (automatic),63.27,2724.39,Yes
YETU-4404,Female,0,No,No,47,Yes,No,Fiber optic,No,Yes,Yes,No,No,Yes,Month-to-month,Yes,Mailed check,50.47,2376.12,No
EAMD-7365,Female,0,Yes,Yes,17,Yes,No,DSL,No,No,No,No,No,Yes,Two year,Yes,Electronic check,34.81,589.49,No
OOUP-8749,Male,0,Yes,No,44,Yes,No,DSL,No,No,No,Yes,No,No,Two year,Yes,Credit card (automatic),42.27,1865.83,Yes
WPYG-2948,Female,0,Yes,No,31,Yes,No,Fiber optic,Yes,Yes,No,No,Yes,Yes,Month-to-month,Yes,Bank transfer (automatic),45.46,1417.38,No
PIXV-6607,Female,0,No,No,23,Yes,Yes,DSL,Yes,No,No,No,Yes,No,One year,No,Bank transfer (automatic),72.1,1659.9,No
VWJO-9167,Male,0,No,Yes,49,Yes,Yes,DSL,No,Yes,Yes,Yes,Yes,No,Two year,Yes,Electronic check,29.6,1450.79,No
UOQV-2486,Female,1,Yes,No,58,No,No phone service,Fiber optic,No,No,No,No,Yes,No,Month-to-month,Yes,Bank transfer (automatic),99.98,5794.09,No
HVIS-0937,Male,0,Yes,No,2,Yes,Yes,Fiber optic,Yes,Yes,No,No,No,Yes,Month-to-month,Yes,Credit card (automatic),79.03,152.52,No
VGIR-6367,Male,0,No,No,66,No,No phone service,No,No internet service,No internet service,No internet service,No internet service,No internet service,No internet service,Two year,Yes,Bank transfer (automatic),20.34,1344.07,No
ROGH-0948,Male,0,No,No,13,Yes,No,Fiber optic,No,No,No,Yes,Yes,No,Month-to-month,No,Bank transfer (automatic),92.43,1200.7,No
BVBS-5436,Male,0,No,No,72,No,No phone service,No,No internet service,No internet service,No internet service,No internet service,No internet service,No internet service,Month-to-month,No,Electronic check,26.81,1932.61,No
SJWI-1406,Female,0,Yes,No,15,Yes,No,Fiber optic,Yes,Yes,No,Yes,Yes,No,Two year,Yes,Credit card (automatic),46.48,688.46,No
RUAN-0366,Male,0,No,No,68,Yes,No,Fiber optic,Yes,No,Yes,No,No,Yes,One year,No,Bank transfer (automatic),88.38,6017.63,No
XLMY-3199,Female,0,Yes,Yes,61,Yes,Yes,Fiber optic,No,No,No,No,Yes,No,Two year,No,Electronic check,66.29,4045.65,No
CYMH-5297,Male,0,Yes,Yes,58,Yes,No,Fiber optic,No,Yes,No,Yes,No,No,Two year,Yes,Electronic check,93.76,5450.27,No
BKTT-8763,Female,1,Yes,No,20,Yes,No,Fiber optic,Yes,Yes,Yes,Yes,Yes,Yes,Two year,Yes,Credit card (automatic),82.89,1656.55,No
WQXH-8809,Male,0,No,No,39,Yes,No,DSL,Yes,No,No,No,No,Yes,One year,No,Mailed check,31.38,1222.73,No
GOAV-4127,Female,0,Yes,No,60,Yes,No,DSL,Yes,No,Yes,No,No,No,Month-to-month,No,Electronic check,58.13,3485.57,No
RODC-6735,Male,0,No,Yes,50,Yes,No,Fiber optic,No,No,No,No,No,Yes,One year,Yes,Mailed check,80.25,4004.45,No
SWHG-3989,Female,0,No,No,72,Yes,No,Fiber optic,No,Yes,No,No,Yes,Yes,Month-to-month,Yes,Mailed check,97.44,7017.2,Yes
OXVR-9688,Female,0,Yes,No,72,Yes,No,No,No internet service,No internet service,No internet service,No internet service,No internet service,No internet service,Two year,Yes,Bank transfer (automatic),21.85,1571.73,No
YIVP-0546,Female,0,No,Yes,9,Yes,No,DSL,No,Yes,No,No,Yes,Yes,One year,Yes,Mailed check,62.57,558.57,No
MHAJ-3303,Male,0,No,Yes,40,Yes,No,Fiber optic,No,No,No,Yes,Yes,No,Month-to-month,No,Electronic check,53.82,2152.15,No
WNOF-3167,Female,0,Yes,Yes,11,Yes,Yes,DSL,Yes,No,No,Yes,No,No,Two year,Yes,Electronic check,69.06,763.39,No
YYTS-4572,Female,1,Yes,No,63,Yes,Yes,Fiber optic,No,No,Yes,Yes,No,Yes,Month-to-month,No,Credit card (automatic),49.36,3113.94,No
MFUW-8658,Female,0,Yes,No,38,Yes,Yes,Fiber optic,No,No,No,No,No,No,One year,Yes,Bank transfer (automatic),45.42,1723.0,No
JTQH-5549,Male,1,Yes,No,63,Yes,No,Fiber optic,Yes,No,Yes,No,No,No,Month-to-month,No,Electronic check,80.88,5093.41,No
KCFQ-6542,Male,0,Yes,No,70,Yes,No,DSL,Yes,No,No,No,Yes,Yes,One year,Yes,Bank transfer (automatic),39.96,2793.75,No
HMTI-8465,Female,0,No,No,0,Yes,No,Fiber optic,No,No,No,No,No,Yes,Month-to-month,No,Credit card (automatic),88.28,0.0,No
LLFD-9792,Female,0,Yes,No,13,Yes,Yes,DSL,No,Yes,No,No,No,Yes,Month-to-month,Yes,Bank transfer (automatic),25.52,322.05,No
UQAM-8386,Female,0,No,No,44,Yes,Yes,No,No internet service,No internet service,No internet service,No internet service,No internet service,No internet service,Month-to-month,No,Bank transfer (automatic),29.7,1311.17,No
ZXKI-0671,Female,0,No,Yes,20,Yes,No,Fiber optic,No,Yes,No,Yes,No,Yes,One year,Yes,Bank transfer (automatic),70.14,1407.02,No
NJIA-2803,Female,0,No,No,44,Yes,Yes,DSL,Yes,No,No,Yes,No,No,Month-to-month,No,Bank transfer (automatic),56.42,2483.86,No
ZFFT-9999,Male,0,No,No,71,Yes,No,DSL,No,No,No,Yes,No,Yes,Month-to-month,Yes,Mailed check,68.71,4875.02,Yes
QUNE-2232,Male,0,No,No,61,Yes,No,DSL,No,Yes,No,Yes,No,Yes,Month-to-month,Yes,Electronic check,33.19,2033.04,No
NOCC-6807,Male,0,No,No,44,Yes,No,Fiber optic,No,No,Yes,No,Yes,No,Month-to-month,No,Electronic check,81.61,3597.75,No
ZLQI-7559,Male,0,Yes,No,53,Yes,Yes,Fiber optic,Yes,Yes,No,Yes,Yes,Yes,Two year,Yes,Bank transfer (automatic),85.18,4515.04,No
WXGA-9338,Male,0,Yes,No,1,Yes,No,No,No internet service,No internet service,No internet service,No internet service,No internet service,No internet service,Two year,No,Electronic check,29.36,34.6,No
OLIC-8456,Male,0,No,No,12,Yes,No,No,No internet service,No internet service,No internet service,No internet service,No internet service,No internet service,Month-to-month,Yes,Electronic check,21.71,266.79,Yes
SNDU-0761,Female,0,No,No,28,Yes,No,No,No internet service,No internet service,No internet service,No internet service,No internet service,No internet service,One year,No,Credit card (automatic),29.05,820.23,No
WIUK-5405,Male,0,No,No,27,Yes,No,DSL,Yes,No,No,Yes,Yes,No,Month-to-month,No,Mailed check,34.31,924.53,No
NWUS-5699,Female,0,No,No,7,Yes,No,DSL,No,Yes,No,Yes,Yes,No,Month-to-month,No,Electronic check,26.95,194.14,Yes
YMGS-0670,Male,0,Yes,Yes,34,Yes,Yes,Fiber optic,No,No,No,No,No,Yes,Two year,Yes,Mailed check,82.96,2817.29,No
ULMH-9613,Female,0,No,Yes,23,Yes,No,No,No internet service,No internet service,No internet service,No internet service,No internet service,No internet service,Two year,No,Electronic check,25.91,601.42,No
FGWS-7639,Female,0,No,No,6,No,No phone service,Fiber optic,Yes,Yes,Yes,Yes,Yes,Yes,Two year,Yes,Electronic check,67.99,415.79,No
DTEN-1857,Female,0,No,No,27,Yes,Yes,DSL,Yes,Yes,Yes,No,Yes,Yes,Month-to-month,Yes,Electronic check,29.52,795.5,No
AVOF-7042,Female,0,Yes,No,62,Yes,No,DSL,Yes,No,No,Yes,No,No,Month-to-month,Yes,Electronic check,57.21,3551.77,No
VIZC-8801,Male,0,Yes,No,5,Yes,No,DSL,No,Yes,Yes,No,No,No,Month-to-month,Yes,Mailed check,33.27,169.46,No
DNKL-6164,Male,0,Yes,Yes,10,Yes,Yes,DSL,No,Yes,No,No,No,No,Month-to-month,No,Mailed check,33.79,336.02,No
ZWYY-2264,Female,0,Yes,No,37,Yes,No,No,No internet service,No internet service,No internet service,No internet service,No internet service,No internet service,One year,No,Mailed check,26.83,988.05,No
UEYT-5561,Female,0,Yes,No,65,Yes,Yes,Fiber optic,No,Yes,Yes,No,No,Yes,One year,No,Electronic check,103.96,6753.98,No
VISB-7074,Female,0,Yes,No,62,Yes,No,DSL,No,No,Yes,No,Yes,No,Two year,Yes,Bank transfer (automatic),47.17,2927.79,No
YYTA-4689,Female,0,No,No,31,Yes,Yes,Fiber optic,No,Yes,No,Yes,No,No,One year,Yes,Bank transfer (automatic),65.76,2040.89,No
YIVB-4254,Male,0,No,Yes,25,Yes,Yes,No,No internet service,No internet service,No internet service,No internet service,No internet service,No internet service,One year,Yes,Credit card (automatic),26.7,668.67,No
MJAZ-9145,Male,0,No,No,31,Yes,Yes,DSL,No,No,No,Yes,Yes,No,Month-to-month,Yes,Credit card (automatic),52.0,1608.76,No
NQGC-0669,Female,1,No,No,34,No,No phone service,Fiber optic,No,Yes,Yes,Yes,Yes,No,Two year,No,Credit card (automatic),53.27,1812.84,Yes
CPFD-3865,Female,0,No,No,1,No,No phone service,DSL,No,Yes,No,No,Yes,Yes,Month-to-month,Yes,Electronic check,44.59,42.73,No
LYCL-3836,Female,0,Yes,No,2,Yes,Yes,Fiber optic,Yes,Yes,Yes,No,No,No,Month-to-month,No,Credit card (automatic),63.32,119.07,No
YTYO-6325,Female,0,No,No,32,Yes,Yes,DSL,No,No,No,Yes,No,No,Month-to-month,Yes,Electronic check,69.82,2232.37,No
SGAG-2856,Female,0,Yes,No,6,No,No phone service,DSL,Yes,No,No,Yes,No,Yes,Month-to-month,Yes,Electronic check,59.1,352.22,No
YFZK-1551,Female,1,No,No,47,Yes,No,DSL,No,Yes,Yes,No,No,Yes,Month-to-month,Yes,Mailed check,64.07,3016.55,No
WNLI-9345,Male,0,No,No,22,Yes,Yes,Fiber optic,No,Yes,No,No,Yes,Yes,Month-to-month,Yes,Electronic check,69.44,1535.38,Yes
AHIQ-3590,Female,0,Yes,No,8,Yes,No,No,No internet service,No internet service,No internet service,No internet service,No internet service,No internet service,One year,No,Bank transfer (automatic),29.01,228.39,No
SWXH-4007,Female,0,Yes,No,66,Yes,No,DSL,No,Yes,Yes,No,No,Yes,Month-to-month,No,Mailed check,55.24,3644.85,No
UOYA-1396,Female,0,No,Yes,47,Yes,Yes,DSL,Yes,Yes,Yes,Yes,No,Yes,Month-to-month,Yes,Bank transfer (automatic),43.89,2064.68,No
DHPG-4672,Female,0,Yes,Yes,34,Yes,Yes,DSL,Yes,No,No,No,Yes,No,One year,Yes,Bank transfer (automatic),64.11,2184.15,No
CRDD-3169,Female,0,No,No,61,Yes,Yes,No,No internet service,No internet service,No internet service,No internet service,No internet service,No internet service,Two year,Yes,Credit card (automatic),25.79,1562.35,No
CJAR-4835,Female,0,No,No,23,Yes,No,DSL,Yes,No,No,No,Yes,No,Two year,No,Electronic check,26.09,593.19,No
SIRX-2723,Female,0,Yes,No,69,Yes,No,Fiber optic,No,No,No,No,Yes,No,Two year,Yes,Credit card (automatic),58.37,4027.7,No
OXJT-8850,Male,0,Yes,No,2,Yes,No,DSL,No,Yes,No,No,No,No,Two year,No,Bank transfer (automatic),67.03,133.96,No
IYWI-7886,Female,0,No,No,5,Yes,No,No,No internet service,No internet service,No internet service,No internet service,No internet service,No internet service,Two year,Yes,Bank transfer (automatic),29.56,142.32,No
VBMW-0556,Male,0,Yes,No,35,Yes,No,No,No internet service,No internet service,No internet service,No internet service,No internet service,No internet service,One year,Yes,Electronic check,23.96,835.94,No
BLTB-3211,Female,0,Yes,No,52,Yes,No,Fiber optic,No,Yes,Yes,Yes,Yes,Yes,Two year,No,Electronic check,101.6,5283.13,No
CJLD-6363,Male,0,No,No,3,No,No phone service,Fiber optic,Yes,No,Yes,No,No,No,Two year,Yes,Electronic check,90.61,277.85,No
SHCO-7123,Male,0,No,No,9,Yes,No,DSL,No,Yes,No,No,No,No,Month-to-month,Yes,Credit card (automatic),70.32,632.76,Yes
CVIJ-7319,Male,0,Yes,No,48,Yes,Yes,DSL,No,No,Yes,No,No,No,Month-to-month,Yes,Mailed check,72.78,3492.05,No
ADPE-1232,Male,0,Yes,No,42,Yes,No,Fiber optic,No,Yes,Yes,No,No,No,Month-to-month,Yes,Electronic check,62.09,2600.32,Yes
XMKR-8507,Female,1,No,No,67,Yes,No,DSL,Yes,No,Yes,No,Yes,Yes,Two year,Yes,Electronic check,48.72,3266.58,No
JVDF-1057,Male,0,No,No,12,Yes,No,Fiber optic,No,Yes,No,No,Yes,No,Month-to-month,No,Electronic check,47.41,571.77,No
EXSF-0234,Female,0,Yes,Yes,42,No,No phone service,DSL,Yes,No,No,Yes,Yes,No,Month-to-month,Yes,Credit card (automatic),29.87,1244.66,No
CHEW-4702,Female,0,Yes,No,47,Yes,No,DSL,Yes,No,Yes,No,No,No,Month-to-month,No,Bank transfer (automatic),68.08,3201.51,No
SZJC-5854,Female,0,No,No,29,Yes,No,Fiber optic,No,Yes,No,No,Yes,Yes,Two year,No,Mailed check,55.96,1617.42,No
QBPK-0524,Female,1,No,Yes,42,Yes,Yes,Fiber optic,Yes,No,No,Yes,Yes,No,Month-to-month,No,Mailed check,78.67,3297.58,No
VUCR-1193,Male,1,Yes,No,30,Yes,Yes,DSL,No,No,Yes,No,Yes,Yes,Month-to-month,Yes,Bank transfer (automatic),25.6,772.41,Yes
TSXD-7217,Female,1,No,No,50,No,No phone service,Fiber optic,No,Yes,No,No,Yes,No,Month-to-month,Yes,Mailed check,84.1,4208.0,No
FOBW-9637,Male,0,Yes,No,37,Yes,Yes,No,No internet service,No internet service,No internet service,No internet service,No internet service,No internet service,Month-to-month,Yes,Electronic check,27.58,1017.24,No
OSPM-8428,Male,1,Yes,No,18,No,No phone service,DSL,No,No,No,No,No,No,Month-to-month,Yes,Mailed check,56.38,1013.08,No
NBRC-8924,Female,0,No,No,22,Yes,Yes,DSL,Yes,No,Yes,No,Yes,No,Month-to-month,Yes,Electronic check,37.19,815.83,No
IJFF-0187,Female,0,No,No,49,No,No phone service,DSL,No,Yes,No,No,No,No,Month-to-month,Yes,Electronic check,31.75,1554.18,Yes
REUF-3843,Male,0,No,No,45,Yes,Yes,DSL,No,Yes,Yes,No,No,No,Month-to-month,Yes,Electronic check,67.59,3035.36,No
IRKP-1293,Male,0,No,Yes,40,Yes,Yes,Fiber optic,No,No,No,Yes,No,Yes,Month-to-month,Yes,Mailed check,72.82,2914.76,Yes
LZIM-4127,Male,0,No,No,16,No,No phone service,Fiber optic,No,Yes,No,Yes,Yes,Yes,Month-to-month,No,Mailed check,90.64,1436.9,No
FEDT-7544,Female,0,No,No,51,Yes,Yes,Fiber optic,No,No,Yes,No,No,No,Month-to-month,Yes,Credit card (automatic),55.97,2864.27,Yes
VMKK-2604,Male,0,No,No,12,Yes,No,Fiber optic,Yes,Yes,Yes,No,Yes,Yes,One year,Yes,Mailed check,96.91,1158.84,No
FRRI-1208,Female,1,No,Yes,23,No,No phone service,DSL,No,No,Yes,No,Yes,No,Month-to-month,Yes,Bank transfer (automatic),63.92,1473.11,No
ATWR-7723,Male,0,No,Yes,29,Yes,Yes,Fiber optic,No,Yes,Yes,Yes,Yes,Yes,Two year,Yes,Mailed check,77.7,2248.22,No
KGUE-1534,Male,0,No,No,43,Yes,Yes,Fiber optic,No,Yes,No,Yes,Yes,No,Month-to-month,No,Bank transfer (automatic),88.37,3802.41,No
OKER-7016,Female,0,No,No,14,Yes,Yes,DSL,Yes,Yes,Yes,No,No,Yes,Two year,No,Bank transfer (automatic),27.56,382.24,No
WRAO-9005,Male,0,Yes,Yes,3,Yes,No,Fiber optic,No,Yes,No,No,No,Yes,One year,Yes,Electronic check,95.97,287.86,No
ZGPB-5387,Female,0,No,No,51,Yes,Yes,Fiber optic,Yes,No,No,Yes,No,No,Two year,Yes,Bank transfer (automatic),84.46,4306.96,Yes
XBKU-1274,Male,0,No,No,45,Yes,Yes,Fiber optic,Yes,Yes,Yes,No,No,Yes,Month-to-month,Yes,Electronic check,88.94,3995.6,No
TEHZ-6519,Female,0,Yes,No,58,Yes,No,No,No internet service,No internet service,No internet service,No internet service,No internet service,No internet service,Two year,Yes,Electronic check,29.41,1705.91,No
EJOM-8882,Female,0,Yes,No,45,No,No phone service,DSL,Yes,No,No,Yes,No,Yes,Month-to-month,Yes,Mailed check,34.71,1558.49,No
YIEF-6999,Female,0,Yes,Yes,31,Yes,No,Fiber optic,Yes,No,Yes,No,Yes,Yes,Two year,Yes,Bank transfer (automatic),66.94,2073.61,No
FUAT-7752,Male,0,Yes,No,20,Yes,Yes,DSL,No,No,Yes,No,Yes,No,One year,Yes,Credit card (automatic),73.57,1476.95,No
LOHW-8250,Female,0,Yes,Yes,28,Yes,No,DSL,Yes,Yes,Yes,Yes,Yes,No,Two year,Yes,Bank transfer (automatic),51.41,1444.21,No
LXBU-5382,Female,0,No,No,29,Yes,Yes,DSL,Yes,Yes,Yes,Yes,Yes,No,Month-to-month,No,Bank transfer (automatic),33.69,978.82,No
BSEQ-9308,Male,0,Yes,No,6,Yes,Yes,No,No internet service,No internet service,No internet service,No internet service,No internet service,No internet service,One year,No,Credit card (automatic),23.59,137.95,No
SBEA-9680,Female,0,Yes,No,41,Yes,No,Fiber optic,No,No,Yes,Yes,Yes,Yes,One year,No,Credit card (automatic),101.64,4166.82,No
LXXW-9361,Female,0,Yes,No,49,Yes,Yes,DSL,No,No,Yes,Yes,Yes,No,Month-to-month,Yes,Bank transfer (automatic),65.13,3196.24,No
VNLK-4470,Male,0,Yes,No,16,No,No phone service,Fiber optic,No,Yes,Yes,No,No,No,Month-to-month,No,Electronic check,99.54,1591.03,No
HDJF-5073,Male,1,Yes,Yes,17,Yes,Yes,DSL,Yes,No,No,No,No,No,One year,Yes,Bank transfer (automatic),43.68,746.4,No
YOWN-3089,Female,0,Yes,Yes,4,Yes,Yes,Fiber optic,No,Yes,Yes,Yes,Yes,No,One year,Yes,Mailed check,79.51,316.96,No
FFAE-3063,Male,0,No,No,60,Yes,No,Fiber optic,No,Yes,Yes,No,No,No,Month-to-month,No,Electronic check,89.15,5358.65,No
CBHE-9849,Male,0,Yes,No,38,Yes,No,DSL,No,No,No,No,No,Yes,Month-to-month,Yes,Electronic check,66.3,2515.96,Yes
LQNZ-4475,Female,0,No,No,67,Yes,No,DSL,Yes,No,No,No,Yes,Yes,Month-to-month,Yes,Mailed check,56.05,3757.86,Yes
OEHA-4242,Male,0,No,No,40,Yes,Yes,DSL,No,No,No,Yes,No,Yes,Two year,No,Mailed check,46.75,1868.39,No
ODYB-9037,Male,0,No,No,71,Yes,No,Fiber optic,No,No,Yes,No,No,Yes,Month-to-month,Yes,Electronic check,81.62,5799.7,No
EYJS-8018,Female,0,Yes,No,25,Yes,No,No,No internet service,No internet service,No internet service,No internet service,No internet service,No internet service,Month-to-month,Yes,Mailed check,27.92,700.45,No
NYZU-9389,Male,1,Yes,No,38,No,No phone service,DSL,No,Yes,Yes,Yes,No,No,One year,No,Electronic check,60.23,2290.2,No
BSOO-7014,Female,0,No,No,66,Yes,No,No,No internet service,No internet service,No internet service,No internet service,No internet service,No internet service,Month-to-month,Yes,Electronic check,20.61,1346.72,No
GJIS-3900,Female,0,No,Yes,43,Yes,No,Fiber optic,Yes,No,No,No,Yes,No,Month-to-month,No,Electronic check,51.13,2198.2,No
QTIH-3765,Male,0,Yes,No,63,Yes,No,Fiber optic,No,No,No,No,No,Yes,One year,Yes,Mailed check,70.62,4455.0,No
JROS-3677,Female,0,Yes,Yes,38,No,No phone service,DSL,Yes,Yes,No,Yes,Yes,No,Month-to-month,No,Electronic check,29.45,1129.7,No
DIHP-4218,Male,0,Yes,Yes,55,Yes,No,No,No internet service,No internet service,No internet service,No internet service,No internet service,No internet service,Two year,No,Credit card (automatic),27.55,1514.07,No
AWNG-0601,Female,0,Yes,Yes,12,Yes,No,No,No internet service,No internet service,No internet service,No internet service,No internet service,No internet service,One year,Yes,Bank transfer (automatic),19.33,228.4,No
IOXP-8834,Female,0,No,No,3,Yes,Yes,DSL,Yes,No,Yes,No,No,Yes,Two year,No,Mailed check,27.43,79.22,No
JGFO-8171,Male,0,No,No,27,Yes,No,No,No internet service,No internet service,No internet service,No internet service,No internet service,No internet service,Month-to-month,Yes,Electronic check,22.72,619.73,No
NRCT-5515,Male,1,No,Yes,2,Yes,Yes,Fiber optic,No,Yes,Yes,Yes,No,No,Month-to-month,No,Electronic check,54.15,114.74,Yes
PXPU-0751,Female,0,Yes,Yes,26,Yes,No,DSL,No,Yes,No,Yes,No,No,Two year,Yes,Electronic check,52.35,1365.36,No
WNPH-1055,Female,0,No,Yes,60,Yes,Yes,Fiber optic,No,Yes,Yes,Yes,No,No,Month-to-month,No,Mailed check,75.52,4527.52,No
HPWX-9941,Female,1,Yes,No,5,Yes,No,Fiber optic,Yes,Yes,Yes,No,No,Yes,Month-to-month,No,Credit card (automatic),105.05,518.69,No
URIU-0894,Male,0,No,No,47,Yes,No,Fiber optic,No,No,No,No,No,Yes,Two year,No,Credit card (automatic),68.29,3210.26,No
QIYZ-9859,Male,0,Yes,Yes,55,Yes,No,No,No internet service,No internet service,No internet service,No internet service,No internet service,No internet service,Month-to-month,Yes,Electronic check,25.64,1414.28,No
ZBMW-1339,Male,0,No,No,28,Yes,Yes,Fiber optic,Yes,No,Yes,No,No,Yes,One year,Yes,Electronic check,109.33,3057.09,No
WVKM-9650,Female,0,No,Yes,71,Yes,No,No,No internet service,No internet service,No internet service,No internet service,No internet service,No internet service,Month-to-month,Yes,Mailed check,20.97,1492.32,No
KDNC-6636,Male,1,Yes,No,72,Yes,No,Fiber optic,Yes,Yes,No,Yes,Yes,No,Month-to-month,Yes,Credit card (automatic),57.74,4172.79,Yes
TYSZ-1482,Male,1,No,Yes,30,Yes,No,Fiber optic,No,No,No,Yes,Yes,Yes,Two year,Yes,Mailed check,108.74,3262.06,Yes
QYUR-5282,Male,0,No,No,64,Yes,No,No,No internet service,No internet service,No internet service,No internet service,No internet service,No internet service,One year,No,Electronic check,24.39,1557.11,No
BSFC-8881,Female,0,Yes,No,70,Yes,Yes,Fiber optic,No,Yes,No,Yes,No,No,Two year,Yes,Mailed check,90.74,6351.72,No
GBAE-7265,Male,1,No,No,8,Yes,Yes,Fiber optic,Yes,Yes,Yes,Yes,No,No,Month-to-month,No,Mailed check,77.48,625.42,No
